Applicant_ID,Name,Gender,Age,Phone,Email,Employee_or_Student,Education_Level,Field_of_Study,CGPA_or_Percentage,Institution_Type,Family_Income_INR,Income_Certificate_ID,Family_Permanent_Govt_Employment,Sector_Preferences,Internship_Mode,Past_Participation,Previous_Internship_Sector,Social_Category,Skills,Aadhar_Number,Willingness_to_Relocate,Disability_Status,Preferred_Industry_Type,Preferred_Company_Size,Location_Preference,Application_Date
1001,Isha Mehta,Female,23,+917276804025,isha.mehta204@rediffmail.com,No,Diploma,Design,7.25,Private,66814,TS-2023-63193008,No,IT; Finance; Logistics,Remote,No,,SC,adobe xd; audit; figma; inventory; procurement; sql; ui principles; warehouse ops,679883481367,No,No,PSU,Large,Madhya Pradesh / Indore,13-06-2025
1002,Mansi Tiwari,Female,24,+918965687203,mansi.tiwari217@proton.me,No,Graduation,Law,7.5,Tier-3,734079,KA-2025-11757453,No,Finance; Manufacturing; IT; Automotive,Remote,Yes,Software,OBC,accounting; cad; javascript; problem solving; quality checks; tally; teamwork; vehicle diagnostics,877321077975,Yes,No,Startup,Large,Uttar Pradesh / Kanpur,23-12-2024
1003,Vijay Iyer,Male,21,+918413982250,vijay.iyer@gmail.com,No,Graduation,Design,58%,Private,636510,PB-2023-28425723,No,Software; Finance; Logistics; Automotive,Remote,Yes,Automotive,SC,accounting; adobe xd; algorithms; communication; quality checks; supply chain; vehicle diagnostics; writing,980262195478,Yes,No,PSU,Large,Telangana / Warangal,17-04-2025
1004,Uday Verma,Male,21,+916438214422,uday.verma@hotmail.com,No,Graduation,Design,8.26,Private,75474,UP-2022-98142403,No,Finance; Electrical; Railway,In-person,No,,OBC,adobe xd; embedded; financial modeling; signal systems; ui principles,570558190156,Yes,No,PSU,Large,Delhi / New Delhi,27-07-2025
1005,Hemant Kulkarni,Male,23,+918272362370,hemant.kulkarni@proton.me,No,Graduation,Arts,7.53,Govt.,425962,MH-2022-83187696,No,Logistics; Electrical; Manufacturing; Healthcare,Remote,No,,OBC,content writing; inventory; quality control; record keeping; research,852906803191,Yes,No,Corporate,Large,Maharashtra / Mumbai,21-10-2024
1006,Pihu Saxena,Female,22,+916851138788,pihu.saxena256@rediffmail.com,No,12th,Design,76%,Rural college,222060,MP-2023-89880739,No,Telecom; Education; Electrical; Healthcare,Hybrid,Yes,IT,SC,adobe xd; embedded; figma; lab techniques; soldering; time management; troubleshooting,138926395919,Yes,No,Startup,Small,Karnataka / Mangaluru,23-04-2025
1007,Balaji Chaudhary,Male,24,+916352709577,balaji.chaudhary@outlook.com,No,ITI,Education,89%,Private,190679,HR-2024-56365163,No,E-commerce; Telecom,Remote,No,,SC,customer support; networking; order management; problem solving; teamwork; troubleshooting; writing,497105638762,Yes,No,PSU,Small,Delhi / New Delhi,22-07-2025
1008,Aditi Tiwari,Female,24,+917733168887,aditi.tiwari824@rediffmail.com,No,Diploma,Engineering,57%,Private,547213,HR-2024-98675858,No,Finance; Electrical; Education,Hybrid,Yes,E-commerce,OBC,audit; content creation; embedded; excel; financial modeling; soldering; teamwork,801312434083,No,No,PSU,Large,Telangana / Warangal,16-09-2024
1009,Prerna Jain,Female,24,+919577842436,prerna.jain@rediffmail.com,No,12th,Management,89%,Private,473160,OD-2022-04812343,No,Electrical; Railway; Telecom,Hybrid,No,,SC,circuit analysis; communication; documentation; networking; troubleshooting,101165267167,Yes,No,MSME,Medium,Karnataka / Mangaluru,26-09-2024
1010,Roshni Shetty,Female,24,+919915826368,roshni.shetty@proton.me,No,Graduation,Law,8.31,Govt.,738998,KA-2024-04443841,No,Logistics; Automotive; Electrical; Telecom,Hybrid,No,,OBC,case analysis; fiber splicing; inventory; presentation; warehouse ops,756343432258,Yes,No,MSME,Small,Delhi / New Delhi,21-05-2025
1011,Trisha Pillai,Female,24,+919402426353,trisha.pillai@proton.me,No,ITI,Management,6.26,Govt.,261939,KL-2024-15712479,No,Electrical; Manufacturing; Education; Telecom,Remote,Yes,IT,PwD,cad; embedded; fiber splicing; presentation; six sigma,967102439281,Yes,Yes,Corporate,Small,Rajasthan / Jodhpur,30-08-2025
1012,Yash Chopra,Male,23,+916917672544,yash.chopra@hotmail.com,No,ITI,Agriculture,9.8,Govt.,277881,MH-2023-20251464,No,Electrical; Telecom,In-person,No,,PwD,fiber splicing; pcb design; presentation; rf planning; supply chain; time management,121075894434,Yes,Yes,Corporate,Medium,Karnataka / Mangaluru,03-10-2024
1013,Yashika Chaudhary,Female,23,+916098599620,yashika.chaudhary@hotmail.com,No,Diploma,Management,61%,Rural college,517058,PB-2025-94431144,No,Logistics; IT; Finance,Remote,Yes,Healthcare,SC,operations; procurement; routing; warehouse ops,413767259461,No,No,MSME,Large,Tamil Nadu / Coimbatore,22-06-2025
1014,Rajat Gupta,Male,22,+916418475289,rajat.gupta565@yahoo.com,No,ITI,Agriculture,9.4,Tier-3,349666,BR-2025-37207856,No,Finance; Logistics,In-person,Yes,E-commerce,OBC,inventory; routing; soil testing; warehouse ops; writing,077836894055,No,No,Corporate,Small,Uttar Pradesh / Noida,20-09-2024
1015,Manisha Malhotra,Female,22,+916493668883,manisha.malhotra736@hotmail.com,No,Graduation,Engineering,65%,Private,361338,MH-2023-74068469,No,IT; Electrical; Software,Remote,Yes,E-commerce,OBC,autocad; css; javascript; problem solving; time management,629142208961,Yes,No,Startup,Large,Gujarat / Vadodara,18-04-2025
1016,Rupali Malhotra,Female,23,+917981332608,rupali.malhotra9@proton.me,No,Graduation,Engineering,81%,Tier-2,360096,PB-2023-63666768,No,Automotive; Telecom,Remote,No,,SC,cad; networking; project management; quality checks; rf planning,115959828487,Yes,No,PSU,Medium,Karnataka / Bengaluru,06-01-2025
1017,Urvi Shetty,Female,24,+918032137236,urvi.shetty692@yahoo.com,No,Diploma,Agriculture,85%,Private,699717,WB-2023-66476100,No,Manufacturing; Education,Hybrid,Yes,Telecom,OBC,classroom management; cnc; field work; lesson planning; six sigma; teaching; time management; writing,490349806593,Yes,No,MSME,Small,Bihar / Gaya,29-10-2024
1018,Ishani Bhat,Female,21,+916721507228,ishani.bhat152@proton.me,No,10th,Commerce,84%,Private,242973,HR-2022-60072310,No,Logistics; Manufacturing; Automotive,In-person,No,,OBC,accounting; assembly; inventory; market research; quality checks; routing; teamwork; vehicle diagnostics,984174831165,No,No,Corporate,Large,Uttar Pradesh / Noida,03-05-2025
1019,Pallavi Patel,Female,21,+917484837332,pallavi.patel@rediffmail.com,No,Graduation,Arts,5.43,Private,450748,BR-2023-55531367,No,IT; Electrical; E-commerce; Automotive,Remote,No,,ST,css; customer support; pcb design; quality checks; react,588986609821,No,No,Startup,Medium,West Bengal / Kolkata,14-12-2024
1020,Aparna Shetty,Female,24,+916160724337,aparna.shetty@proton.me,No,Diploma,Engineering,8.77,Govt.,145544,PB-2024-44642531,No,E-commerce; Finance; Logistics; Electrical,Remote,No,,OBC,circuit analysis; customer support; excel; financial modeling; soldering; warehouse ops,307137588080,Yes,Yes,PSU,Medium,Rajasthan / Udaipur,03-07-2025
1021,Bhavesh Mishra,Male,23,+916491946341,bhavesh.mishra@hotmail.com,No,Diploma,Pharmacy,71%,Private,236299,TN-2022-51593788,No,Healthcare; Electrical,Remote,No,,OBC,circuit analysis; communication; patient care; power systems; record keeping; teamwork; writing,467530403269,Yes,No,Corporate,Medium,Rajasthan / Jodhpur,04-10-2024
1022,Aman Bhat,Male,22,+918659488906,aman.bhat725@hotmail.com,No,Graduation,Design,5.79,Private,356635,GJ-2025-43576006,No,Telecom; Automotive; E-commerce,Hybrid,Yes,Manufacturing,SC,cad; communication; networking; order management; problem solving; teamwork; troubleshooting,868765643312,No,No,Corporate,Small,Delhi / New Delhi,01-12-2024
1023,Balaji Patel,Male,21,+918865116697,balaji.patel374@rediffmail.com,No,Graduation,Management,78%,Private,310786,MP-2024-97916547,No,Logistics; Telecom; Railway,Hybrid,No,,OBC,documentation; inventory; problem solving; reporting; teamwork; time management; troubleshooting,729149243005,Yes,No,PSU,Medium,Delhi / New Delhi,23-02-2025
1024,Tanisha Bhat,Female,23,+917128617400,tanisha.bhat856@yahoo.com,No,Diploma,Agriculture,5.56,Private,375779,KL-2022-04741950,No,Education; Healthcare; Electrical; Railway,Remote,No,,OBC,circuit analysis; lesson planning; power systems; presentation,595346920737,No,No,Startup,Small,Maharashtra / Pune,19-06-2025
1025,Chirag Iyer,Male,24,+919680742010,chirag.iyer@proton.me,No,ITI,Design,5.18,Private,360009,UP-2024-80627444,No,Healthcare; Finance; Automotive,Remote,No,,ST,assembly; cad; financial modeling; first aid; patient care; record keeping; tally,132471447964,No,No,PSU,Small,Madhya Pradesh / Gwalior,08-04-2025
1026,Zubair Shetty,Male,22,+916167007335,zubair.shetty@rediffmail.com,No,ITI,Law,8.82,Private,615178,GJ-2024-36217435,No,Telecom; Finance; Education,Hybrid,Yes,Telecom,ST,audit; communication; networking; troubleshooting,899675221771,Yes,No,MSME,Small,Delhi / New Delhi,12-01-2025
1027,Isha Yadav,Female,23,+919856039757,isha.yadav@gmail.com,No,12th,Law,78%,Private,602491,BR-2024-18557158,No,Logistics; Healthcare,Remote,Yes,Education,OBC,communication; lab techniques; ms excel; presentation; warehouse ops; writing,355191676858,Yes,No,PSU,Large,Haryana / Faridabad,12-08-2025
1028,Aman Mishra,Male,21,+919856328446,aman.mishra426@hotmail.com,No,Diploma,Law,70%,Tier-3,394827,DL-2024-91353422,No,Electrical; Railway,Hybrid,No,,SC,drafting; embedded; legal research; maintenance; operations; power systems; safety; soldering,403425025862,Yes,No,PSU,Medium,Tamil Nadu / Coimbatore,19-03-2025
1029,Ayesha Verma,Female,24,+916515057296,ayesha.verma999@gmail.com,No,ITI,Law,73%,Tier-2,268727,RJ-2025-50134465,No,Software; Healthcare; Railway; Electrical,In-person,No,,OBC,algorithms; case analysis; drafting; embedded; first aid; oop; problem solving; teamwork,957760497757,Yes,No,MSME,Large,Madhya Pradesh / Gwalior,27-07-2025
1030,Hina Reddy,Female,22,+916571444256,hina.reddy@rediffmail.com,No,Graduation,Commerce,7.8,Rural college,561608,HR-2025-31933776,No,E-commerce; Finance; Education,Hybrid,Yes,Finance,ST,content creation; financial modeling; gst; lesson planning; presentation; teamwork,597255833710,No,No,PSU,Medium,Odisha / Cuttack,14-08-2025
1031,Vishal Nair,Male,22,+918961652656,vishal.nair424@outlook.com,No,Graduation,Arts,58%,Govt.,637086,OD-2023-49841936,No,Automotive; E-commerce,Remote,No,,SC,cad; cataloging; content writing; customer support; quality checks; research; teamwork,805192954984,Yes,No,PSU,Medium,Tamil Nadu / Madurai,05-05-2025
1032,Tanisha Iyer,Female,21,+918757188850,tanisha.iyer@yahoo.com,No,Graduation,Management,6.24,Private,306961,DL-2025-79370660,No,Electrical; Healthcare; Railway,In-person,No,,SC,embedded; maintenance; pcb design; record keeping; soldering; teamwork,176454562278,Yes,No,Corporate,Large,Punjab / Ludhiana,22-10-2024
1033,Pooja Verma,Female,22,+917184674840,pooja.verma426@hotmail.com,No,Diploma,Design,9.03,Private,475182,DL-2024-87503099,No,IT; Electrical; Railway,Remote,Yes,Software,OBC,communication; maintenance; problem solving; signal systems; teamwork; ui principles; writing,181931987947,Yes,No,Corporate,Small,Delhi / New Delhi,09-03-2025
1034,Ravi Srivastava,Male,21,+916847802105,ravi.srivastava@gmail.com,No,12th,Engineering,6.17,Private,119185,GJ-2023-52873563,No,Automotive; Logistics,Remote,Yes,IT,OBC,autocad; matlab; supply chain; time management; warehouse ops,967341374837,No,No,PSU,Large,Telangana / Warangal,25-06-2025
1035,Kiran Das,Female,23,+917304358036,kiran.das75@yahoo.com,No,Graduation,Agriculture,85%,Private,279036,HR-2024-39217779,No,Telecom; Education; Railway; Automotive,In-person,No,,OBC,field work; lesson planning; networking; problem solving; quality checks; rf planning,094893452129,Yes,No,Corporate,Medium,Tamil Nadu / Chennai,28-02-2025
1036,Ashish Kapoor,Male,22,+919593747747,ashish.kapoor144@rediffmail.com,No,Diploma,Commerce,84%,Rural college,121585,KA-2022-80800160,No,Education; Logistics,In-person,Yes,Telecom,OBC,accounting; content creation; market research; problem solving; routing; teaching; time management; warehouse ops,908689101158,Yes,Yes,Corporate,Small,West Bengal / Siliguri,06-05-2025
1037,Raina Das,Female,23,+916687035001,raina.das@hotmail.com,No,Diploma,Law,56%,Tier-3,104618,TS-2023-28840098,No,IT; Healthcare; Software; Telecom,Hybrid,No,,OBC,first aid; lab techniques; oop; react,653776073020,No,No,Corporate,Medium,Maharashtra / Nagpur,30-01-2025
1038,Poonam Ghosh,Female,22,+918531537220,poonam.ghosh390@rediffmail.com,No,Graduation,Commerce,70%,Private,155966,DL-2022-94710455,No,Manufacturing; Software,In-person,No,,OBC,api design; cnc; data structures; oop; six sigma; supply chain; writing,122112273974,No,No,Corporate,Small,Tamil Nadu / Coimbatore,16-09-2024
1039,Vaishnavi Kapoor,Female,24,+918448653664,vaishnavi.kapoor408@outlook.com,No,12th,Education,7.88,Private,454322,HR-2024-83155565,No,Telecom; Education; Finance,Hybrid,No,,SC,communication; fiber splicing; financial modeling; gst; networking; tally; troubleshooting,434555984097,No,No,PSU,Small,Haryana / Gurugram,15-08-2025
1040,Pallavi Bhat,Female,21,+919937102756,pallavi.bhat384@hotmail.com,No,Diploma,Education,82%,Govt.,85755,TN-2025-14919134,No,Finance; Software; Telecom; Manufacturing,In-person,No,,OBC,algorithms; cam; docker; quality control,975534476163,No,No,MSME,Medium,Rajasthan / Udaipur,31-03-2025
1041,Vikram Nair,Male,23,+916575311649,vikram.nair398@proton.me,No,ITI,Arts,9.23,Private,766309,UP-2024-95632131,No,E-commerce; Healthcare; Telecom,Remote,Yes,E-commerce,PwD,customer support; design basics; marketplace ops; record keeping; rf planning,186894135644,No,Yes,Corporate,Medium,Tamil Nadu / Chennai,29-06-2025
1042,Vijay Das,Male,23,+916251477511,vijay.das@outlook.com,No,Diploma,Engineering,78%,Private,505807,BR-2022-76280280,No,Education; Telecom,Hybrid,No,,OBC,assessment; communication; content creation; fiber splicing; lesson planning; rf planning; teaching,555192595981,No,No,Corporate,Small,Gujarat / Vadodara,16-11-2024
1043,Nidhi Das,Female,22,+918876452446,nidhi.das@gmail.com,No,ITI,Science,73%,Private,571751,MP-2024-58809668,No,Railway; Education; Telecom; Automotive,In-person,Yes,Finance,OBC,assessment; classroom management; lesson planning; problem solving; supply chain; teaching; troubleshooting; writing,680914949983,No,No,Startup,Small,Madhya Pradesh / Bhopal,19-01-2025
1044,Jagdish Saxena,Male,22,+916336267041,jagdish.saxena697@hotmail.com,No,10th,Law,77%,Private,560905,BR-2022-20813238,No,Automotive; Telecom,Remote,No,,SC,drafting; legal research; problem solving; quality checks; rf planning; time management; vehicle diagnostics,428117347262,No,No,Startup,Large,Maharashtra / Nagpur,14-02-2025
1045,Yuvraj Bose,Male,22,+919208941455,yuvraj.bose@outlook.com,No,Graduation,Commerce,9.19,Private,632896,MP-2023-79700200,No,Logistics; Electrical; Telecom,Hybrid,No,,OBC,communication; excel; inventory; ms excel; networking; routing; time management; writing,913576634922,No,No,PSU,Medium,Rajasthan / Jodhpur,11-10-2024
1046,Venkatesh Shetty,Male,22,+916010435823,venkatesh.shetty@outlook.com,No,Graduation,Arts,51%,Private,510179,KA-2024-52964508,No,Healthcare; Electrical; Manufacturing,Hybrid,No,,SC,biostatistics; cad; design basics; presentation,391908762293,No,No,Startup,Small,Uttar Pradesh / Kanpur,09-10-2024
1047,Azeem Verma,Male,24,+916887304327,azeem.verma@yahoo.com,No,Diploma,Agriculture,62%,Private,633108,MP-2023-19056603,No,Railway; Electrical; Manufacturing; Education,In-person,Yes,Telecom,OBC,cad; cam; content creation; maintenance; power systems; six sigma,847556350612,No,No,Corporate,Large,Bihar / Gaya,22-02-2025
1048,Anirudh Gupta,Male,22,+917751144592,anirudh.gupta272@gmail.com,No,10th,Education,8.52,Private,285465,UP-2024-17930281,No,Logistics; Telecom; Education,Remote,Yes,Manufacturing,SC,communication; fiber splicing; lesson planning; procurement; rf planning,528009419830,Yes,No,MSME,Large,Telangana / Warangal,25-05-2025
1049,Mohan Mishra,Male,22,+918212806224,mohan.mishra@gmail.com,No,10th,Pharmacy,6.0,Tier-3,611356,OD-2023-68797354,No,Logistics; Software; Railway; Electrical,Remote,Yes,Education,SC,api design; ms excel; pharmacology; power systems; soldering; teamwork,521225777959,Yes,No,MSME,Small,Delhi / New Delhi,05-09-2025
1050,Shubham Sharma,Male,23,+917519843402,shubham.sharma540@hotmail.com,No,10th,Agriculture,5.65,Private,399307,PB-2022-05978893,No,E-commerce; Manufacturing; Software,Remote,Yes,Manufacturing,SC,cnc; field work; lean; quality control; six sigma; soil testing; teamwork,251361799399,Yes,No,Startup,Large,Delhi / New Delhi,25-05-2025
1051,Zubair Gupta,Male,22,+918918076842,zubair.gupta70@outlook.com,No,12th,Arts,53%,Private,500038,PB-2023-84351486,No,Healthcare; Finance,Remote,No,,OBC,biostatistics; design basics; lab techniques; presentation,109939874664,Yes,No,Startup,Small,Delhi / New Delhi,04-09-2025
1052,Vasudha Mukherjee,Female,23,+918203540008,vasudha.mukherjee@hotmail.com,No,12th,Engineering,8.19,Rural college,556574,RJ-2022-33460518,No,Finance; IT,Remote,No,,ST,css; teamwork; testing; writing,068472035969,Yes,No,MSME,Medium,Gujarat / Ahmedabad,03-04-2025
1053,Tanisha Verma,Female,22,+916949121006,tanisha.verma843@rediffmail.com,No,12th,Agriculture,9.55,Tier-3,130267,KL-2022-33324876,No,Manufacturing; Railway; Healthcare,Remote,No,,SC,cnc; lab techniques; lean; operations; patient care; presentation; safety; writing,654146643860,Yes,No,Startup,Medium,Maharashtra / Pune,15-02-2025
1054,Ritesh Malhotra,Male,21,+917194824612,ritesh.malhotra@rediffmail.com,No,Diploma,Design,53%,Private,226694,BR-2022-35188018,No,Education; IT,In-person,No,,PwD,adobe xd; communication; lesson planning; linux; problem solving; react,244945382800,Yes,Yes,MSME,Small,Madhya Pradesh / Indore,25-08-2025
1055,Dinesh Mishra,Male,21,+916411826977,dinesh.mishra917@hotmail.com,No,Graduation,Management,7.33,Private,713898,PB-2025-50998552,No,Finance; Manufacturing,Remote,Yes,Automotive,SC,audit; cnc; excel; financial modeling; presentation; six sigma,667692430751,No,No,MSME,Large,Uttar Pradesh / Kanpur,14-05-2025
1056,Mitali Yadav,Female,23,+917881012871,mitali.yadav@outlook.com,No,Graduation,Medicine,8.72,Private,407411,OD-2024-22848590,No,Logistics; Manufacturing,Hybrid,No,,OBC,communication; inventory; presentation; quality control; routing,181039304275,Yes,No,PSU,Small,Rajasthan / Udaipur,03-08-2025
1057,Parth Tripathi,Male,24,+919057987500,parth.tripathi@yahoo.com,No,Graduation,Law,5.51,Private,380984,KA-2023-00945546,No,Finance; Software; Education,Remote,No,,OBC,accounting; classroom management; lesson planning; presentation; time management,136082509660,No,Yes,Corporate,Medium,Telangana / Hyderabad,20-06-2025
1058,Punit Reddy,Male,22,+916366261817,punit.reddy117@gmail.com,No,Diploma,Agriculture,6.31,Private,271469,PB-2024-72042930,No,Manufacturing; E-commerce,In-person,Yes,Healthcare,SC,cad; lean; marketplace ops; order management; six sigma; time management,010283707086,Yes,No,Startup,Medium,Rajasthan / Udaipur,30-10-2024
1059,Aakash Iyer,Male,21,+919448644811,aakash.iyer@yahoo.com,No,12th,Agriculture,7.84,Private,701018,OD-2025-76887844,No,Finance; IT; Manufacturing,Remote,Yes,E-commerce,SC,cam; linux; python; six sigma; testing; writing,474661886095,Yes,No,Corporate,Small,Karnataka / Mysuru,24-02-2025
1060,Sunil Verma,Male,22,+919424848414,sunil.verma@gmail.com,No,ITI,Engineering,50%,Tier-2,693553,RJ-2024-85643888,No,E-commerce; Telecom; Finance; Software,In-person,Yes,Education,SC,algorithms; audit; fiber splicing; networking; oop; rf planning,848742118281,Yes,No,Corporate,Small,Odisha / Bhubaneswar,01-05-2025
1061,Shubham Tripathi,Male,22,+919075459796,shubham.tripathi835@yahoo.com,No,12th,Education,70%,Private,463348,UP-2025-99729941,No,Telecom; Logistics; Electrical; Automotive,Hybrid,No,,OBC,communication; embedded; ms excel; pcb design; supply chain; teaching; teamwork; vehicle diagnostics,563134564782,No,No,PSU,Large,Karnataka / Bengaluru,27-03-2025
1062,Jagdish Verma,Male,22,+918712286270,jagdish.verma@gmail.com,No,Diploma,Education,64%,Private,648534,PB-2025-27726939,No,Logistics; IT; Automotive,In-person,Yes,Telecom,SC,html; quality checks; react; routing; teamwork; testing,792161153451,Yes,No,Startup,Small,West Bengal / Siliguri,11-09-2025
1063,Aaradhya Reddy,Female,23,+916768375075,aaradhya.reddy@proton.me,No,10th,Design,7.72,Private,426375,MP-2023-86329645,No,IT; Manufacturing; Software; Finance,Remote,No,,OBC,adobe xd; cnc; gst; java; problem solving; writing,983840815919,Yes,No,PSU,Large,Karnataka / Bengaluru,22-08-2025
1064,Radhika Malhotra,Female,24,+916288748060,radhika.malhotra@gmail.com,No,10th,Engineering,6.26,Govt.,298703,DL-2024-44433107,No,E-commerce; IT; Manufacturing; Software,Hybrid,Yes,Finance,OBC,api design; cam; data structures; java; project management; python; sql,778262898690,No,No,MSME,Small,Maharashtra / Mumbai,03-07-2025
1065,Uma Mukherjee,Female,21,+918277298116,uma.mukherjee118@yahoo.com,No,Graduation,Agriculture,85%,Private,636365,DL-2022-20074316,No,E-commerce; Manufacturing; Education,Remote,No,,OBC,assessment; classroom management; cnc; lean; lesson planning; order management; six sigma; time management,377623634474,Yes,No,PSU,Medium,Bihar / Patna,15-06-2025
1066,Uday Saxena,Male,21,+916886857202,uday.saxena@proton.me,No,Diploma,Commerce,6.12,Tier-2,365134,KA-2023-45356886,No,Healthcare; Finance; Telecom; E-commerce,In-person,No,,SC,audit; biostatistics; fiber splicing; order management; time management; troubleshooting,226573980619,No,No,Startup,Large,Gujarat / Vadodara,18-06-2025
1067,Hina Bhat,Female,24,+918580292483,hina.bhat@proton.me,No,10th,Commerce,6.15,Private,354450,PB-2023-11686431,No,Finance; Education; E-commerce,Remote,No,,SC,assessment; classroom management; communication; problem solving; tally; teamwork; time management; writing,219550762049,No,No,MSME,Small,Bihar / Gaya,17-07-2025
1068,Piyush Kapoor,Male,22,+918169503105,piyush.kapoor@rediffmail.com,No,ITI,Commerce,61%,Private,704610,MP-2022-85706950,No,Automotive; Railway; Logistics; Telecom,Remote,Yes,E-commerce,OBC,networking; operations; routing; teamwork; time management; troubleshooting; vehicle diagnostics,014282841775,Yes,No,PSU,Medium,Madhya Pradesh / Indore,31-08-2025
1069,Manisha Yadav,Female,21,+917452556932,manisha.yadav@proton.me,No,Diploma,Law,80%,Private,381549,DL-2024-73181279,No,Logistics; Railway,Hybrid,No,,OBC,case analysis; documentation; legal research; routing,846023679462,No,No,PSU,Small,Madhya Pradesh / Bhopal,25-04-2025
1070,Hemant Srivastava,Male,23,+917055210201,hemant.srivastava@hotmail.com,No,ITI,Pharmacy,6.0,Govt.,797801,TN-2022-95755382,No,Railway; E-commerce; IT,Remote,No,,SC,customer support; java; linux; presentation; problem solving; teamwork,856957794450,Yes,No,PSU,Medium,Madhya Pradesh / Indore,25-08-2025
1071,Simran Mishra,Female,23,+916722373513,simran.mishra588@outlook.com,No,12th,Education,62%,Private,269365,OD-2023-78222611,No,Automotive; Telecom,In-person,Yes,E-commerce,OBC,cad; problem solving; teaching; troubleshooting; vehicle diagnostics; writing,225074553619,No,No,Corporate,Medium,Punjab / Chandigarh,19-09-2024
1072,Hina Kulkarni,Female,21,+918381229314,hina.kulkarni@outlook.com,No,ITI,Pharmacy,5.9,Govt.,663867,WB-2023-87858187,No,Healthcare; Railway,In-person,No,,SC,communication; documentation; patient care; pharmacology; problem solving; qc; teamwork,084643359201,No,No,MSME,Large,Rajasthan / Jodhpur,11-08-2025
1073,Pavitra Yadav,Female,23,+919740649869,pavitra.yadav@proton.me,No,Diploma,Arts,6.72,Private,744733,WB-2024-76387975,No,Healthcare; Telecom; IT,Remote,Yes,Finance,OBC,content writing; css; linux; presentation; python,075916093274,Yes,No,MSME,Small,Maharashtra / Nagpur,14-03-2025
1074,Tanya Malhotra,Female,24,+919952496156,tanya.malhotra@proton.me,No,ITI,Education,69%,Tier-3,565048,RJ-2023-84323088,No,Finance; Logistics; IT,In-person,No,,SC,accounting; git; java; problem solving; python; teamwork,184276820657,No,No,Startup,Medium,Madhya Pradesh / Gwalior,12-06-2025
1075,Manisha Nair,Female,21,+917114474319,manisha.nair996@gmail.com,No,12th,Commerce,50%,Private,218003,BR-2022-43379473,No,IT; Electrical,Hybrid,Yes,Telecom,ST,accounting; css; html; pcb design; presentation; writing,291706239917,No,No,PSU,Medium,Kerala / Kozhikode,12-02-2025
1076,Reyansh Malhotra,Male,22,+916240753295,reyansh.malhotra@rediffmail.com,No,Diploma,Law,65%,Govt.,155841,TN-2024-99606771,No,Logistics; Automotive; Software,Hybrid,No,,ST,api design; case analysis; drafting; problem solving; procurement; warehouse ops,554553485815,Yes,No,Startup,Large,West Bengal / Siliguri,13-09-2024
1077,Sonali Agarwal,Female,22,+916636309816,sonali.agarwal@yahoo.com,No,Diploma,Law,6.61,Govt.,750897,UP-2022-09101106,No,Finance; Logistics; E-commerce; Electrical,Remote,Yes,Healthcare,SC,audit; case analysis; marketplace ops; problem solving; teamwork; warehouse ops; writing,378870657802,Yes,No,PSU,Large,Delhi / New Delhi,19-12-2024
1078,Hemant Das,Male,22,+919775674175,hemant.das@rediffmail.com,No,12th,Agriculture,6.76,Private,400424,HR-2024-46832535,No,Software; Finance; Automotive,Hybrid,Yes,IT,SC,accounting; communication; data structures; excel; field work; writing,798955504128,Yes,No,Startup,Medium,Karnataka / Mangaluru,05-04-2025
1079,Radhika Mehta,Female,21,+918718659537,radhika.mehta@gmail.com,No,Graduation,Law,9.09,Private,186395,TS-2023-78966053,No,Software; Logistics,In-person,Yes,Software,SC,inventory; ms excel; problem solving; procurement,134752346741,Yes,No,MSME,Large,Rajasthan / Jodhpur,08-06-2025
1080,Ishaan Singh,Male,24,+918651431367,ishaan.singh359@proton.me,No,Graduation,Management,78%,Govt.,304831,BR-2023-61707261,No,IT; Software; Manufacturing,Remote,No,,OBC,api design; git; lean; oop; unit testing,395202624906,No,No,Startup,Small,Maharashtra / Pune,11-08-2025
1081,Farhan Bose,Male,21,+918450195709,farhan.bose502@hotmail.com,No,Graduation,Engineering,6.76,Private,307678,KA-2024-86888052,No,Railway; Automotive; Healthcare,Remote,No,,SC,communication; lab techniques; matlab; problem solving; signal systems,935215883751,No,No,MSME,Large,Odisha / Bhubaneswar,22-02-2025
1082,Mayank Tripathi,Male,21,+917387784449,mayank.tripathi@rediffmail.com,No,12th,Medicine,5.92,Tier-2,701709,BR-2024-66520071,No,Finance; Automotive; Software; Healthcare,Hybrid,No,,SC,accounting; financial modeling; supply chain; vehicle diagnostics,247970998434,Yes,No,Corporate,Small,Rajasthan / Jodhpur,26-03-2025
1083,Lavanya Joshi,Female,21,+916480953755,lavanya.joshi@gmail.com,No,12th,Management,6.52,Tier-2,543757,DL-2023-46051847,No,E-commerce; Logistics,Remote,No,,OBC,customer support; marketplace ops; ms excel; operations; procurement; reporting; teamwork; time management,711435375933,No,No,Startup,Large,Bihar / Patna,05-12-2024
1084,Sanya Jain,Female,21,+919379218907,sanya.jain510@hotmail.com,No,Diploma,Engineering,81%,Private,677466,TN-2025-44608268,No,Healthcare; Telecom,Remote,Yes,Manufacturing,SC,biostatistics; communication; matlab; problem solving; time management; troubleshooting,126655973073,No,No,PSU,Medium,Bihar / Patna,09-02-2025
1085,Rohan Pillai,Male,23,+918556617694,rohan.pillai@rediffmail.com,No,12th,Agriculture,66%,Private,713518,GJ-2024-96474882,No,IT; Manufacturing,Remote,No,,SC,cad; cam; git; lean; linux; problem solving; six sigma; writing,662035713359,No,No,MSME,Medium,Bihar / Gaya,23-08-2025
1086,Jitesh Chopra,Male,21,+917468537478,jitesh.chopra743@rediffmail.com,No,ITI,Design,7.89,Private,430771,TS-2022-92096853,No,Electrical; Software,In-person,Yes,Healthcare,OBC,algorithms; data structures; docker; oop; teamwork; time management; writing,779404519757,Yes,No,PSU,Large,Madhya Pradesh / Indore,27-12-2024
1087,Rupali Agarwal,Female,21,+916308838177,rupali.agarwal777@outlook.com,No,Diploma,Medicine,5.96,Private,394652,KL-2025-62119515,No,Electrical; Healthcare; Telecom,In-person,Yes,Finance,OBC,basic life support; biostatistics; communication; documentation; pcb design; problem solving; writing,041558663876,Yes,No,Corporate,Large,Tamil Nadu / Chennai,05-09-2025
1088,Tejas Khan,Male,24,+919228693667,tejas.khan@hotmail.com,No,Diploma,Arts,6.76,Private,239098,MP-2024-76118736,No,Logistics; Finance; Railway,In-person,Yes,Education,OBC,communication; excel; maintenance; presentation; safety; tally; teamwork,752609545458,Yes,No,Corporate,Small,Rajasthan / Jaipur,29-08-2025
1089,Hina Chaudhary,Female,24,+916088960115,hina.chaudhary592@hotmail.com,No,12th,Education,69%,Private,772569,BR-2024-99799565,No,Electrical; IT,Remote,No,,SC,assessment; css; java; lesson planning; presentation; sql,333356413981,No,No,MSME,Small,Maharashtra / Mumbai,10-08-2025
1090,Tushar Saxena,Male,24,+919911888696,tushar.saxena@hotmail.com,No,Diploma,Management,6.13,Private,67790,HR-2025-82545395,No,Manufacturing; E-commerce; Finance,Hybrid,Yes,E-commerce,SC,cad; customer support; order management; presentation; reporting; time management; writing,666655695049,Yes,No,Startup,Medium,West Bengal / Siliguri,08-02-2025
1091,Nitesh Srivastava,Male,23,+918041098620,nitesh.srivastava@outlook.com,No,12th,Agriculture,9.29,Govt.,176968,KL-2023-97631721,No,Software; Manufacturing,Hybrid,No,,SC,algorithms; communication; data structures; docker; presentation; problem solving; six sigma,671133775374,Yes,No,Corporate,Small,Gujarat / Surat,27-03-2025
1092,Tulsi Shetty,Female,21,+916969498320,tulsi.shetty@hotmail.com,No,Diploma,Education,93%,Private,264394,PB-2024-69300045,No,Software; Education; Electrical,Remote,Yes,Healthcare,SC,assessment; circuit analysis; classroom management; time management; unit testing,376811126049,No,No,Startup,Medium,Tamil Nadu / Chennai,01-02-2025
1093,Hina Agarwal,Female,23,+916281092361,hina.agarwal@hotmail.com,No,12th,Education,7.21,Private,96554,UP-2022-07704600,No,Healthcare; Software; Railway,In-person,No,,OBC,algorithms; documentation; oop; record keeping,984593646905,No,No,PSU,Medium,Haryana / Faridabad,10-08-2025
1094,Sumit Verma,Male,24,+917231648410,sumit.verma608@yahoo.com,No,Diploma,Arts,91%,Private,619876,KL-2025-90337426,No,Automotive; Logistics; Healthcare,In-person,Yes,Healthcare,SC,biostatistics; inventory; record keeping; teamwork,711037415814,No,No,MSME,Small,Haryana / Gurugram,19-04-2025
1095,Venkatesh Shetty,Male,24,+918165392010,venkatesh.shetty776@hotmail.com,No,12th,Law,78%,Private,670256,OD-2022-17631800,No,Telecom; Automotive,In-person,Yes,Telecom,PwD,communication; drafting; legal research; presentation; time management,960149673021,Yes,Yes,PSU,Large,West Bengal / Kolkata,08-05-2025
1096,Khushi Nair,Female,23,+916176941606,khushi.nair446@outlook.com,No,ITI,Management,8.7,Tier-3,244431,PB-2023-74187531,No,Education; Manufacturing; Software,Remote,Yes,Software,OBC,api design; cam; cnc; ms excel; operations; quality control; reporting,431769216018,Yes,No,MSME,Medium,Delhi / New Delhi,19-07-2025
1097,Bikram Bhat,Male,22,+917084958277,bikram.bhat336@hotmail.com,No,Diploma,Agriculture,86%,Tier-3,498065,WB-2022-04705478,No,Education; Manufacturing; Logistics,Hybrid,No,,OBC,assessment; cam; field work; lean; quality control; teaching,614559417186,No,No,PSU,Large,Karnataka / Mysuru,01-09-2025
1098,Arjun Khan,Male,24,+918665266395,arjun.khan@outlook.com,No,Graduation,Arts,7.33,Govt.,444232,HR-2023-67571356,No,Telecom; Education; Automotive; Software,Remote,Yes,Software,OBC,assessment; networking; oop; presentation; unit testing; vehicle diagnostics,765267989084,Yes,No,MSME,Medium,Karnataka / Bengaluru,06-12-2024
1099,Punit Reddy,Male,24,+917856295134,punit.reddy@outlook.com,No,12th,Engineering,64%,Tier-2,604861,GJ-2024-43635684,No,Healthcare; Electrical; Telecom; Automotive,Remote,No,,OBC,communication; lab techniques; networking; power systems; record keeping,972986612031,Yes,No,MSME,Small,Uttar Pradesh / Kanpur,30-09-2024
1100,Zara Reddy,Female,23,+919513944143,zara.reddy757@proton.me,No,Graduation,Law,68%,Private,363905,DL-2023-77931406,No,IT; Railway; E-commerce,Hybrid,No,,SC,git; order management; problem solving; sql; teamwork,205460513699,Yes,No,MSME,Large,Bihar / Gaya,21-03-2025
1101,Vivaan Khan,Male,23,+918345287441,vivaan.khan@hotmail.com,No,Graduation,Pharmacy,7.94,Govt.,277877,OD-2024-48909704,No,Railway; Healthcare; Logistics,In-person,No,,SC,communication; operations; qc; routing; safety; teamwork,472713661621,No,No,MSME,Small,Karnataka / Mysuru,23-05-2025
1102,Ishita Joshi,Female,23,+919586461558,ishita.joshi60@yahoo.com,No,ITI,Commerce,5.26,Private,727153,KA-2024-02601675,No,Software; Telecom; Electrical; E-commerce,In-person,No,,SC,accounting; circuit analysis; embedded; fiber splicing; order management,749125875698,No,No,PSU,Medium,Kerala / Kochi,11-11-2024
1103,Ananya Ghosh,Female,23,+918614959137,ananya.ghosh132@rediffmail.com,No,12th,Medicine,6.05,Rural college,505440,DL-2022-07701750,No,IT; Manufacturing; Electrical,In-person,No,,OBC,basic life support; cam; communication; java; quality control,172538765087,Yes,No,MSME,Medium,Tamil Nadu / Madurai,15-09-2024
1104,Kavya Srivastava,Female,22,+919354913322,kavya.srivastava322@gmail.com,No,Diploma,Design,8.81,Private,644195,UP-2022-04347682,No,Railway; Education; Manufacturing,Hybrid,No,,OBC,cad; cam; maintenance; presentation; quality control; teaching; ui principles,145199093591,No,No,Corporate,Medium,Haryana / Faridabad,08-08-2025
1105,Akanksha Ghosh,Female,24,+919514142907,akanksha.ghosh@hotmail.com,No,Graduation,Commerce,8.4,Govt.,712179,KL-2022-76544245,No,Logistics; Telecom; IT,Hybrid,Yes,Software,OBC,communication; git; presentation; python; sql; troubleshooting; writing,837417416665,Yes,No,MSME,Large,Maharashtra / Pune,25-01-2025
1106,Farhan Joshi,Male,23,+918300837083,farhan.joshi354@outlook.com,No,ITI,Engineering,65%,Private,387260,TS-2022-90330348,No,Railway; Electrical; IT; Finance,In-person,No,,OBC,documentation; git; java; linux; maintenance; react; teamwork; writing,736344878520,No,No,Corporate,Small,Rajasthan / Jodhpur,30-10-2024
1107,Ira Patel,Female,23,+918084276384,ira.patel@yahoo.com,No,ITI,Science,79%,Private,634160,GJ-2023-86514689,No,Logistics; E-commerce; Railway; IT,In-person,No,,SC,css; procurement; signal systems; sql; warehouse ops; writing,682216221073,Yes,No,Corporate,Medium,Madhya Pradesh / Indore,25-12-2024
1108,Abhishek Sharma,Male,23,+918618940806,abhishek.sharma@hotmail.com,No,Graduation,Education,55%,Private,207388,OD-2023-17958992,No,Education; E-commerce,Remote,No,,OBC,cataloging; classroom management; communication; lesson planning; marketplace ops; seo; time management,224805615422,No,No,MSME,Medium,Kerala / Kozhikode,20-03-2025
1109,Ananya Bhat,Female,21,+916672539381,ananya.bhat@hotmail.com,No,ITI,Pharmacy,66%,Private,306898,BR-2024-28968740,No,Finance; Telecom,In-person,No,,OBC,communication; financial modeling; networking; time management,368740066714,No,No,Startup,Large,Karnataka / Bengaluru,02-12-2024
1110,Shivam Jain,Male,22,+919734726871,shivam.jain@yahoo.com,No,ITI,Pharmacy,86%,Private,84085,DL-2023-99171442,No,Healthcare; E-commerce; Manufacturing,Remote,No,,SC,cataloging; customer support; first aid; gmp; lab techniques; supply chain; teamwork,734228711709,Yes,No,Corporate,Small,West Bengal / Siliguri,26-10-2024
1111,Abhishek Malhotra,Male,23,+919677720032,abhishek.malhotra@proton.me,No,Graduation,Agriculture,52%,Govt.,589050,OD-2025-33395525,No,Finance; Healthcare; Manufacturing,Remote,No,,SC,cam; field work; presentation; teamwork,349289541749,Yes,No,Corporate,Small,Delhi / New Delhi,10-10-2024
1112,Arjun Ghosh,Male,23,+917749903744,arjun.ghosh@yahoo.com,No,12th,Arts,6.42,Tier-2,593450,TN-2024-56290719,No,Automotive; Manufacturing; Software,Remote,No,,PwD,algorithms; assembly; cad; cam; docker; lean; six sigma,474626306499,No,Yes,MSME,Small,Bihar / Patna,08-08-2025
1113,Mohammed Mehta,Male,21,+919022730234,mohammed.mehta@rediffmail.com,No,12th,Science,7.16,Tier-2,385164,DL-2023-30314326,No,Software; E-commerce; Healthcare,In-person,No,,SC,communication; data structures; presentation; problem solving; seo; teamwork; time management,040839632455,No,No,PSU,Large,Telangana / Warangal,31-10-2024
1114,Tushar Kulkarni,Male,23,+918205161130,tushar.kulkarni@outlook.com,No,ITI,Management,78%,Private,337950,KL-2024-98117681,No,IT; Railway,Remote,Yes,Telecom,OBC,documentation; ms excel; presentation; problem solving; reporting; teamwork; testing; time management,101098266467,Yes,No,Startup,Medium,Tamil Nadu / Coimbatore,17-04-2025
1115,Nitin Saxena,Male,22,+919948525800,nitin.saxena@rediffmail.com,No,ITI,Pharmacy,87%,Private,641230,MH-2024-03579982,No,IT; Railway; E-commerce; Software,In-person,Yes,Software,SC,api design; git; gmp; python; seo; signal systems,132293686127,No,No,Startup,Medium,Haryana / Gurugram,28-07-2025
1116,Nitesh Mehta,Male,21,+919116149320,nitesh.mehta903@outlook.com,No,ITI,Commerce,9.3,Private,126758,OD-2024-46122330,No,Electrical; Healthcare; Logistics; Manufacturing,In-person,No,,OBC,cam; problem solving; soldering; teamwork,980168912457,Yes,No,Startup,Medium,Bihar / Patna,14-11-2024
1117,Payal Mishra,Female,21,+917842127462,payal.mishra@proton.me,No,ITI,Medicine,7.14,Tier-3,541037,MP-2024-94775034,No,Railway; IT,Remote,Yes,Manufacturing,SC,basic life support; linux; maintenance; operations; presentation; problem solving; signal systems; writing,896146866438,No,No,MSME,Medium,Karnataka / Bengaluru,15-06-2025
1118,Tushar Mehta,Male,22,+918253360852,tushar.mehta@outlook.com,No,Graduation,Design,5.3,Private,717446,HR-2024-17945032,No,E-commerce; Automotive; Logistics; Education,Remote,Yes,Manufacturing,OBC,communication; lesson planning; order management; problem solving; quality checks; time management,078008443555,Yes,No,Startup,Large,Kerala / Kozhikode,17-04-2025
1119,Pihu Srivastava,Female,24,+919811717812,pihu.srivastava@rediffmail.com,No,12th,Design,9.76,Private,488468,MP-2022-15013934,No,Healthcare; E-commerce,In-person,No,,OBC,adobe xd; biostatistics; communication; presentation; teamwork,845597476754,Yes,No,Corporate,Small,Bihar / Gaya,28-10-2024
1120,Mitali Joshi,Female,24,+919235987687,mitali.joshi@rediffmail.com,No,ITI,Education,7.8,Govt.,708758,GJ-2022-95750659,No,Education; E-commerce,In-person,No,,OBC,assessment; customer support; teamwork; writing,448321011203,Yes,No,MSME,Small,Rajasthan / Udaipur,14-12-2024
1121,Mohammed Khan,Male,24,+916343381275,mohammed.khan@proton.me,No,ITI,Arts,6.59,Private,128637,PB-2025-06905517,No,Electrical; E-commerce,In-person,Yes,E-commerce,ST,design basics; marketplace ops; order management; research; seo; time management,404829094583,Yes,No,MSME,Large,Bihar / Gaya,06-10-2024
1122,Mayank Kulkarni,Male,21,+918068798258,mayank.kulkarni@outlook.com,No,Diploma,Management,8.31,Private,280855,KA-2025-93919600,No,Logistics; Finance; Railway,In-person,No,,OBC,documentation; presentation; reporting; warehouse ops,936388913107,No,No,Startup,Small,Karnataka / Mangaluru,30-07-2025
1123,Shivam Das,Male,22,+919904760961,shivam.das513@hotmail.com,No,12th,Medicine,86%,Private,692262,TN-2023-01025257,No,IT; Automotive; Logistics; Electrical,In-person,No,,SC,power systems; procurement; sql; supply chain,154507095333,No,No,PSU,Large,Delhi / New Delhi,21-10-2024
1124,Kritika Iyer,Female,23,+918060407982,kritika.iyer@outlook.com,No,Graduation,Law,6.18,Govt.,689108,DL-2025-76500038,No,IT; Finance,Remote,No,,OBC,audit; gst; javascript; python,464876444616,No,No,PSU,Medium,Uttar Pradesh / Noida,10-07-2025
1125,Kabir Sharma,Male,21,+917915346110,kabir.sharma599@hotmail.com,No,Diploma,Education,69%,Private,627430,KL-2023-13330560,No,IT; Railway; Software; Education,Hybrid,No,,ST,presentation; python; teaching; time management; unit testing,318949664247,No,No,Corporate,Small,Telangana / Hyderabad,16-09-2024
1126,Ishaan Yadav,Male,21,+916146939122,ishaan.yadav179@outlook.com,No,Graduation,Medicine,5.11,Tier-2,166105,RJ-2022-81683243,No,Healthcare; Logistics; E-commerce; Railway,Hybrid,Yes,Manufacturing,OBC,inventory; maintenance; marketplace ops; ms excel; operations; record keeping; routing; seo,975821262155,Yes,No,PSU,Medium,Haryana / Gurugram,07-12-2024
1127,Aarohi Saxena,Female,23,+919517549456,aarohi.saxena@rediffmail.com,No,10th,Medicine,78%,Tier-3,475131,WB-2023-38593510,No,Software; Education; E-commerce; IT,In-person,No,,OBC,algorithms; classroom management; documentation; lab safety; marketplace ops; presentation; testing,420925502213,Yes,No,Startup,Small,Madhya Pradesh / Bhopal,19-01-2025
1128,Ajeet Shetty,Male,23,+917799779028,ajeet.shetty@hotmail.com,No,Graduation,Agriculture,50%,Private,597549,BR-2023-82722554,No,Software; Manufacturing; Telecom,Hybrid,No,,OBC,algorithms; cnc; field work; networking; quality control; soil testing; troubleshooting; writing,883464753079,Yes,No,Startup,Large,Madhya Pradesh / Gwalior,21-07-2025
1129,Lavanya Agarwal,Female,22,+919034396316,lavanya.agarwal847@rediffmail.com,No,Diploma,Engineering,5.35,Rural college,357604,KA-2023-26005184,No,Healthcare; Logistics,In-person,No,,OBC,inventory; matlab; presentation; record keeping; teamwork,746955620103,No,No,Startup,Large,Odisha / Cuttack,06-05-2025
1130,Sai Mehta,Male,21,+918693873884,sai.mehta633@rediffmail.com,No,ITI,Pharmacy,61%,Private,160174,HR-2025-60818560,No,Education; Finance; Railway; Logistics,Remote,No,,SC,assessment; content creation; documentation; financial modeling; ms excel; pharmacology; writing,066433102716,Yes,No,Corporate,Small,Karnataka / Mangaluru,15-08-2025
1131,Jay Reddy,Male,24,+918810125307,jay.reddy@yahoo.com,No,ITI,Commerce,5.17,Private,286667,MH-2025-68867833,No,IT; Telecom; Railway; Education,Hybrid,No,,ST,accounting; assessment; documentation; html; python; sql; teaching,090867058366,No,No,Corporate,Medium,Karnataka / Bengaluru,31-12-2024
1132,Arvind Iyer,Male,21,+919602262608,arvind.iyer@proton.me,No,Diploma,Arts,86%,Govt.,159346,RJ-2024-96696368,No,Finance; Manufacturing; Software; IT,In-person,No,,OBC,accounting; algorithms; financial modeling; tally; writing,683776032120,No,No,Corporate,Large,Odisha / Cuttack,20-11-2024
1133,Chirag Chopra,Male,21,+919620832596,chirag.chopra704@rediffmail.com,No,Graduation,Agriculture,83%,Private,523849,KL-2022-04909911,No,Education; Logistics,Remote,No,,OBC,field work; inventory; ms excel; problem solving; supply chain,592849334464,Yes,No,Corporate,Small,Haryana / Faridabad,19-04-2025
1134,Prerna Joshi,Female,22,+917244360141,prerna.joshi14@proton.me,No,Graduation,Law,9.63,Tier-3,451270,TN-2025-46540935,No,Electrical; Software; Logistics,In-person,No,,OBC,api design; drafting; ms excel; pcb design; presentation; unit testing; warehouse ops,666624626980,No,No,Corporate,Medium,Punjab / Chandigarh,05-06-2025
1135,Nikita Iyer,Female,24,+918655857798,nikita.iyer587@outlook.com,No,Graduation,Science,75%,Private,66732,RJ-2023-80065671,No,Telecom; Healthcare,Remote,Yes,Healthcare,OBC,communication; data analysis; networking; rf planning; statistics,729466812323,Yes,No,Corporate,Medium,Madhya Pradesh / Indore,17-09-2024
1136,Ajay Tripathi,Male,21,+916050697943,ajay.tripathi@outlook.com,No,Graduation,Law,65%,Tier-3,757385,OD-2025-30331467,No,IT; E-commerce,Remote,No,,OBC,git; order management; problem solving; python; sql; testing; time management,069368976247,No,No,Startup,Medium,Odisha / Cuttack,16-08-2025
1137,Kavya Mehta,Female,24,+918678877040,kavya.mehta@proton.me,No,Graduation,Management,7.23,Govt.,754830,RJ-2023-21961909,No,Electrical; Education; Telecom,In-person,No,,OBC,classroom management; lesson planning; operations; power systems; reporting; teamwork; time management; writing,977679422213,Yes,No,MSME,Large,Karnataka / Mangaluru,20-03-2025
1138,Naveen Tripathi,Male,24,+916351347791,naveen.tripathi@proton.me,No,12th,Pharmacy,9.26,Private,371242,GJ-2023-44616875,No,Telecom; Manufacturing; Electrical; Finance,In-person,Yes,Finance,PwD,audit; circuit analysis; communication; financial modeling; rf planning; supply chain; tally,892797872891,Yes,Yes,Corporate,Medium,Telangana / Warangal,10-03-2025
1139,Lavanya Gupta,Female,23,+918618317588,lavanya.gupta@hotmail.com,No,Graduation,Agriculture,8.48,Private,211857,KA-2023-27707569,No,Railway; Automotive; Healthcare,Hybrid,Yes,Telecom,SC,biostatistics; documentation; lab techniques; patient care; problem solving; quality checks; supply chain; time management,133517796048,Yes,No,Corporate,Medium,Maharashtra / Mumbai,11-11-2024
1140,Ritesh Bhat,Male,22,+916594605397,ritesh.bhat129@gmail.com,No,ITI,Design,9.06,Govt.,643071,DL-2025-08586726,No,E-commerce; Healthcare,Remote,No,,OBC,adobe xd; biostatistics; cataloging; figma; first aid; marketplace ops; problem solving; record keeping,953549039576,Yes,No,Corporate,Large,West Bengal / Siliguri,20-07-2025
1141,Sakshi Pillai,Female,21,+916212896231,sakshi.pillai@gmail.com,No,Diploma,Science,9.52,Private,147298,HR-2024-69126266,No,E-commerce; Automotive; Logistics,In-person,No,,SC,assembly; cataloging; communication; lab techniques; marketplace ops; problem solving; teamwork,564309717209,Yes,No,PSU,Small,Tamil Nadu / Madurai,16-02-2025
1142,Shikha Patel,Female,23,+918568193379,shikha.patel@proton.me,No,Graduation,Pharmacy,5.64,Govt.,598512,PB-2023-61529637,No,Railway; Finance; Healthcare; Automotive,Hybrid,No,,OBC,audit; excel; first aid; pharmacology; quality checks; safety; teamwork,943007910754,No,No,Corporate,Large,Uttar Pradesh / Kanpur,21-11-2024
1143,Sameer Shetty,Male,21,+919018045396,sameer.shetty@proton.me,No,Graduation,Engineering,60%,Private,608946,RJ-2023-13130419,No,Education; Logistics; Manufacturing; Electrical,Remote,Yes,Education,SC,autocad; cnc; embedded; ms excel; power systems; project management; warehouse ops,880042137404,Yes,No,MSME,Medium,Karnataka / Mysuru,16-09-2024
1144,Hemant Singh,Male,22,+919324181481,hemant.singh445@gmail.com,No,ITI,Medicine,6.42,Govt.,501508,MP-2024-91146245,No,Telecom; Healthcare; Software; Railway,In-person,No,,OBC,algorithms; communication; lab techniques; troubleshooting,572639742472,Yes,No,MSME,Small,Gujarat / Ahmedabad,25-01-2025
1145,Srishti Shetty,Female,24,+917471761861,srishti.shetty411@gmail.com,No,12th,Medicine,77%,Govt.,269341,UP-2022-83579240,No,IT; Electrical; Manufacturing; Automotive,Remote,No,,SC,assembly; cad; cam; javascript; problem solving,226424316671,Yes,No,Startup,Large,Haryana / Faridabad,12-01-2025
1146,Sakshi Kulkarni,Female,24,+916817159617,sakshi.kulkarni@gmail.com,No,Graduation,Agriculture,8.63,Rural college,271811,OD-2023-01528899,No,Finance; Automotive; Manufacturing,Hybrid,Yes,Software,OBC,cnc; field work; tally; vehicle diagnostics,929091845504,Yes,No,Corporate,Medium,Rajasthan / Udaipur,27-12-2024
1147,Siddharth Kulkarni,Male,22,+916874753275,siddharth.kulkarni47@proton.me,No,12th,Engineering,67%,Tier-3,343571,DL-2022-62850363,No,Logistics; Electrical; Healthcare; Railway,Hybrid,Yes,IT,OBC,autocad; embedded; inventory; lab techniques; signal systems; time management,597717368658,Yes,Yes,Startup,Small,Rajasthan / Jodhpur,03-04-2025
1148,Anirudh Mehta,Male,24,+918144481591,anirudh.mehta318@yahoo.com,No,Graduation,Pharmacy,62%,Govt.,135548,UP-2025-29915786,No,IT; Manufacturing; Telecom,Hybrid,No,,SC,css; html; quality control; react,099173724541,Yes,No,MSME,Small,Maharashtra / Nagpur,02-09-2025
1149,Rohit Patel,Male,21,+916125819041,rohit.patel@yahoo.com,No,Graduation,Education,9.42,Tier-2,177869,OD-2025-11193619,No,IT; E-commerce,Remote,No,,OBC,customer support; lesson planning; marketplace ops; teaching; teamwork; testing; time management,824329778971,Yes,No,Corporate,Large,Haryana / Faridabad,17-10-2024
1150,Parth Tripathi,Male,23,+917091334647,parth.tripathi822@rediffmail.com,No,Graduation,Pharmacy,7.49,Private,618339,MH-2023-35456772,No,IT; Software,In-person,No,,OBC,data structures; java; pharmacology; presentation; qc,280197309376,Yes,No,MSME,Small,Tamil Nadu / Coimbatore,24-11-2024
1151,Ishaan Sharma,Male,24,+917741594746,ishaan.sharma114@yahoo.com,No,10th,Education,8.76,Private,71395,UP-2025-86858957,No,Electrical; Manufacturing,In-person,No,,SC,cad; cam; communication; lean; problem solving; six sigma; teaching; time management,643034213732,Yes,No,PSU,Small,Delhi / New Delhi,18-02-2025
1152,Sanjay Bhat,Male,21,+917295570390,sanjay.bhat290@hotmail.com,No,Diploma,Law,72%,Rural college,796789,BR-2022-38557074,No,Electrical; Healthcare,Remote,No,,SC,drafting; embedded; lab techniques; pcb design; teamwork,733848732601,No,No,Corporate,Small,Haryana / Gurugram,25-11-2024
1153,Ritika Mukherjee,Female,21,+919039123017,ritika.mukherjee485@outlook.com,No,Graduation,Management,58%,Tier-3,656360,RJ-2025-08489138,No,Manufacturing; Automotive; Railway,In-person,Yes,IT,OBC,assembly; cnc; communication; six sigma; writing,213034046940,No,No,Corporate,Medium,Delhi / New Delhi,28-02-2025
1154,Aakash Joshi,Male,24,+917742014630,aakash.joshi@hotmail.com,No,10th,Law,80%,Private,281766,HR-2022-96260042,No,Railway; Logistics; Education,In-person,Yes,IT,SC,documentation; drafting; lesson planning; ms excel; presentation; procurement,461636307506,No,No,Startup,Large,Bihar / Gaya,20-09-2024
1155,Tejas Srivastava,Male,22,+919819450481,tejas.srivastava@proton.me,No,10th,Medicine,62%,Private,632612,GJ-2023-62216933,No,Logistics; Manufacturing; Finance,In-person,No,,OBC,cad; cnc; gst; lean; ms excel; problem solving; time management; writing,351426667990,Yes,No,PSU,Small,Madhya Pradesh / Indore,25-07-2025
1156,Riya Ghosh,Female,21,+919586827518,riya.ghosh@outlook.com,No,Graduation,Management,9.1,Private,475035,PB-2022-97526399,No,IT; Railway,Remote,Yes,Automotive,SC,java; linux; operations; python; signal systems; sql,916885169195,Yes,No,PSU,Large,Haryana / Gurugram,29-05-2025
1157,Aman Chopra,Male,24,+918813000716,aman.chopra@gmail.com,No,Diploma,Engineering,58%,Rural college,725282,GJ-2024-16218783,No,IT; Electrical; Manufacturing; Healthcare,In-person,No,,OBC,cnc; communication; css; first aid; linux; patient care; six sigma,043834009063,Yes,No,Corporate,Small,Tamil Nadu / Coimbatore,18-09-2024
1158,Khushi Kulkarni,Female,21,+916994651791,khushi.kulkarni24@proton.me,No,Diploma,Commerce,6.82,Tier-3,90930,PB-2024-10612107,No,Finance; Telecom; Railway,In-person,No,,ST,documentation; fiber splicing; market research; presentation; teamwork; time management,794847866453,No,No,PSU,Medium,Tamil Nadu / Chennai,01-06-2025
1159,Rajat Khan,Male,23,+919013730637,rajat.khan327@rediffmail.com,No,10th,Law,7.84,Private,303949,DL-2022-36512688,No,Automotive; Railway; Telecom; Software,Hybrid,Yes,IT,SC,cad; communication; fiber splicing; oop; quality checks; rf planning; writing,352689928489,Yes,No,PSU,Small,Kerala / Kochi,13-04-2025
1160,Navya Chaudhary,Female,23,+919074029469,navya.chaudhary@proton.me,No,12th,Medicine,5.05,Govt.,398542,MH-2025-20788506,No,IT; Manufacturing; Telecom,Hybrid,Yes,Automotive,PwD,cnc; communication; css; git; linux; python; six sigma,187894415569,Yes,Yes,Corporate,Small,Karnataka / Mysuru,11-02-2025
1161,Akanksha Mukherjee,Female,22,+917604264343,akanksha.mukherjee@proton.me,No,Diploma,Law,69%,Private,747120,UP-2023-81193462,No,Manufacturing; Electrical,In-person,No,,OBC,cad; circuit analysis; cnc; communication; embedded; quality control; writing,064290415502,Yes,No,Corporate,Large,Odisha / Cuttack,21-12-2024
1162,Ankit Iyer,Male,23,+919510211852,ankit.iyer@outlook.com,No,12th,Agriculture,75%,Private,166225,HR-2023-78227325,No,Manufacturing; Healthcare,In-person,No,,OBC,cam; field work; presentation; supply chain; writing,349640981703,Yes,No,PSU,Medium,Bihar / Patna,12-05-2025
1163,Aditya Kulkarni,Male,23,+917511037479,aditya.kulkarni499@outlook.com,No,ITI,Engineering,69%,Private,602985,WB-2025-16709861,No,Education; E-commerce,In-person,No,,OBC,classroom management; marketplace ops; problem solving; seo; teaching,526834930536,Yes,No,Corporate,Large,Haryana / Faridabad,07-02-2025
1164,Vivaan Ghosh,Male,22,+919652514024,vivaan.ghosh846@proton.me,No,12th,Management,7.15,Private,60672,GJ-2022-23286710,No,Telecom; Education,In-person,No,,OBC,classroom management; fiber splicing; ms excel; networking; rf planning; teaching,951488172413,Yes,No,Corporate,Large,Tamil Nadu / Coimbatore,24-04-2025
1165,Himanshu Tiwari,Male,23,+918444405947,himanshu.tiwari@outlook.com,No,Graduation,Agriculture,5.64,Private,653047,DL-2024-08164758,No,Electrical; Automotive,Remote,No,,SC,cad; communication; soil testing; vehicle diagnostics,217426833904,No,No,PSU,Small,Maharashtra / Mumbai,19-07-2025
1166,Swati Patel,Female,22,+917105392412,swati.patel@outlook.com,No,Graduation,Education,8.29,Govt.,213350,PB-2022-18617542,No,E-commerce; Finance,Remote,Yes,Software,PwD,communication; problem solving; seo; time management,045036860994,No,Yes,Startup,Small,Tamil Nadu / Coimbatore,27-05-2025
1167,Sonali Nair,Female,23,+919511654817,sonali.nair@hotmail.com,No,10th,Education,9.81,Private,249136,KA-2024-13936408,No,Manufacturing; Automotive,Remote,No,,OBC,cam; communication; six sigma; supply chain; teaching,061807689363,No,No,MSME,Small,Gujarat / Surat,25-04-2025
1168,Bhavya Nair,Female,22,+919881566288,bhavya.nair418@proton.me,No,Diploma,Arts,8.41,Rural college,733429,WB-2025-12853888,No,Automotive; Railway; Manufacturing,In-person,Yes,E-commerce,OBC,assembly; cad; operations; signal systems; supply chain,299270890589,Yes,No,Corporate,Large,Maharashtra / Nagpur,05-09-2025
1169,Ira Ghosh,Female,23,+916042802837,ira.ghosh@gmail.com,No,12th,Arts,86%,Tier-3,797244,HR-2022-30479841,No,Manufacturing; IT,In-person,Yes,Automotive,OBC,cad; cam; design basics; time management; writing,586750764414,No,No,Startup,Medium,Delhi / New Delhi,24-04-2025
1170,Trisha Das,Female,21,+916278759078,trisha.das130@hotmail.com,No,12th,Engineering,8.01,Tier-3,366616,RJ-2023-64102547,No,Finance; Electrical,Hybrid,No,,OBC,accounting; circuit analysis; embedded; excel; gst; pcb design; tally; teamwork,762219272381,No,No,Corporate,Large,Haryana / Faridabad,10-11-2024
1171,Arjun Singh,Male,23,+919390830342,arjun.singh676@hotmail.com,No,Diploma,Education,7.71,Private,87254,UP-2024-99857384,No,Telecom; IT; Manufacturing; Logistics,Remote,No,,OBC,java; lean; linux; networking; rf planning; supply chain; teamwork; testing,929262972502,Yes,No,Startup,Large,Haryana / Gurugram,15-11-2024
1172,Hemant Chaudhary,Male,23,+917400036545,hemant.chaudhary919@proton.me,No,Diploma,Arts,6.29,Tier-2,332148,BR-2025-16160106,No,E-commerce; Software; IT,In-person,Yes,Finance,SC,api design; data structures; html; order management; problem solving; research,151025860420,No,Yes,Startup,Medium,Telangana / Warangal,11-05-2025
1173,Poorvi Joshi,Female,21,+917321512377,poorvi.joshi@rediffmail.com,No,ITI,Medicine,7.91,Private,217364,HR-2025-76999596,No,Logistics; Manufacturing; Telecom,Hybrid,No,,OBC,fiber splicing; inventory; lab safety; lean; ms excel; six sigma,273471278335,No,No,Corporate,Large,Delhi / New Delhi,15-04-2025
1174,Kunal Srivastava,Male,22,+919666731451,kunal.srivastava@yahoo.com,No,Graduation,Management,5.6,Private,641517,OD-2025-71046918,No,Railway; Software; Healthcare,In-person,No,,SC,api design; biostatistics; communication; safety; signal systems; unit testing,734448241179,No,No,PSU,Small,Odisha / Bhubaneswar,13-07-2025
1175,Niharika Bhat,Female,24,+919317272405,niharika.bhat@proton.me,No,Graduation,Pharmacy,6.92,Tier-2,210152,GJ-2022-87925560,No,Manufacturing; Electrical,Remote,No,,SC,cnc; communication; gmp; lean; pcb design; qc; teamwork; writing,515085148329,Yes,No,Corporate,Large,Tamil Nadu / Coimbatore,11-02-2025
1176,Tanisha Pillai,Female,21,+919840126987,tanisha.pillai77@outlook.com,No,12th,Law,8.15,Private,137687,PB-2024-80175158,No,Automotive; Telecom,Remote,Yes,Software,OBC,case analysis; drafting; fiber splicing; networking; rf planning; troubleshooting; writing,189870052142,Yes,No,MSME,Large,West Bengal / Siliguri,11-06-2025
1177,Harini Saxena,Female,23,+917864655229,harini.saxena@outlook.com,No,ITI,Management,8.31,Govt.,547310,PB-2024-63318886,No,IT; Electrical,Remote,Yes,Software,SC,operations; power systems; presentation; problem solving; testing; writing,392738345126,No,No,Startup,Small,Rajasthan / Jodhpur,23-09-2024
1178,Ananya Chopra,Female,24,+916733700259,ananya.chopra@hotmail.com,No,Graduation,Medicine,5.81,Private,493476,MH-2023-52087557,No,Electrical; Telecom,Remote,No,,PwD,documentation; pcb design; presentation; rf planning,488805770759,Yes,Yes,Corporate,Small,Bihar / Gaya,25-02-2025
1179,Zubair Sharma,Male,23,+918409534242,zubair.sharma720@proton.me,No,Diploma,Pharmacy,7.49,Private,450843,KA-2022-45074413,No,Manufacturing; Telecom; Logistics; Healthcare,Remote,No,,OBC,gmp; presentation; problem solving; qc; quality control; six sigma; time management,044780658225,Yes,No,Corporate,Medium,Madhya Pradesh / Indore,24-02-2025
1180,Vishal Bose,Male,21,+916401051181,vishal.bose@hotmail.com,No,12th,Design,8.74,Private,478807,PB-2022-24296563,No,Healthcare; Electrical,In-person,Yes,Automotive,OBC,embedded; figma; first aid; lab techniques; patient care; power systems; presentation,041093165304,Yes,No,Startup,Large,Uttar Pradesh / Lucknow,08-03-2025
1181,Anushka Singh,Female,23,+919536425601,anushka.singh@outlook.com,No,12th,Agriculture,8.98,Private,461548,MH-2024-58697692,No,Education; Manufacturing,Hybrid,No,,SC,cad; cam; cnc; presentation,546351533435,Yes,No,MSME,Small,Madhya Pradesh / Bhopal,12-09-2025
1182,Hardik Mukherjee,Male,24,+919621861887,hardik.mukherjee435@yahoo.com,No,Diploma,Medicine,5.9,Private,71190,TS-2023-45030329,No,IT; Automotive; Electrical,In-person,No,,OBC,assembly; python; time management; vehicle diagnostics,746417651367,No,No,MSME,Small,Karnataka / Mysuru,13-11-2024
1183,Bhavesh Pillai,Male,21,+918059160883,bhavesh.pillai@proton.me,No,Graduation,Law,9.7,Private,760157,KL-2022-08570421,No,Healthcare; Automotive; IT,Remote,No,,SC,cad; case analysis; linux; python,910360106489,Yes,No,MSME,Large,Haryana / Gurugram,18-02-2025
1184,Rupesh Khan,Male,22,+918132181262,rupesh.khan@proton.me,No,ITI,Education,9.15,Private,238755,GJ-2022-95159466,No,Software; Logistics,In-person,No,,ST,api design; inventory; ms excel; teaching; writing,956443569313,No,No,MSME,Medium,Kerala / Thiruvananthapuram,04-03-2025
1185,Kavya Iyer,Female,23,+918157465674,kavya.iyer741@outlook.com,No,Diploma,Management,69%,Govt.,305684,HR-2022-47940598,No,Education; E-commerce; Healthcare; Automotive,In-person,No,,SC,classroom management; lesson planning; marketplace ops; operations; teamwork,462131847157,Yes,No,MSME,Medium,Karnataka / Mysuru,21-06-2025
1186,Raina Nair,Female,24,+919877017178,raina.nair@rediffmail.com,No,Graduation,Agriculture,5.36,Private,674915,OD-2022-26733867,No,Automotive; Education,Remote,Yes,Education,OBC,communication; content creation; field work; quality checks; teaching; teamwork; time management,809416840618,No,No,PSU,Small,West Bengal / Kolkata,04-07-2025
1187,Ojasvi Tiwari,Female,21,+919664047189,ojasvi.tiwari@hotmail.com,No,Graduation,Design,57%,Tier-2,504664,BR-2025-80097256,No,Railway; IT; Finance,Remote,Yes,Telecom,OBC,accounting; financial modeling; git; gst; html; javascript; safety; writing,513036530720,Yes,No,MSME,Large,Kerala / Thiruvananthapuram,31-01-2025
1188,Tejas Pillai,Male,22,+919030678157,tejas.pillai653@rediffmail.com,No,ITI,Pharmacy,9.75,Private,744610,TN-2022-84112358,No,IT; Software; E-commerce; Finance,Remote,No,,OBC,api design; financial modeling; javascript; python; testing,624041259320,Yes,No,PSU,Large,Gujarat / Vadodara,12-09-2025
1189,Rupali Kulkarni,Female,24,+918545338184,rupali.kulkarni@yahoo.com,No,Graduation,Science,8.3,Private,142427,MH-2025-53293236,No,E-commerce; Telecom,Remote,No,,OBC,marketplace ops; networking; presentation; time management,916802951177,Yes,No,Corporate,Medium,Haryana / Gurugram,15-04-2025
1190,Navya Chaudhary,Female,23,+916666655247,navya.chaudhary947@hotmail.com,No,12th,Commerce,5.02,Tier-2,546561,TS-2023-60544102,No,Logistics; Manufacturing; E-commerce; Railway,Hybrid,Yes,Education,SC,accounting; maintenance; seo; writing,673519472471,Yes,No,PSU,Small,Delhi / New Delhi,06-05-2025
1191,Yuvraj Tiwari,Male,22,+917951639149,yuvraj.tiwari34@rediffmail.com,No,Graduation,Design,74%,Govt.,497350,MH-2024-85769748,No,Railway; IT; Software,Remote,No,,OBC,communication; css; figma; ui principles,757736124236,Yes,No,Corporate,Small,Haryana / Faridabad,07-03-2025
1192,Jay Chaudhary,Male,24,+918557122332,jay.chaudhary@yahoo.com,No,Diploma,Science,7.2,Private,788846,GJ-2023-12360235,No,Telecom; Logistics; Automotive,In-person,No,,SC,problem solving; procurement; quality checks; supply chain; time management,841518093322,No,No,PSU,Large,Delhi / New Delhi,26-05-2025
1193,Bhavesh Srivastava,Male,21,+917730695298,bhavesh.srivastava@gmail.com,No,Graduation,Engineering,7.61,Private,251558,OD-2023-27192277,No,Healthcare; Logistics,Remote,Yes,Education,OBC,biostatistics; first aid; problem solving; project management; teamwork; time management; warehouse ops,110152455818,No,No,MSME,Large,Haryana / Faridabad,13-09-2024
1194,Rajat Joshi,Male,23,+919634262536,rajat.joshi@rediffmail.com,No,ITI,Commerce,6.6,Rural college,553361,KA-2025-10439465,No,Manufacturing; Education,Remote,No,,OBC,classroom management; communication; lean; time management,313116354547,Yes,No,Startup,Medium,Odisha / Cuttack,21-03-2025
1195,Gaurav Mehta,Male,23,+918443474938,gaurav.mehta@outlook.com,No,10th,Medicine,8.58,Private,451617,DL-2022-37351258,No,Education; Healthcare,Remote,No,,SC,first aid; lab safety; presentation; teaching,950035424809,No,No,MSME,Small,Rajasthan / Udaipur,03-07-2025
1196,Atharv Tiwari,Male,22,+918572520707,atharv.tiwari@outlook.com,No,Graduation,Law,78%,Private,285247,KA-2023-32319269,No,Automotive; Railway,In-person,No,,OBC,assembly; cad; drafting; operations; quality checks; safety; signal systems; time management,745675975780,No,No,MSME,Small,Haryana / Faridabad,01-02-2025
1197,Venkatesh Reddy,Male,23,+916154779842,venkatesh.reddy@hotmail.com,No,10th,Medicine,5.75,Tier-3,672763,TN-2024-56289875,No,Education; Electrical,Remote,Yes,IT,SC,circuit analysis; communication; documentation; embedded; pcb design; teamwork,429231848347,No,No,Corporate,Small,Kerala / Thiruvananthapuram,05-04-2025
1198,Ajeet Agarwal,Male,21,+916955512973,ajeet.agarwal@hotmail.com,No,12th,Arts,73%,Private,593447,DL-2022-90349133,No,Automotive; Electrical; Education,Hybrid,Yes,Software,SC,assembly; assessment; classroom management; communication; content writing; supply chain,116708863411,No,Yes,MSME,Large,Haryana / Gurugram,18-03-2025
1199,Pooja Chopra,Female,22,+916436923738,pooja.chopra893@yahoo.com,No,Graduation,Engineering,8.81,Private,237985,OD-2023-13240944,No,Finance; Healthcare; E-commerce; IT,Remote,No,,SC,cataloging; css; customer support; gst; tally; teamwork,581677262273,No,No,Corporate,Large,Rajasthan / Jodhpur,04-06-2025
1200,Nandini Jain,Female,22,+918465909301,nandini.jain147@rediffmail.com,No,10th,Medicine,6.61,Private,567348,HR-2024-18949424,No,Automotive; Logistics; Software,Remote,No,,ST,basic life support; lab safety; problem solving; quality checks; routing; unit testing; writing,274050981713,Yes,No,PSU,Large,Tamil Nadu / Coimbatore,01-06-2025
1201,Mohan Das,Male,21,+917736185832,mohan.das@proton.me,No,12th,Commerce,5.83,Private,708213,UP-2023-87196829,No,Railway; Logistics; Telecom,Hybrid,No,,SC,documentation; ms excel; signal systems; writing,627507141999,Yes,No,MSME,Large,Telangana / Warangal,12-07-2025
1202,Harshit Gupta,Male,22,+918147562123,harshit.gupta@proton.me,No,ITI,Arts,88%,Private,752502,GJ-2025-21740993,No,Railway; Electrical,Remote,No,,OBC,communication; design basics; operations; power systems; problem solving; teamwork; writing,982847401787,No,No,Startup,Medium,Madhya Pradesh / Bhopal,14-03-2025
1203,Dhruv Pillai,Male,24,+917524298465,dhruv.pillai@rediffmail.com,No,ITI,Agriculture,9.19,Private,163365,RJ-2022-17369437,No,Finance; Telecom; E-commerce; Logistics,Remote,No,,OBC,accounting; excel; fiber splicing; rf planning,632404836392,No,No,Startup,Medium,Punjab / Ludhiana,04-12-2024
1204,Ajeet Malhotra,Male,23,+919771403589,ajeet.malhotra314@gmail.com,No,Graduation,Arts,70%,Private,730538,KA-2023-72843431,No,IT; Manufacturing; Education,In-person,No,,PwD,communication; design basics; java; presentation; python; research; sql; testing,007968133138,No,Yes,Startup,Large,Rajasthan / Jaipur,25-02-2025
1205,Payal Kapoor,Female,21,+917562489226,payal.kapoor13@outlook.com,No,12th,Engineering,80%,Tier-2,494661,RJ-2023-48568977,No,Railway; Software; Automotive,Hybrid,No,,OBC,docker; matlab; safety; signal systems; unit testing,197543867765,No,No,Corporate,Medium,Rajasthan / Jaipur,06-05-2025
1206,Shweta Kulkarni,Female,24,+916915503816,shweta.kulkarni737@outlook.com,No,Diploma,Engineering,81%,Private,199834,KA-2025-24563589,No,Automotive; E-commerce; Software; IT,Hybrid,Yes,Automotive,OBC,cad; docker; seo; vehicle diagnostics,726711641095,No,No,Corporate,Medium,Telangana / Warangal,22-11-2024
1207,Harini Patel,Female,23,+918142022360,harini.patel@gmail.com,No,Diploma,Engineering,53%,Rural college,122019,RJ-2024-00903385,No,Healthcare; Education,In-person,No,,OBC,communication; content creation; presentation; record keeping,781180059983,Yes,No,Startup,Large,Tamil Nadu / Madurai,05-06-2025
1208,Dhruv Ghosh,Male,22,+917999953415,dhruv.ghosh375@yahoo.com,No,12th,Management,7.02,Private,563760,PB-2022-80695757,No,Electrical; Software,Remote,No,,OBC,algorithms; api design; circuit analysis; ms excel; presentation; problem solving; soldering,343472608108,No,No,MSME,Large,West Bengal / Kolkata,13-06-2025
1209,Pankaj Agarwal,Male,22,+918908875136,pankaj.agarwal@gmail.com,No,Diploma,Commerce,95%,Private,273498,TN-2025-26092690,No,Software; Healthcare; Railway; Education,Remote,No,,SC,data structures; patient care; problem solving; unit testing; writing,458628726442,No,No,Corporate,Medium,Rajasthan / Jaipur,30-07-2025
1210,Aaradhya Pillai,Female,24,+917626194139,aaradhya.pillai698@rediffmail.com,No,Graduation,Pharmacy,6.43,Tier-3,334201,MH-2022-73820825,No,Finance; Manufacturing; Automotive,Remote,No,,ST,excel; lean; presentation; supply chain,415097123593,No,No,MSME,Medium,Kerala / Kochi,08-08-2025
1211,Farhan Reddy,Male,23,+916263704862,farhan.reddy561@outlook.com,No,10th,Education,7.59,Govt.,238169,DL-2024-31123587,No,Automotive; IT,In-person,Yes,Telecom,OBC,java; javascript; presentation; problem solving; quality checks; react; teamwork; vehicle diagnostics,484822793217,Yes,No,Startup,Small,Maharashtra / Pune,11-04-2025
1212,Vidya Malhotra,Female,22,+919162484494,vidya.malhotra682@hotmail.com,No,12th,Design,6.08,Govt.,264054,PB-2024-95746211,No,Electrical; E-commerce; Railway,Remote,Yes,E-commerce,SC,adobe xd; documentation; embedded; pcb design; presentation; signal systems; writing,275147144819,Yes,No,PSU,Large,Karnataka / Bengaluru,26-10-2024
1213,Reyansh Chaudhary,Male,21,+918937930639,reyansh.chaudhary@outlook.com,No,Graduation,Science,9.01,Govt.,219401,OD-2023-45615496,No,Manufacturing; Automotive,Hybrid,No,,SC,assembly; data analysis; problem solving; six sigma; teamwork; vehicle diagnostics; writing,689518995898,Yes,No,MSME,Large,Gujarat / Vadodara,02-04-2025
1214,Pooja Srivastava,Female,22,+918277394659,pooja.srivastava259@yahoo.com,No,Diploma,Design,51%,Private,234988,PB-2022-67293296,No,Software; Logistics,Remote,No,,SC,adobe xd; figma; procurement; time management; ui principles; writing,623359471321,Yes,Yes,PSU,Medium,Odisha / Bhubaneswar,20-08-2025
1215,Supriya Saxena,Female,21,+916881031878,supriya.saxena14@rediffmail.com,No,Graduation,Agriculture,7.91,Rural college,543145,DL-2024-71171700,No,Railway; Automotive,Remote,Yes,Healthcare,OBC,operations; quality checks; signal systems; time management; writing,126801011159,No,No,PSU,Small,Tamil Nadu / Coimbatore,07-01-2025
1216,Bhavesh Kapoor,Male,23,+919524875692,bhavesh.kapoor@gmail.com,No,10th,Management,8.66,Private,510987,HR-2022-68496379,No,E-commerce; Automotive; Manufacturing; Electrical,In-person,Yes,Automotive,OBC,cnc; communication; customer support; marketplace ops; problem solving; quality checks; soldering,034498948417,Yes,No,PSU,Small,Haryana / Faridabad,27-03-2025
1217,Garima Reddy,Female,24,+918076151031,garima.reddy23@hotmail.com,No,ITI,Science,85%,Private,259172,RJ-2025-64484631,No,Finance; E-commerce; Electrical; Healthcare,Remote,No,,OBC,communication; excel; financial modeling; problem solving; record keeping; writing,665533615403,Yes,No,Startup,Large,Delhi / New Delhi,03-08-2025
1218,Seema Chopra,Female,23,+918531136925,seema.chopra840@yahoo.com,No,Diploma,Management,70%,Private,160225,WB-2025-76046892,No,Education; Electrical; Healthcare,Remote,No,,OBC,ms excel; operations; presentation; soldering,579438281962,Yes,No,MSME,Large,Haryana / Faridabad,18-01-2025
1219,Nikita Pillai,Female,21,+918210670491,nikita.pillai@proton.me,No,12th,Management,56%,Tier-3,538091,WB-2024-16253003,No,Healthcare; Software; Railway,In-person,No,,OBC,api design; maintenance; ms excel; safety; signal systems; teamwork,705774911170,Yes,No,Startup,Medium,Karnataka / Mysuru,07-03-2025
1220,Shweta Agarwal,Female,21,+919631884192,shweta.agarwal661@rediffmail.com,No,Diploma,Engineering,94%,Private,104454,MH-2022-22185376,No,Electrical; Finance; IT; Railway,In-person,Yes,IT,ST,css; problem solving; project management; testing,812597255126,Yes,No,Startup,Medium,Telangana / Hyderabad,12-08-2025
1221,Vihaan Tiwari,Male,24,+917108782578,vihaan.tiwari@proton.me,No,Graduation,Law,8.24,Private,324589,WB-2023-53213477,No,E-commerce; Healthcare; Finance,In-person,No,,SC,accounting; audit; case analysis; record keeping,899335102148,Yes,No,Corporate,Large,Maharashtra / Pune,30-09-2024
1222,Prerna Reddy,Female,23,+919988297609,prerna.reddy@gmail.com,No,12th,Medicine,9.43,Private,346402,UP-2024-05062330,No,Railway; Healthcare; IT,In-person,Yes,Healthcare,SC,basic life support; git; java; safety; testing; time management; writing,240688494280,Yes,No,Startup,Medium,Bihar / Gaya,18-06-2025
1223,Hemant Saxena,Male,23,+917364539716,hemant.saxena@rediffmail.com,No,Diploma,Law,55%,Private,204327,PB-2024-96456839,No,E-commerce; Software,In-person,No,,SC,case analysis; cataloging; data structures; order management; presentation,955525976743,No,No,Startup,Large,Odisha / Cuttack,07-06-2025
1224,Lavanya Das,Female,23,+919692616778,lavanya.das@gmail.com,No,Diploma,Arts,69%,Private,485847,MP-2024-85080011,No,Manufacturing; Telecom; Electrical; Finance,Hybrid,No,,OBC,communication; embedded; excel; fiber splicing; financial modeling; gst; problem solving; writing,546040307835,Yes,No,Startup,Large,Kerala / Kochi,26-03-2025
1225,Ritesh Jain,Male,21,+919202860336,ritesh.jain@outlook.com,No,ITI,Management,7.05,Govt.,194620,MH-2022-94546396,No,E-commerce; Manufacturing; Logistics,In-person,No,,OBC,cataloging; cnc; communication; operations; problem solving; six sigma,140789701368,Yes,No,Corporate,Large,Odisha / Bhubaneswar,03-11-2024
1226,Kunal Mehta,Male,21,+919474783540,kunal.mehta@rediffmail.com,No,ITI,Arts,9.39,Private,557680,PB-2025-52910011,No,Software; Logistics; Electrical; Finance,Remote,No,,ST,algorithms; circuit analysis; content writing; data structures; docker; research; routing; time management,335052538324,Yes,No,Corporate,Medium,Kerala / Kochi,02-11-2024
1227,Sumit Bhat,Male,21,+917681749016,sumit.bhat@rediffmail.com,No,ITI,Medicine,76%,Govt.,512849,HR-2022-87069368,No,Finance; E-commerce,Hybrid,No,,OBC,basic life support; excel; gst; seo; tally,400081633489,Yes,No,Startup,Medium,Bihar / Gaya,01-06-2025
1228,Ajay Malhotra,Male,22,+919369560698,ajay.malhotra@yahoo.com,No,ITI,Law,86%,Govt.,381228,KA-2023-85424678,No,Electrical; Education; Software; Logistics,In-person,Yes,Telecom,OBC,communication; content creation; presentation; problem solving; teamwork; writing,816424255162,No,No,Corporate,Small,Karnataka / Bengaluru,21-01-2025
1229,Rupali Srivastava,Female,23,+919104954311,rupali.srivastava821@gmail.com,No,10th,Arts,7.74,Private,160548,TN-2025-28503624,No,E-commerce; Telecom,In-person,Yes,E-commerce,OBC,content writing; networking; problem solving; writing,882690792408,Yes,No,Corporate,Large,Tamil Nadu / Chennai,03-01-2025
1230,Aarav Das,Male,23,+919553210747,aarav.das630@hotmail.com,No,10th,Science,8.37,Private,609386,HR-2024-34686376,No,Railway; Healthcare; Telecom; Education,Remote,No,,OBC,assessment; networking; presentation; safety; statistics,926483334790,Yes,No,MSME,Medium,West Bengal / Siliguri,16-05-2025
1231,Pranav Malhotra,Male,22,+916937090600,pranav.malhotra@hotmail.com,No,12th,Commerce,67%,Tier-3,255056,BR-2023-41086578,No,Healthcare; Electrical; Logistics; Finance,Hybrid,No,,ST,biostatistics; circuit analysis; procurement; soldering; teamwork,275753151731,Yes,No,PSU,Large,Uttar Pradesh / Lucknow,02-04-2025
1232,Reyansh Ghosh,Male,22,+917263744771,reyansh.ghosh@gmail.com,No,10th,Pharmacy,6.44,Private,573756,BR-2025-57846575,No,Railway; Electrical; Logistics; Telecom,Remote,No,,SC,networking; pcb design; routing; warehouse ops,193204727745,No,No,MSME,Large,Haryana / Faridabad,03-04-2025
1233,Aditya Saxena,Male,22,+919237321921,aditya.saxena@gmail.com,No,12th,Engineering,9.55,Tier-3,514434,TN-2022-53549843,No,Logistics; Healthcare; IT,Hybrid,Yes,E-commerce,ST,autocad; linux; patient care; problem solving; react,474620514470,No,No,PSU,Small,Odisha / Cuttack,01-03-2025
1234,Payal Mehta,Female,23,+917190330391,payal.mehta@hotmail.com,No,Graduation,Commerce,7.84,Rural college,280846,PB-2022-91077291,No,Manufacturing; Telecom; Finance,Hybrid,Yes,Automotive,OBC,cnc; financial modeling; lean; rf planning; six sigma; tally; teamwork; troubleshooting,872842939905,No,No,Startup,Small,Bihar / Patna,24-06-2025
1235,Balaji Das,Male,22,+919996543522,balaji.das@rediffmail.com,No,10th,Law,53%,Private,513160,UP-2023-49333499,No,Education; Railway; Automotive; Telecom,Remote,No,,SC,cad; case analysis; maintenance; rf planning; teamwork; troubleshooting,705409869011,No,No,Startup,Large,Madhya Pradesh / Gwalior,14-03-2025
1236,Sneha Verma,Female,22,+918305968113,sneha.verma@gmail.com,No,12th,Science,83%,Govt.,702501,GJ-2024-14817542,No,Railway; Software,In-person,No,,SC,data analysis; lab techniques; oop; operations; problem solving; safety,211051141076,Yes,No,Corporate,Medium,Telangana / Hyderabad,08-08-2025
1237,Mitali Mukherjee,Female,23,+917863330883,mitali.mukherjee@hotmail.com,No,Graduation,Pharmacy,70%,Private,402788,DL-2025-69781812,No,Software; Healthcare; IT,Hybrid,Yes,Telecom,SC,algorithms; api design; html; java; python; react; sql,830485236755,No,No,MSME,Medium,Haryana / Gurugram,03-05-2025
1238,Pari Mukherjee,Female,23,+919034674899,pari.mukherjee@yahoo.com,No,Graduation,Agriculture,6.32,Tier-3,100590,MH-2023-65302282,No,IT; Manufacturing; Electrical,In-person,No,,SC,cam; power systems; python; quality control; six sigma; sql,262129535260,No,Yes,Corporate,Small,Karnataka / Bengaluru,23-01-2025
1239,Rajesh Shetty,Male,23,+919147372966,rajesh.shetty160@gmail.com,No,Graduation,Engineering,54%,Tier-2,343169,GJ-2023-14177416,No,Software; Manufacturing,Remote,No,,ST,autocad; cam; cnc; time management,356197333715,No,No,MSME,Small,Delhi / New Delhi,10-07-2025
1240,Ishita Mehta,Female,22,+919543380150,ishita.mehta@outlook.com,No,Diploma,Pharmacy,50%,Rural college,545995,MP-2022-10575455,No,Manufacturing; E-commerce; IT,Hybrid,No,,ST,cam; cnc; html; quality control; teamwork; time management; writing,912313405032,Yes,No,Startup,Medium,Tamil Nadu / Madurai,30-10-2024
1241,Tulsi Joshi,Female,21,+918197315500,tulsi.joshi779@proton.me,No,Graduation,Arts,85%,Tier-3,784023,RJ-2024-96149380,No,Telecom; IT; Healthcare,Remote,No,,OBC,communication; css; lab techniques; linux; presentation; python; time management,255701658602,No,No,MSME,Large,Bihar / Patna,09-04-2025
1242,Azeem Saxena,Male,23,+917424638219,azeem.saxena@proton.me,No,12th,Medicine,57%,Private,327386,PB-2025-01576585,No,Healthcare; IT,Remote,Yes,IT,OBC,basic life support; css; java; record keeping; teamwork,216434161393,Yes,No,Startup,Medium,Madhya Pradesh / Indore,04-08-2025
1243,Imran Yadav,Male,22,+917494241787,imran.yadav@yahoo.com,No,ITI,Science,6.4,Private,74436,WB-2025-75536462,No,Electrical; Healthcare; Finance,Remote,No,,SC,circuit analysis; communication; excel; financial modeling; patient care; problem solving; record keeping,756267705822,No,No,MSME,Large,Kerala / Kozhikode,14-09-2024
1244,Aditya Chaudhary,Male,24,+918011372856,aditya.chaudhary@proton.me,No,Diploma,Law,7.36,Govt.,316779,DL-2024-03423290,No,E-commerce; Healthcare,Remote,No,,ST,communication; customer support; record keeping; time management,223005125423,Yes,No,PSU,Small,Haryana / Faridabad,16-07-2025
1245,Garima Tripathi,Female,22,+916421779497,garima.tripathi@gmail.com,No,10th,Agriculture,7.88,Govt.,790206,TN-2024-97517956,No,Healthcare; Education,In-person,No,,ST,biostatistics; communication; patient care; supply chain; time management,607737784681,Yes,No,MSME,Medium,Maharashtra / Nagpur,11-12-2024
1246,Monika Patel,Female,21,+917211282556,monika.patel@proton.me,No,Graduation,Agriculture,78%,Govt.,683136,MP-2023-94672227,No,Education; Railway,Remote,No,,OBC,classroom management; content creation; documentation; maintenance; operations; safety; supply chain; teamwork,536780187208,Yes,No,PSU,Small,Uttar Pradesh / Kanpur,25-10-2024
1247,Mayank Gupta,Male,23,+918311482826,mayank.gupta@proton.me,No,ITI,Pharmacy,84%,Govt.,397476,BR-2025-12807776,No,IT; Manufacturing; Software; Healthcare,Hybrid,No,,OBC,communication; problem solving; record keeping; sql; time management,069013319672,Yes,No,MSME,Large,Madhya Pradesh / Gwalior,16-06-2025
1248,Ritesh Bose,Male,21,+917175734540,ritesh.bose678@outlook.com,No,Graduation,Pharmacy,6.71,Private,600950,PB-2024-54521223,No,Software; Electrical,Hybrid,No,,OBC,api design; embedded; problem solving; soldering,266439779851,Yes,No,PSU,Small,Bihar / Gaya,20-01-2025
1249,Shruti Saxena,Female,21,+918628194953,shruti.saxena@proton.me,No,Diploma,Pharmacy,5.77,Govt.,790484,TN-2025-62156741,No,Telecom; Healthcare; Software,In-person,No,,OBC,api design; biostatistics; lab techniques; patient care; presentation; time management,193281773511,No,No,PSU,Large,Karnataka / Mysuru,25-03-2025
1250,Bikram Singh,Male,23,+916773551939,bikram.singh@rediffmail.com,No,10th,Law,8.43,Govt.,365530,DL-2023-22981558,No,Telecom; Education; Healthcare,Hybrid,Yes,Telecom,OBC,biostatistics; drafting; rf planning; teamwork,206416904000,No,No,Corporate,Medium,Telangana / Hyderabad,07-05-2025
1251,Manisha Jain,Female,21,+916920853458,manisha.jain@gmail.com,No,12th,Pharmacy,8.18,Private,357427,OD-2022-99986363,No,Manufacturing; Electrical,In-person,No,,SC,lean; pharmacology; supply chain; teamwork,348574179650,Yes,No,Startup,Medium,Telangana / Hyderabad,30-10-2024
1252,Arjun Pillai,Male,23,+917547867343,arjun.pillai@rediffmail.com,No,10th,Arts,5.64,Tier-2,78841,MP-2022-98083368,No,Railway; Healthcare,In-person,Yes,Education,SC,communication; operations; presentation; problem solving; research,454164761252,No,No,PSU,Small,Delhi / New Delhi,23-06-2025
1253,Himanshu Tiwari,Male,22,+918246581023,himanshu.tiwari@gmail.com,No,12th,Law,8.47,Private,109798,GJ-2024-95025974,No,Healthcare; Railway; E-commerce; Automotive,Hybrid,No,,OBC,presentation; quality checks; record keeping; supply chain; teamwork; time management,767805175651,Yes,No,Startup,Small,Haryana / Faridabad,01-07-2025
1254,Anushka Tripathi,Female,22,+917188277459,anushka.tripathi638@rediffmail.com,No,10th,Design,6.99,Govt.,497994,PB-2022-61259263,No,Software; Automotive; Education; Logistics,Remote,No,,SC,figma; lesson planning; supply chain; warehouse ops,116635815364,Yes,No,Corporate,Large,Telangana / Warangal,09-04-2025
1255,Radhika Sharma,Female,24,+919088783391,radhika.sharma@outlook.com,No,ITI,Commerce,8.98,Private,593757,UP-2024-60094208,No,Railway; Telecom; Manufacturing; IT,Remote,No,,OBC,cad; cnc; javascript; python,930606070416,Yes,No,Corporate,Large,Telangana / Hyderabad,08-10-2024
1256,Bhavya Bhat,Female,23,+918044217414,bhavya.bhat@rediffmail.com,No,12th,Commerce,7.78,Govt.,575998,OD-2025-99959070,No,Automotive; Logistics; Electrical; Manufacturing,Hybrid,Yes,Telecom,ST,cnc; communication; market research; ms excel; soldering; writing,150088116017,Yes,No,Startup,Small,Kerala / Thiruvananthapuram,19-06-2025
1257,Zara Agarwal,Female,21,+917206220983,zara.agarwal406@outlook.com,No,Diploma,Arts,6.42,Govt.,533682,KL-2023-68359974,No,Healthcare; Manufacturing,Remote,Yes,Healthcare,SC,cnc; design basics; lab techniques; quality control; six sigma,157476248858,No,No,MSME,Large,Madhya Pradesh / Bhopal,10-04-2025
1258,Anirudh Kulkarni,Male,24,+916475649140,anirudh.kulkarni@hotmail.com,No,12th,Pharmacy,9.04,Tier-3,76212,DL-2024-73161236,No,Automotive; Telecom; Software,Remote,Yes,Telecom,OBC,assembly; data structures; rf planning; troubleshooting; writing,053345057246,Yes,No,PSU,Small,Tamil Nadu / Chennai,01-03-2025
1259,Bhumi Pillai,Female,22,+919956521837,bhumi.pillai@rediffmail.com,No,10th,Arts,7.26,Private,540127,MP-2022-64318431,No,Healthcare; IT; E-commerce; Finance,Remote,No,,SC,excel; linux; marketplace ops; python; research; teamwork; writing,957183547756,Yes,No,MSME,Large,Madhya Pradesh / Indore,20-03-2025
1260,Mahesh Saxena,Male,21,+918737340618,mahesh.saxena765@outlook.com,No,Graduation,Science,9.67,Private,682429,TS-2025-13826615,No,Railway; Education; Automotive,In-person,No,,OBC,cad; content creation; lab techniques; maintenance; statistics; teamwork; writing,791939192636,No,No,PSU,Small,Bihar / Patna,26-06-2025
1261,Farah Yadav,Female,21,+919599503468,farah.yadav199@outlook.com,No,Diploma,Arts,82%,Tier-2,138129,DL-2022-95118327,No,Education; Railway; Electrical,Remote,Yes,Healthcare,OBC,content writing; design basics; operations; writing,624790743069,Yes,No,PSU,Medium,Haryana / Gurugram,01-10-2024
1262,Sanya Tiwari,Female,24,+916655687032,sanya.tiwari@proton.me,No,Graduation,Law,9.45,Tier-3,644483,BR-2025-49854752,No,Healthcare; Finance,In-person,No,,OBC,biostatistics; gst; lab techniques; legal research; presentation; time management,536106909001,Yes,No,MSME,Large,Madhya Pradesh / Indore,20-10-2024
1263,Nidhi Bhat,Female,21,+918800302651,nidhi.bhat311@outlook.com,No,Graduation,Design,74%,Private,574462,PB-2023-48924649,No,Healthcare; IT; Telecom,Remote,No,,OBC,communication; first aid; problem solving; troubleshooting; ui principles,158710218030,Yes,No,PSU,Small,Uttar Pradesh / Lucknow,13-04-2025
1264,Siddharth Nair,Male,24,+918014504784,siddharth.nair765@outlook.com,No,Diploma,Science,6.89,Tier-3,94281,DL-2024-10887362,No,IT; Logistics; Healthcare,In-person,No,,OBC,html; presentation; react; sql; statistics; time management; warehouse ops,699931556789,No,No,Startup,Large,Bihar / Patna,06-08-2025
1265,Sumit Mukherjee,Male,22,+917833978539,sumit.mukherjee126@hotmail.com,No,Graduation,Management,81%,Private,472176,DL-2024-20385947,No,Finance; E-commerce,Hybrid,No,,OBC,audit; cataloging; excel; operations; reporting,294541483559,Yes,No,MSME,Small,Haryana / Gurugram,20-11-2024
1266,Lavanya Mehta,Female,21,+917182569855,lavanya.mehta@outlook.com,No,Graduation,Law,72%,Govt.,728390,TN-2025-97978009,No,Automotive; Manufacturing; E-commerce,Hybrid,No,,SC,assembly; cam; communication; six sigma; writing,761997601285,Yes,No,MSME,Small,Rajasthan / Udaipur,11-05-2025
1267,Mohan Kulkarni,Male,24,+916613671189,mohan.kulkarni@hotmail.com,No,Diploma,Education,5.58,Tier-2,766150,RJ-2022-13190601,No,Telecom; Logistics; Finance; Education,Remote,No,,SC,accounting; content creation; excel; inventory; ms excel; presentation; rf planning,663517100535,No,No,PSU,Large,Madhya Pradesh / Bhopal,20-11-2024
1268,Deepak Agarwal,Male,22,+916857397807,deepak.agarwal@yahoo.com,No,Graduation,Agriculture,58%,Tier-2,671800,KL-2025-87241195,No,Railway; Electrical; Healthcare,Remote,Yes,Healthcare,OBC,circuit analysis; documentation; field work; pcb design; presentation; record keeping; soldering,240507948021,Yes,No,PSU,Medium,West Bengal / Siliguri,03-12-2024
1269,Ojasvi Bhat,Female,21,+917780003995,ojasvi.bhat@hotmail.com,No,ITI,Science,73%,Private,769957,UP-2024-34124182,No,Manufacturing; IT,In-person,No,,OBC,presentation; react; testing; writing,242944000731,Yes,No,PSU,Medium,Punjab / Chandigarh,08-05-2025
1270,Sameer Verma,Male,24,+919107398299,sameer.verma@yahoo.com,No,Graduation,Commerce,5.98,Govt.,516231,KL-2023-38647542,No,Software; Education,Hybrid,No,,OBC,algorithms; classroom management; communication; docker; oop; presentation; unit testing,558640944335,No,No,PSU,Small,Kerala / Kozhikode,19-05-2025
1271,Shruti Srivastava,Female,23,+916065590778,shruti.srivastava@outlook.com,No,Diploma,Law,9.99,Govt.,240481,MP-2022-26056549,No,Logistics; Finance; Education; Manufacturing,Remote,No,,PwD,cad; content creation; gst; lesson planning; presentation; routing; six sigma,991494528742,No,Yes,Startup,Large,Rajasthan / Jaipur,22-07-2025
1272,Vivaan Gupta,Male,23,+917889120498,vivaan.gupta421@gmail.com,No,Graduation,Education,51%,Private,752521,TS-2024-09997267,No,E-commerce; Logistics; Telecom; Finance,Hybrid,No,,SC,presentation; problem solving; teaching; troubleshooting,699588998317,Yes,No,Startup,Large,Uttar Pradesh / Kanpur,10-01-2025
1273,Payal Bose,Female,23,+919950054368,payal.bose194@hotmail.com,No,Diploma,Science,55%,Tier-2,760431,KL-2022-95482165,No,Finance; Railway,In-person,No,,SC,audit; data analysis; documentation; gst; presentation; time management,905144524685,Yes,No,Corporate,Medium,Karnataka / Mysuru,07-07-2025
1274,Khushi Shetty,Female,24,+917206468357,khushi.shetty@hotmail.com,No,10th,Management,5.76,Private,220378,KA-2024-11937845,No,Logistics; E-commerce,Hybrid,No,,ST,communication; customer support; marketplace ops; operations; order management; seo; teamwork; writing,974546022857,No,No,Startup,Large,Haryana / Gurugram,26-12-2024
1275,Riya Das,Female,22,+919783902503,riya.das@gmail.com,No,Graduation,Law,67%,Tier-2,579665,UP-2023-26468627,No,Manufacturing; Finance; Automotive,Hybrid,No,,SC,assembly; quality control; six sigma; supply chain; tally; vehicle diagnostics,597845002597,No,No,MSME,Medium,Madhya Pradesh / Bhopal,26-01-2025
1276,Chhavi Shetty,Female,22,+919653556835,chhavi.shetty@rediffmail.com,No,10th,Arts,88%,Private,121434,HR-2025-92980144,No,Education; E-commerce,In-person,No,,OBC,communication; content creation; content writing; lesson planning; marketplace ops; seo; teamwork,040563155123,Yes,No,Startup,Large,Bihar / Gaya,21-04-2025
1277,Ayan Kapoor,Male,23,+919909515944,ayan.kapoor@yahoo.com,No,Graduation,Commerce,72%,Private,74281,OD-2024-49421807,No,IT; Education,In-person,Yes,Telecom,OBC,assessment; css; lesson planning; linux; presentation; react; testing; writing,325315758379,Yes,No,Corporate,Medium,Gujarat / Vadodara,20-03-2025
1278,Prakash Chaudhary,Male,22,+917801199257,prakash.chaudhary@hotmail.com,No,Graduation,Agriculture,55%,Private,477484,UP-2023-22674085,No,Healthcare; Manufacturing; Finance; Software,In-person,No,,SC,algorithms; cnc; communication; docker; quality control; six sigma; supply chain; unit testing,606727516288,Yes,No,PSU,Large,Karnataka / Mangaluru,03-04-2025
1279,Ayan Khan,Male,21,+919312992482,ayan.khan@outlook.com,No,Graduation,Management,63%,Private,639307,WB-2022-06786251,No,Logistics; Automotive; Electrical; Telecom,In-person,No,,OBC,cad; embedded; operations; reporting; soldering; time management; vehicle diagnostics; writing,935142413007,Yes,No,Corporate,Large,Gujarat / Ahmedabad,28-01-2025
1280,Alok Kapoor,Male,22,+919125199643,alok.kapoor@proton.me,No,12th,Commerce,7.57,Govt.,666154,UP-2023-11802806,No,Railway; Telecom; Manufacturing,Remote,Yes,E-commerce,SC,accounting; cam; maintenance; safety,130078232957,No,No,Startup,Medium,Haryana / Gurugram,21-12-2024
1281,Rajat Malhotra,Male,23,+916017084138,rajat.malhotra@rediffmail.com,No,Diploma,Management,71%,Govt.,782502,GJ-2022-49640069,No,Telecom; Manufacturing,In-person,No,,OBC,communication; operations; presentation; problem solving; reporting; teamwork; time management,450774521556,Yes,No,Corporate,Small,Uttar Pradesh / Lucknow,16-06-2025
1282,Abdul Bose,Male,21,+919566700843,abdul.bose@proton.me,No,Diploma,Pharmacy,7.97,Govt.,151200,UP-2023-47949558,No,Electrical; Manufacturing,In-person,Yes,Automotive,SC,cnc; power systems; quality control; six sigma; soldering; writing,476126706852,No,No,Corporate,Small,Telangana / Warangal,12-12-2024
1283,Yuvraj Tripathi,Male,24,+918500798739,yuvraj.tripathi567@outlook.com,No,Graduation,Law,9.18,Private,590367,MH-2023-05184059,No,Automotive; Railway,Remote,No,,OBC,documentation; drafting; legal research; supply chain,289596882046,No,No,MSME,Small,Punjab / Ludhiana,02-05-2025
1284,Abhishek Mishra,Male,21,+919959700796,abhishek.mishra@gmail.com,No,10th,Agriculture,5.01,Govt.,546352,BR-2022-96347039,No,IT; E-commerce; Healthcare,Remote,Yes,Healthcare,SC,html; patient care; soil testing; writing,868537626754,Yes,No,MSME,Medium,West Bengal / Kolkata,14-07-2025
1285,Jitesh Jain,Male,21,+919806799235,jitesh.jain790@rediffmail.com,No,Graduation,Engineering,5.23,Private,648754,KL-2025-21429774,No,Software; Healthcare,In-person,Yes,Finance,SC,communication; docker; first aid; lab techniques; project management; time management; unit testing,955932976841,Yes,No,Startup,Small,Kerala / Thiruvananthapuram,01-02-2025
1286,Lavanya Yadav,Female,24,+918333218553,lavanya.yadav@gmail.com,No,10th,Education,51%,Private,689238,MH-2022-80017909,No,Software; Electrical,In-person,No,,OBC,algorithms; data structures; embedded; power systems; presentation,392969861979,Yes,No,PSU,Small,Tamil Nadu / Coimbatore,06-09-2025
1287,Priya Chaudhary,Female,21,+918271896626,priya.chaudhary@gmail.com,No,ITI,Engineering,81%,Govt.,524458,TN-2023-84597530,No,Manufacturing; IT; Automotive; Railway,Remote,No,,ST,assembly; documentation; linux; presentation,398456705699,No,No,Startup,Large,Rajasthan / Jaipur,19-06-2025
1288,Vijay Jain,Male,22,+918630304490,vijay.jain585@hotmail.com,No,Graduation,Design,7.73,Private,560695,PB-2024-06242679,No,E-commerce; Electrical,Remote,No,,OBC,adobe xd; embedded; problem solving; soldering; teamwork; ui principles; writing,268023281151,Yes,No,MSME,Large,Rajasthan / Jodhpur,28-11-2024
1289,Pranav Khan,Male,23,+916070084630,pranav.khan@proton.me,No,Diploma,Pharmacy,6.21,Govt.,182314,OD-2022-34760839,No,Software; E-commerce; Logistics,Hybrid,No,,OBC,cataloging; data structures; routing; warehouse ops; writing,410926878135,Yes,No,Corporate,Medium,Odisha / Bhubaneswar,03-09-2025
1290,Neha Srivastava,Female,24,+916031751490,neha.srivastava@rediffmail.com,No,Graduation,Arts,9.55,Tier-2,607622,KL-2025-76547523,No,Manufacturing; E-commerce; Software; Finance,In-person,No,,PwD,api design; audit; presentation; research,947680961941,Yes,Yes,Startup,Medium,Bihar / Patna,15-08-2025
1291,Sameer Reddy,Male,22,+919105656826,sameer.reddy259@gmail.com,No,12th,Management,91%,Private,198075,HR-2022-09957767,No,Healthcare; IT,In-person,No,,OBC,git; javascript; problem solving; python; time management,396131875484,Yes,No,PSU,Large,Bihar / Patna,08-03-2025
1292,Avni Das,Female,24,+919435627669,avni.das700@rediffmail.com,No,Graduation,Arts,6.89,Private,226850,KA-2023-17287803,No,E-commerce; Manufacturing,Hybrid,Yes,Healthcare,OBC,presentation; problem solving; supply chain; writing,949398023158,Yes,Yes,PSU,Medium,Rajasthan / Udaipur,21-01-2025
1293,Arjun Tiwari,Male,24,+919966124063,arjun.tiwari@yahoo.com,No,Graduation,Pharmacy,9.41,Govt.,369872,PB-2023-27697953,No,Manufacturing; Automotive,In-person,No,,SC,cad; cnc; communication; pharmacology; quality checks; six sigma; supply chain; time management,653258879249,No,No,PSU,Medium,Uttar Pradesh / Lucknow,06-01-2025
1294,Sanjay Tripathi,Male,21,+917073640928,sanjay.tripathi@hotmail.com,No,Graduation,Agriculture,81%,Private,535562,RJ-2025-58727969,No,Railway; Software,In-person,No,,OBC,communication; docker; field work; safety; signal systems; soil testing; teamwork; time management,033595999303,No,No,MSME,Medium,Haryana / Faridabad,04-07-2025
1295,Pankaj Malhotra,Male,24,+917190822751,pankaj.malhotra126@outlook.com,No,10th,Education,91%,Private,264905,WB-2023-71417828,No,Railway; Education; Finance; Automotive,Remote,No,,SC,gst; presentation; problem solving; writing,911350921392,No,No,Corporate,Large,Haryana / Faridabad,23-01-2025
1296,Mohan Bhat,Male,24,+916119896643,mohan.bhat@yahoo.com,No,12th,Management,5.66,Private,775095,RJ-2024-41020896,No,Finance; Logistics,Remote,No,,OBC,accounting; audit; financial modeling; teamwork,811336910396,Yes,No,MSME,Medium,Uttar Pradesh / Kanpur,03-09-2025
1297,Nitin Srivastava,Male,21,+917133753906,nitin.srivastava@rediffmail.com,No,Graduation,Medicine,8.6,Rural college,429359,TS-2023-91168268,No,Healthcare; IT; Electrical; Software,Hybrid,No,,OBC,basic life support; docker; html; java; record keeping; writing,594009016715,Yes,No,MSME,Medium,Maharashtra / Mumbai,20-09-2024
1298,Yash Agarwal,Male,21,+918699296610,yash.agarwal@rediffmail.com,No,Graduation,Education,8.54,Private,330816,KA-2025-43712926,No,Healthcare; Logistics,Remote,Yes,Finance,ST,assessment; inventory; lab techniques; lesson planning; procurement; teamwork; time management; writing,386926928747,Yes,No,PSU,Large,Maharashtra / Pune,04-04-2025
1299,Shikha Singh,Female,21,+917062531518,shikha.singh794@hotmail.com,No,12th,Education,8.92,Private,300374,KA-2025-63324320,No,Automotive; Manufacturing; Software; Telecom,In-person,No,,SC,algorithms; data structures; fiber splicing; networking; quality control; supply chain,075235314012,Yes,No,MSME,Large,Maharashtra / Mumbai,28-07-2025
1300,Shweta Patel,Female,22,+916102279645,shweta.patel@gmail.com,No,Diploma,Design,5.37,Private,567377,HR-2023-06716609,No,Logistics; Telecom; E-commerce; Finance,In-person,No,,ST,procurement; routing; seo; tally; writing,626633057532,Yes,No,MSME,Small,Rajasthan / Jaipur,12-03-2025
1301,Zara Ghosh,Female,24,+918954947045,zara.ghosh317@proton.me,No,Graduation,Pharmacy,6.49,Private,532004,MH-2024-80833608,No,Railway; Education,Remote,No,,OBC,classroom management; gmp; maintenance; operations; safety; signal systems; time management,853533034031,Yes,No,Corporate,Medium,Madhya Pradesh / Indore,19-04-2025
1302,Shaurya Malhotra,Male,23,+918965533944,shaurya.malhotra339@outlook.com,No,Graduation,Science,69%,Private,136539,GJ-2024-63957278,No,Finance; Electrical; Education; Automotive,Hybrid,Yes,E-commerce,SC,assembly; cad; communication; embedded; presentation,517725868590,Yes,No,PSU,Large,Kerala / Kochi,14-10-2024
1303,Pooja Malhotra,Female,24,+916438327438,pooja.malhotra797@yahoo.com,No,10th,Engineering,6.39,Private,379172,KA-2025-91658173,No,Education; Finance,Remote,No,,OBC,accounting; content creation; financial modeling; lesson planning; tally; time management; writing,905207516320,No,No,Startup,Small,Odisha / Bhubaneswar,11-02-2025
1304,Anushka Kapoor,Female,24,+917970232221,anushka.kapoor680@hotmail.com,No,Graduation,Pharmacy,8.47,Tier-2,475493,MP-2022-07967852,No,IT; Healthcare; Manufacturing; Finance,In-person,Yes,Telecom,ST,cad; financial modeling; gst; html; patient care; problem solving,918623177771,Yes,No,MSME,Large,Haryana / Gurugram,17-09-2024
1305,Abhishek Chaudhary,Male,24,+916282224066,abhishek.chaudhary@hotmail.com,No,ITI,Engineering,7.13,Tier-2,699287,KA-2024-73802309,No,Telecom; E-commerce,In-person,Yes,Telecom,SC,cataloging; fiber splicing; networking; order management; time management; writing,095797079610,Yes,No,Corporate,Large,Telangana / Warangal,17-08-2025
1306,Sangeeta Mehta,Female,21,+919663217689,sangeeta.mehta369@rediffmail.com,No,Diploma,Design,78%,Govt.,770555,HR-2025-63801585,No,Railway; Telecom; Logistics,Remote,Yes,E-commerce,OBC,documentation; maintenance; routing; time management; ui principles,700914523649,No,No,PSU,Medium,Bihar / Patna,19-05-2025
1307,Arjun Chopra,Male,22,+917356235781,arjun.chopra180@yahoo.com,No,Graduation,Pharmacy,65%,Private,536476,TS-2023-13213338,No,Railway; Education; Automotive; IT,In-person,No,,ST,assessment; operations; problem solving; sql; teaching; testing,459048036760,No,No,Startup,Small,Haryana / Faridabad,25-05-2025
1308,Punit Saxena,Male,22,+919461874244,punit.saxena175@yahoo.com,No,Graduation,Agriculture,7.09,Tier-3,426256,RJ-2022-16037151,No,Education; IT; Healthcare,In-person,Yes,Software,ST,css; lesson planning; react; record keeping; testing,769033256502,Yes,No,PSU,Small,Gujarat / Vadodara,13-06-2025
1309,Bhavya Pillai,Female,22,+916808087326,bhavya.pillai@rediffmail.com,No,ITI,Commerce,84%,Private,583767,GJ-2025-20713503,No,Automotive; IT,Remote,No,,OBC,html; linux; python; quality checks; react; testing; time management,373493375726,Yes,No,MSME,Large,Odisha / Cuttack,26-11-2024
1310,Ravi Iyer,Male,21,+918601229245,ravi.iyer@rediffmail.com,No,Graduation,Arts,8.07,Govt.,485985,UP-2024-55651702,No,Railway; IT; Healthcare,In-person,Yes,Automotive,SC,css; first aid; linux; problem solving; time management,063125279514,No,No,MSME,Large,Haryana / Gurugram,13-10-2024
1311,Mayank Pillai,Male,24,+917879815885,mayank.pillai@rediffmail.com,No,Graduation,Medicine,7.42,Tier-3,147348,TN-2024-68997714,No,Logistics; Electrical; Manufacturing,Remote,Yes,Manufacturing,OBC,circuit analysis; cnc; embedded; six sigma; teamwork,687284685397,No,No,Corporate,Medium,Kerala / Thiruvananthapuram,31-10-2024
1312,Nikita Jain,Female,23,+917085162764,nikita.jain@hotmail.com,No,12th,Design,72%,Rural college,499352,UP-2023-52616981,No,Software; Railway; Logistics,Remote,Yes,Automotive,OBC,documentation; maintenance; problem solving; routing; signal systems; teamwork,593224677856,Yes,No,Corporate,Small,Haryana / Faridabad,17-04-2025
1313,Prerna Gupta,Female,24,+919455536236,prerna.gupta@hotmail.com,No,12th,Design,8.04,Private,376951,KL-2022-42856275,No,Railway; Electrical,Hybrid,No,,ST,adobe xd; circuit analysis; communication; figma; safety; teamwork; time management; writing,114326081525,No,No,PSU,Large,Odisha / Bhubaneswar,19-08-2025
1314,Vaishnavi Ghosh,Female,23,+917672895480,vaishnavi.ghosh@hotmail.com,No,Graduation,Engineering,6.06,Private,469340,DL-2025-18732993,No,Electrical; E-commerce; Education; Finance,Hybrid,No,,OBC,marketplace ops; matlab; soldering; writing,701446017481,Yes,No,Startup,Medium,Gujarat / Ahmedabad,17-07-2025
1315,Aaradhya Agarwal,Female,24,+918695983301,aaradhya.agarwal@gmail.com,No,ITI,Law,77%,Tier-3,203578,PB-2024-97181029,No,Electrical; Finance; IT; Telecom,In-person,No,,OBC,circuit analysis; css; financial modeling; java; python; sql,885340133178,Yes,No,PSU,Large,Delhi / New Delhi,17-11-2024
1316,Sneha Srivastava,Female,21,+919271944267,sneha.srivastava@proton.me,No,ITI,Education,6.62,Govt.,761070,TS-2024-18181154,No,Finance; Manufacturing,Remote,No,,OBC,audit; financial modeling; gst; quality control; tally; teamwork,347631457717,Yes,No,Startup,Large,Gujarat / Vadodara,02-07-2025
1317,Suresh Khan,Male,22,+916345212076,suresh.khan660@proton.me,No,Graduation,Commerce,5.19,Private,620933,KA-2023-85315125,No,Automotive; Manufacturing; Software,Remote,No,,OBC,communication; excel; problem solving; quality checks; vehicle diagnostics,058361230479,Yes,No,Corporate,Large,Odisha / Bhubaneswar,18-02-2025
1318,Nikhil Reddy,Male,23,+919649365761,nikhil.reddy@proton.me,No,ITI,Medicine,84%,Tier-3,776972,GJ-2024-17545912,No,Logistics; Telecom; Electrical; Finance,In-person,No,,OBC,communication; gst; inventory; power systems; problem solving; rf planning; soldering,978014576888,No,No,Startup,Large,Uttar Pradesh / Lucknow,06-08-2025
1319,Poonam Saxena,Female,21,+919035299877,poonam.saxena509@yahoo.com,No,Diploma,Pharmacy,56%,Govt.,288209,WB-2022-25781029,No,Manufacturing; Electrical; Software; IT,Hybrid,Yes,Manufacturing,SC,docker; html; java; pharmacology; react; time management,836675079083,Yes,No,Corporate,Small,Punjab / Chandigarh,14-11-2024
1320,Ira Gupta,Female,21,+917958936317,ira.gupta61@rediffmail.com,No,Diploma,Design,82%,Private,104791,MP-2024-38272036,No,Finance; Education; Railway; E-commerce,Remote,No,,ST,adobe xd; communication; content creation; figma; financial modeling; order management; presentation; time management,765998439426,No,No,Corporate,Small,Rajasthan / Udaipur,30-06-2025
1321,Harshit Chopra,Male,21,+916329668941,harshit.chopra163@proton.me,No,Diploma,Education,5.02,Tier-3,369314,HR-2023-53207401,No,Software; Automotive; Education,Remote,No,,OBC,algorithms; api design; assessment; communication; oop; writing,190144951664,Yes,No,MSME,Large,West Bengal / Kolkata,24-09-2024
1322,Roshni Chopra,Female,21,+919427986601,roshni.chopra@outlook.com,No,Graduation,Design,6.35,Private,427635,GJ-2022-82837481,No,IT; Automotive,Hybrid,No,,SC,assembly; git; java; javascript; sql; teamwork; ui principles,795246357224,Yes,No,Startup,Small,Delhi / New Delhi,19-07-2025
1323,Ritvik Tripathi,Male,23,+917564053379,ritvik.tripathi@gmail.com,No,Graduation,Commerce,64%,Tier-3,700903,HR-2022-73407006,No,Telecom; Electrical; Manufacturing; Education,Remote,No,,SC,embedded; networking; problem solving; six sigma,061754574798,Yes,No,MSME,Small,Tamil Nadu / Coimbatore,23-10-2024
1324,Prerna Chopra,Female,22,+917228624180,prerna.chopra392@proton.me,No,ITI,Pharmacy,7.37,Govt.,478755,OD-2025-61910572,No,Telecom; Healthcare; Manufacturing,In-person,Yes,E-commerce,OBC,biostatistics; cad; cnc; networking; qc; six sigma; writing,237904607041,Yes,Yes,Corporate,Large,Maharashtra / Nagpur,31-05-2025
1325,Ishaan Bhat,Male,24,+919118287241,ishaan.bhat@proton.me,No,12th,Arts,5.03,Private,316773,KA-2025-09872791,No,Automotive; Railway,Remote,Yes,Education,OBC,presentation; problem solving; supply chain; writing,741621630940,Yes,No,Startup,Large,Uttar Pradesh / Lucknow,25-08-2025
1326,Harshit Kapoor,Male,23,+918101519590,harshit.kapoor@proton.me,No,Graduation,Science,84%,Tier-3,327700,MH-2025-57954230,No,Logistics; Electrical; Automotive; Finance,Remote,No,,ST,assembly; audit; cad; financial modeling; power systems; procurement; quality checks; warehouse ops,814047797926,No,No,MSME,Small,Haryana / Faridabad,08-01-2025
1327,Mahesh Bose,Male,24,+918495155341,mahesh.bose@yahoo.com,No,10th,Commerce,8.63,Private,215592,MP-2022-33870053,No,Telecom; Railway; Finance,Remote,Yes,IT,SC,accounting; communication; documentation; maintenance; market research; presentation; signal systems; troubleshooting,983768149755,No,No,Corporate,Large,Punjab / Chandigarh,30-03-2025
1328,Bikram Mehta,Male,23,+918580894930,bikram.mehta612@proton.me,No,Diploma,Education,7.17,Tier-3,316186,KL-2025-00836532,No,E-commerce; Electrical,Remote,Yes,Finance,OBC,lesson planning; marketplace ops; order management; power systems; seo,039625784100,Yes,No,PSU,Small,Punjab / Chandigarh,31-08-2025
1329,Meera Bhat,Female,22,+919579181550,meera.bhat333@yahoo.com,No,Diploma,Law,62%,Private,227530,HR-2023-34006951,No,Manufacturing; Logistics; Telecom,In-person,No,,OBC,cad; cnc; legal research; networking; presentation; six sigma,806224012100,No,No,MSME,Small,Odisha / Bhubaneswar,30-06-2025
1330,Garima Mishra,Female,21,+918009970743,garima.mishra@rediffmail.com,No,Graduation,Science,8.63,Rural college,380299,DL-2023-89426391,No,Education; IT; Software,In-person,No,,OBC,communication; data analysis; data structures; html; lesson planning; time management,544419771493,No,No,Corporate,Medium,Punjab / Ludhiana,11-03-2025
1331,Madhuri Tripathi,Female,22,+917209884558,madhuri.tripathi@outlook.com,No,Diploma,Arts,87%,Govt.,277782,KA-2024-04983599,No,Software; Electrical,Hybrid,Yes,Finance,SC,circuit analysis; communication; content writing; design basics; pcb design; presentation; soldering; writing,867127036860,Yes,No,Corporate,Small,Uttar Pradesh / Kanpur,24-10-2024
1332,Sangeeta Das,Female,21,+919226758875,sangeeta.das821@hotmail.com,No,Diploma,Pharmacy,9.33,Govt.,163116,KA-2022-91183628,No,IT; Manufacturing,In-person,Yes,E-commerce,OBC,communication; css; python; teamwork; testing,650019255569,Yes,No,Startup,Small,Maharashtra / Mumbai,12-02-2025
1333,Seema Kapoor,Female,21,+917167546471,seema.kapoor@hotmail.com,No,Graduation,Commerce,72%,Private,706802,OD-2022-72529458,No,Automotive; Manufacturing,Remote,No,,OBC,accounting; cam; communication; market research; teamwork,584747502144,Yes,No,PSU,Large,Kerala / Kochi,18-11-2024
1334,Niharika Joshi,Female,24,+918475480851,niharika.joshi@yahoo.com,No,Graduation,Design,8.61,Private,428991,OD-2025-85066271,No,Healthcare; Telecom; Manufacturing,Remote,Yes,Software,OBC,adobe xd; first aid; networking; patient care; problem solving; quality control; time management; ui principles,634628937813,No,No,Corporate,Medium,Bihar / Patna,30-03-2025
1335,Vishal Srivastava,Male,21,+917109852722,vishal.srivastava@gmail.com,No,Diploma,Medicine,68%,Private,367059,TN-2022-20976883,No,Healthcare; Manufacturing,Remote,Yes,Telecom,SC,cnc; first aid; lab techniques; lean; presentation; supply chain; teamwork,503882429485,Yes,No,PSU,Medium,Kerala / Kochi,22-06-2025
1336,Zubair Jain,Male,21,+917504481574,zubair.jain371@outlook.com,No,12th,Education,8.36,Private,228586,MP-2023-70227832,No,Finance; Healthcare; IT,Remote,No,,SC,biostatistics; first aid; html; java; lab techniques; lesson planning; python; teaching,562600395782,Yes,No,Startup,Large,Bihar / Gaya,09-09-2025
1337,Amit Agarwal,Male,21,+917537359815,amit.agarwal47@hotmail.com,No,ITI,Science,7.23,Tier-3,776379,WB-2023-19879259,No,Telecom; Healthcare; Software,In-person,Yes,E-commerce,OBC,algorithms; api design; first aid; presentation; rf planning; statistics; time management,952033207696,Yes,No,MSME,Large,Telangana / Hyderabad,27-02-2025
1338,Poonam Mishra,Female,23,+916367404547,poonam.mishra163@hotmail.com,No,Graduation,Agriculture,51%,Private,612566,KA-2024-11248420,No,Automotive; Healthcare,In-person,Yes,Healthcare,SC,assembly; biostatistics; cad; communication; lab techniques; supply chain; time management,718328450114,Yes,No,MSME,Large,Bihar / Patna,17-12-2024
1339,Amit Mehta,Male,24,+916092628058,amit.mehta@gmail.com,No,Graduation,Arts,5.97,Tier-3,101248,UP-2024-69211819,No,Education; Manufacturing; Finance; Healthcare,In-person,No,,OBC,accounting; assessment; cnc; excel; lean; lesson planning; record keeping; research,921378516724,Yes,No,Corporate,Small,Uttar Pradesh / Lucknow,03-12-2024
1340,Shruti Kapoor,Female,24,+917309541443,shruti.kapoor176@hotmail.com,No,Graduation,Design,72%,Rural college,676680,MH-2025-27507553,No,Telecom; Finance; Software,Hybrid,No,,SC,api design; tally; troubleshooting; ui principles,985179798202,Yes,No,PSU,Large,Delhi / New Delhi,02-12-2024
1341,Ravi Das,Male,22,+917013089839,ravi.das906@rediffmail.com,No,12th,Law,8.98,Private,95012,TN-2023-85882767,No,Healthcare; Electrical,Hybrid,No,,SC,biostatistics; lab techniques; power systems; time management,187708077396,No,No,PSU,Small,Tamil Nadu / Chennai,25-05-2025
1342,Ishaan Ghosh,Male,24,+918520017202,ishaan.ghosh@proton.me,No,Graduation,Arts,61%,Private,139705,BR-2023-03714941,No,Automotive; Railway; Electrical; Telecom,Remote,No,,PwD,assembly; communication; embedded; power systems; presentation; rf planning; supply chain; time management,568931011323,Yes,Yes,PSU,Medium,Delhi / New Delhi,03-11-2024
1343,Riya Khan,Female,22,+916549414937,riya.khan@yahoo.com,No,Graduation,Design,8.54,Private,768214,MH-2024-75119074,No,Finance; Automotive; Railway,Hybrid,Yes,Education,SC,adobe xd; audit; communication; gst; maintenance; presentation; tally; vehicle diagnostics,452405673517,Yes,No,Startup,Large,Telangana / Warangal,21-11-2024
1344,Rakesh Sharma,Male,23,+919467398633,rakesh.sharma@hotmail.com,No,12th,Commerce,9.35,Govt.,171452,TN-2023-37947945,No,Electrical; Healthcare; IT; Manufacturing,Hybrid,Yes,Manufacturing,ST,accounting; cnc; git; quality control; react; time management,841328389310,No,No,PSU,Small,Punjab / Chandigarh,24-07-2025
1345,Venkatesh Jain,Male,21,+917275118092,venkatesh.jain@rediffmail.com,No,10th,Engineering,59%,Private,751091,KA-2022-32164844,No,Electrical; Education; Logistics,In-person,No,,SC,circuit analysis; content creation; embedded; lesson planning; presentation; problem solving; teamwork,686281409620,Yes,No,MSME,Small,Punjab / Chandigarh,31-03-2025
1346,Deepak Patel,Male,22,+919148544908,deepak.patel258@proton.me,No,12th,Agriculture,67%,Tier-3,132835,TN-2025-33549846,No,Electrical; Healthcare,Remote,Yes,E-commerce,ST,communication; field work; first aid; patient care; supply chain; teamwork,431854703257,Yes,No,MSME,Medium,Uttar Pradesh / Kanpur,04-10-2024
1347,Prakash Iyer,Male,22,+919726903538,prakash.iyer@outlook.com,No,12th,Pharmacy,65%,Private,678624,PB-2022-80740604,No,Railway; Manufacturing; Electrical; Education,In-person,No,,OBC,cad; cam; lesson planning; power systems; signal systems; six sigma; time management,468824463258,No,No,PSU,Medium,Madhya Pradesh / Bhopal,03-09-2025
1348,Ayan Kapoor,Male,21,+916146517304,ayan.kapoor@proton.me,No,ITI,Science,73%,Private,509214,WB-2022-30749520,No,Finance; Automotive; Education; IT,Hybrid,No,,SC,classroom management; financial modeling; lab techniques; statistics; teamwork,674642768042,Yes,No,Startup,Large,Bihar / Patna,04-09-2025
1349,Divya Malhotra,Female,24,+919087688651,divya.malhotra467@gmail.com,No,12th,Design,8.5,Govt.,480974,OD-2025-03100759,No,Finance; Education,Hybrid,No,,SC,adobe xd; assessment; communication; figma; teaching; time management; ui principles; writing,438284490486,Yes,No,Startup,Small,Maharashtra / Mumbai,04-09-2025
1350,Ojasvi Tripathi,Female,22,+916623666135,ojasvi.tripathi@hotmail.com,No,10th,Pharmacy,54%,Private,624771,MP-2025-13959255,No,Automotive; Education; IT,In-person,No,,PwD,classroom management; pharmacology; python; teaching,459336663657,No,Yes,PSU,Small,Telangana / Warangal,07-07-2025
1351,Khushi Reddy,Female,21,+918097105160,khushi.reddy@yahoo.com,No,10th,Education,7.59,Tier-3,128776,BR-2025-11195678,No,Software; IT; Automotive; Finance,Remote,No,,OBC,accounting; assessment; audit; excel; git; javascript; teaching; unit testing,451588143001,Yes,No,PSU,Medium,Maharashtra / Nagpur,11-12-2024
1352,Monika Nair,Female,23,+918235612968,monika.nair@gmail.com,No,12th,Science,92%,Govt.,230190,KL-2024-25591230,No,E-commerce; Finance; Railway,Hybrid,No,,SC,accounting; customer support; excel; gst; lab techniques; marketplace ops; time management,883327276877,Yes,No,PSU,Small,Bihar / Gaya,07-09-2025
1353,Sameer Mukherjee,Male,22,+916374452749,sameer.mukherjee@yahoo.com,No,ITI,Pharmacy,7.32,Tier-2,614633,KA-2025-20338986,No,Telecom; IT,Hybrid,Yes,E-commerce,OBC,communication; gmp; problem solving; python; teamwork; testing; writing,049518399961,No,No,MSME,Small,West Bengal / Siliguri,05-04-2025
1354,Sangeeta Pillai,Female,24,+919637012158,sangeeta.pillai623@yahoo.com,No,10th,Medicine,62%,Rural college,688611,WB-2022-11000266,No,Healthcare; E-commerce; Manufacturing,Hybrid,Yes,Education,SC,basic life support; cad; cam; communication; first aid; presentation; quality control; time management,416515568317,No,No,MSME,Medium,Odisha / Bhubaneswar,28-02-2025
1355,Samiksha Bhat,Female,22,+916528099491,samiksha.bhat@proton.me,No,Graduation,Pharmacy,9.69,Tier-3,631682,MH-2022-68410436,No,E-commerce; Railway; Automotive,Remote,No,,OBC,assembly; maintenance; operations; teamwork; writing,732739646800,Yes,No,MSME,Large,Tamil Nadu / Chennai,25-05-2025
1356,Zara Verma,Female,22,+919056913685,zara.verma204@proton.me,No,Diploma,Medicine,5.95,Private,368200,UP-2024-24502449,No,Education; Software,Hybrid,No,,OBC,api design; assessment; lesson planning; teaching; teamwork; writing,426850312607,Yes,No,Startup,Medium,Uttar Pradesh / Kanpur,23-10-2024
1357,Kavya Chaudhary,Female,24,+918283361368,kavya.chaudhary292@gmail.com,No,Diploma,Engineering,70%,Tier-3,182924,PB-2024-99297105,No,E-commerce; Railway,Remote,Yes,IT,ST,autocad; matlab; operations; presentation; project management; teamwork; time management; writing,031609246873,Yes,No,MSME,Small,Odisha / Bhubaneswar,19-07-2025
1358,Prerna Singh,Female,21,+916784595901,prerna.singh@rediffmail.com,No,12th,Agriculture,9.2,Tier-2,719765,GJ-2024-80181313,No,Software; Logistics; IT; Telecom,Remote,No,,ST,communication; docker; ms excel; problem solving; react; sql; testing; writing,136404272790,Yes,No,MSME,Large,Odisha / Bhubaneswar,23-10-2024
1359,Krishna Khan,Male,24,+916857547891,krishna.khan@yahoo.com,No,ITI,Agriculture,5.01,Private,74270,OD-2023-70503890,No,Logistics; Railway; IT,Remote,No,,OBC,communication; css; git; java; ms excel; presentation; time management,780620518559,Yes,No,MSME,Large,Maharashtra / Mumbai,18-03-2025
1360,Yuvraj Singh,Male,23,+917674345216,yuvraj.singh402@gmail.com,No,10th,Design,5.67,Rural college,425761,KL-2025-96226902,No,Electrical; Telecom; Software; Education,In-person,Yes,IT,OBC,communication; docker; fiber splicing; figma; pcb design; problem solving; rf planning; ui principles,887348561443,Yes,No,PSU,Small,Haryana / Faridabad,04-11-2024
1361,Meera Khan,Female,24,+916428149017,meera.khan517@outlook.com,No,10th,Law,93%,Govt.,522651,MH-2023-66040434,No,Healthcare; Telecom; Electrical,Remote,Yes,Automotive,OBC,lab techniques; patient care; pcb design; writing,263995345779,No,No,Corporate,Medium,Punjab / Ludhiana,08-04-2025
1362,Nikita Chaudhary,Female,24,+916513626450,nikita.chaudhary@gmail.com,No,Graduation,Medicine,94%,Private,557075,TN-2022-52065164,No,Education; Healthcare,In-person,No,,OBC,assessment; documentation; lab safety; lab techniques; presentation,151213893862,Yes,No,MSME,Large,Odisha / Bhubaneswar,05-01-2025
1363,Yamini Bhat,Female,22,+916160060417,yamini.bhat286@outlook.com,No,12th,Science,5.35,Private,216605,MH-2022-74883238,No,Software; Railway; E-commerce,In-person,No,,ST,algorithms; lab techniques; oop; time management,921746794429,Yes,No,PSU,Medium,Telangana / Warangal,15-05-2025
1364,Jay Sharma,Male,22,+918030615360,jay.sharma@rediffmail.com,No,Diploma,Science,58%,Tier-3,343376,OD-2022-68475443,No,Railway; Healthcare,Remote,Yes,Software,ST,communication; first aid; patient care; record keeping; safety; signal systems,525625257678,No,No,PSU,Medium,Rajasthan / Jodhpur,30-05-2025
1365,Shubham Mehta,Male,23,+918027614821,shubham.mehta@proton.me,No,12th,Pharmacy,5.5,Private,674175,KA-2022-69329206,No,Finance; Railway; Healthcare; E-commerce,Hybrid,No,,OBC,customer support; first aid; gmp; lab techniques; problem solving; tally; time management,776055192554,Yes,No,Startup,Small,Telangana / Hyderabad,28-03-2025
1366,Vasudha Nair,Female,23,+918449599373,vasudha.nair@hotmail.com,No,Diploma,Agriculture,74%,Govt.,771218,TS-2023-98842805,No,Railway; Manufacturing,Remote,Yes,Healthcare,OBC,maintenance; operations; problem solving; signal systems; six sigma; supply chain,653378391420,Yes,No,Corporate,Medium,Uttar Pradesh / Noida,11-06-2025
1367,Poorvi Shetty,Female,21,+918032112305,poorvi.shetty@outlook.com,No,10th,Medicine,7.03,Private,506484,TN-2022-52340002,No,E-commerce; Electrical,Hybrid,Yes,Education,OBC,basic life support; cataloging; lab safety; pcb design; writing,972025540658,No,No,Corporate,Small,Bihar / Gaya,04-03-2025
1368,Mahima Singh,Female,21,+917365294377,mahima.singh@proton.me,No,Graduation,Engineering,81%,Private,293593,HR-2024-68565190,No,Electrical; Telecom; Healthcare; IT,Hybrid,No,,OBC,biostatistics; lab techniques; pcb design; project management; testing,812544243396,Yes,No,Corporate,Large,Gujarat / Vadodara,07-06-2025
1369,Kritika Sharma,Female,22,+918753591427,kritika.sharma913@hotmail.com,No,10th,Education,7.74,Private,353549,UP-2023-48250910,No,E-commerce; Education,In-person,No,,PwD,cataloging; classroom management; marketplace ops; order management; teaching; time management,517888545899,Yes,Yes,Corporate,Large,Tamil Nadu / Chennai,13-08-2025
1370,Om Joshi,Male,21,+917826508748,om.joshi@rediffmail.com,No,Diploma,Education,8.36,Private,548652,BR-2025-57074325,No,Logistics; E-commerce; IT; Finance,In-person,No,,SC,cataloging; linux; order management; python; testing; time management,761822545896,Yes,No,MSME,Small,Rajasthan / Udaipur,27-08-2025
1371,Ritvik Srivastava,Male,21,+918758096568,ritvik.srivastava@gmail.com,No,Diploma,Commerce,51%,Private,572181,WB-2022-93790141,No,E-commerce; Logistics,Remote,No,,SC,accounting; cataloging; customer support; inventory; order management; problem solving; routing; seo,435457293604,Yes,No,PSU,Small,Bihar / Patna,03-11-2024
1372,Aakash Bhat,Male,21,+918493656675,aakash.bhat@outlook.com,No,12th,Science,7.55,Private,140058,MP-2024-08967799,No,IT; Education; Railway,In-person,No,,OBC,classroom management; communication; maintenance; python; react; safety; sql; statistics,658163724244,No,No,PSU,Small,Bihar / Gaya,19-04-2025
1373,Ananya Gupta,Female,24,+917964752154,ananya.gupta@yahoo.com,No,Diploma,Education,7.2,Govt.,472617,BR-2023-71833731,No,Education; Healthcare,Remote,No,,SC,assessment; lab techniques; lesson planning; presentation; teaching; teamwork,992787373632,Yes,No,Corporate,Medium,Punjab / Chandigarh,18-04-2025
1374,Aarav Chaudhary,Male,21,+917806456980,aarav.chaudhary@outlook.com,No,Graduation,Education,8.5,Govt.,679497,KA-2024-82440957,No,Railway; Electrical; Education; E-commerce,Hybrid,Yes,Manufacturing,OBC,assessment; operations; safety; signal systems; teamwork; writing,715134534401,Yes,No,Corporate,Small,Gujarat / Ahmedabad,29-09-2024
1375,Kunal Reddy,Male,22,+918650979584,kunal.reddy@gmail.com,No,10th,Management,70%,Govt.,379217,BR-2024-81262734,No,Software; Railway; Electrical,Remote,No,,OBC,circuit analysis; data structures; documentation; operations; pcb design; signal systems; soldering,768637644820,No,No,PSU,Small,Odisha / Cuttack,14-09-2024
1376,Zoya Chopra,Female,23,+918072997925,zoya.chopra@yahoo.com,No,Diploma,Design,5.0,Private,312916,TN-2023-09276345,No,Software; Manufacturing,Remote,No,,OBC,adobe xd; api design; cam; communication; figma; lean; time management,032440168507,Yes,No,MSME,Small,Gujarat / Ahmedabad,08-07-2025
1377,Atharv Tripathi,Male,21,+918244690704,atharv.tripathi688@hotmail.com,No,Diploma,Law,5.64,Tier-2,115447,DL-2025-66088628,No,Electrical; Healthcare; Education,Remote,Yes,Manufacturing,ST,assessment; classroom management; communication; lab techniques; patient care; teaching; teamwork; time management,202144103510,No,No,Corporate,Small,Delhi / New Delhi,17-11-2024
1378,Abhishek Singh,Male,21,+916929160360,abhishek.singh@proton.me,No,Graduation,Arts,6.04,Private,279231,TN-2023-51635912,No,E-commerce; Electrical; Software; Railway,In-person,Yes,Education,OBC,docker; marketplace ops; oop; presentation; signal systems; soldering,715411089276,Yes,No,MSME,Medium,Madhya Pradesh / Gwalior,21-06-2025
1379,Ayesha Iyer,Female,24,+917380699485,ayesha.iyer500@hotmail.com,No,Graduation,Law,90%,Private,709685,GJ-2025-41492453,No,Electrical; Railway; Automotive,In-person,No,,OBC,communication; embedded; operations; signal systems; soldering; teamwork; writing,287945230686,Yes,No,MSME,Large,Madhya Pradesh / Gwalior,05-01-2025
1380,Vikram Tripathi,Male,23,+919554607352,vikram.tripathi@rediffmail.com,No,12th,Agriculture,84%,Tier-2,140912,WB-2025-08651851,No,IT; Education,Remote,No,,OBC,assessment; content creation; field work; java; problem solving; sql; time management,899083221127,Yes,No,Startup,Medium,Telangana / Hyderabad,25-02-2025
1381,Tanvi Mehta,Female,22,+919827285475,tanvi.mehta@rediffmail.com,No,Graduation,Engineering,9.1,Private,757244,WB-2022-91673246,No,IT; Railway; Logistics; Education,Remote,Yes,Healthcare,SC,autocad; git; java; python,475257022246,No,No,MSME,Large,Gujarat / Vadodara,03-11-2024
1382,Ashish Mukherjee,Male,23,+916798420251,ashish.mukherjee290@proton.me,No,Graduation,Agriculture,55%,Tier-2,109870,DL-2024-69805844,No,Logistics; IT; Manufacturing,Hybrid,No,,ST,inventory; procurement; sql; warehouse ops; writing,358921465649,Yes,No,MSME,Large,Telangana / Hyderabad,23-10-2024
1383,Vishal Patel,Male,21,+919187069893,vishal.patel@gmail.com,No,12th,Design,91%,Govt.,156485,TS-2022-15821467,No,Railway; Finance,Hybrid,No,,OBC,adobe xd; audit; financial modeling; ui principles; writing,946191522138,Yes,No,MSME,Small,Odisha / Cuttack,02-01-2025
1384,Rajat Joshi,Male,24,+917342313743,rajat.joshi143@rediffmail.com,No,ITI,Management,54%,Tier-3,549207,MH-2024-59332592,No,Software; Manufacturing,In-person,No,,OBC,cnc; communication; data structures; ms excel; operations; six sigma; unit testing,474316403000,Yes,No,Startup,Small,Bihar / Patna,15-09-2024
1385,Hina Bose,Female,24,+917275710994,hina.bose@gmail.com,No,Graduation,Arts,7.68,Govt.,487445,KA-2023-17186111,No,Healthcare; Electrical; IT; Logistics,Remote,Yes,Manufacturing,OBC,biostatistics; circuit analysis; communication; git; presentation; react; record keeping; warehouse ops,548281126893,Yes,No,Corporate,Small,Tamil Nadu / Madurai,11-06-2025
1386,Neha Chopra,Female,24,+918176950750,neha.chopra@gmail.com,No,Graduation,Engineering,56%,Private,405430,GJ-2023-36817706,No,Logistics; Railway; Finance,Remote,No,,SC,project management; routing; tally; teamwork,923749696257,No,No,PSU,Small,Bihar / Gaya,19-01-2025
1387,Trisha Kapoor,Female,24,+916333343560,trisha.kapoor@yahoo.com,No,Diploma,Engineering,88%,Rural college,653954,RJ-2022-63165000,No,Finance; Education; Automotive,In-person,Yes,Telecom,OBC,assessment; communication; excel; matlab; quality checks; vehicle diagnostics; writing,551202436682,Yes,No,Corporate,Small,West Bengal / Kolkata,12-06-2025
1388,Amit Das,Male,22,+918130007373,amit.das@hotmail.com,No,Diploma,Law,6.58,Private,673374,MP-2022-38531142,No,Education; Automotive,Remote,No,,OBC,cad; classroom management; drafting; legal research; presentation,300863966402,Yes,No,MSME,Small,Maharashtra / Pune,27-10-2024
1389,Rohit Srivastava,Male,22,+916321464902,rohit.srivastava364@gmail.com,No,Graduation,Arts,87%,Govt.,107351,TN-2024-59310051,No,Education; Telecom; Software; Automotive,In-person,No,,OBC,classroom management; quality checks; rf planning; teaching,301837245393,No,Yes,MSME,Small,Maharashtra / Pune,08-03-2025
1390,Radhika Reddy,Female,22,+916964950327,radhika.reddy@hotmail.com,No,10th,Arts,72%,Govt.,704118,WB-2022-96944401,No,Railway; Manufacturing; Healthcare; IT,Hybrid,Yes,Healthcare,OBC,cnc; communication; first aid; research,101459064431,Yes,No,Corporate,Small,Uttar Pradesh / Noida,09-07-2025
1391,Abhishek Agarwal,Male,23,+918490213007,abhishek.agarwal@outlook.com,No,Graduation,Medicine,84%,Private,790742,UP-2023-87014568,No,Education; Healthcare; Finance; Logistics,In-person,Yes,E-commerce,ST,audit; biostatistics; communication; financial modeling; lesson planning; patient care; writing,002888142488,No,No,Startup,Small,Haryana / Gurugram,20-05-2025
1392,Sunil Chaudhary,Male,23,+917994863769,sunil.chaudhary452@proton.me,No,12th,Pharmacy,6.39,Tier-2,361967,RJ-2024-80410415,No,Logistics; Software; Manufacturing,Remote,No,,SC,algorithms; communication; docker; lean; problem solving; routing; teamwork,652621114730,Yes,No,MSME,Medium,Odisha / Cuttack,07-05-2025
1393,Pihu Srivastava,Female,21,+918997483826,pihu.srivastava@yahoo.com,No,12th,Agriculture,5.47,Private,773696,DL-2023-71686962,No,Railway; Finance; Telecom; Automotive,Remote,Yes,Education,OBC,accounting; audit; cad; communication; excel; operations; tally; troubleshooting,888755232952,No,No,Corporate,Medium,Madhya Pradesh / Gwalior,27-03-2025
1394,Bikram Bose,Male,22,+919470203662,bikram.bose@proton.me,No,12th,Design,76%,Private,114524,PB-2022-81670520,No,Manufacturing; Telecom,Hybrid,Yes,Healthcare,OBC,cad; communication; figma; problem solving; supply chain; troubleshooting; ui principles; writing,022048368161,Yes,No,MSME,Medium,Gujarat / Surat,23-02-2025
1395,Reyansh Nair,Male,21,+916149344850,reyansh.nair@proton.me,No,10th,Management,92%,Govt.,695761,DL-2023-41039479,No,E-commerce; Telecom,In-person,No,,OBC,cataloging; communication; ms excel; networking; operations; time management; troubleshooting; writing,839213554413,Yes,No,MSME,Small,Rajasthan / Jodhpur,13-07-2025
1396,Supriya Iyer,Female,23,+917360973065,supriya.iyer436@hotmail.com,No,Diploma,Agriculture,50%,Tier-2,272225,MP-2022-15294435,No,Education; Electrical; Software; Manufacturing,In-person,No,,OBC,algorithms; cad; cnc; content creation; docker; field work; lean; pcb design,890991704857,Yes,No,Corporate,Medium,Kerala / Thiruvananthapuram,11-11-2024
1397,Vijay Bose,Male,23,+917364530609,vijay.bose50@yahoo.com,No,Graduation,Science,6.48,Private,287128,MP-2022-36864478,No,Railway; Manufacturing; E-commerce; Finance,Remote,No,,OBC,audit; documentation; lab techniques; lean; presentation; signal systems; six sigma,665222071989,No,No,Corporate,Large,Punjab / Ludhiana,22-12-2024
1398,Divya Nair,Female,22,+917857260064,divya.nair52@gmail.com,No,ITI,Education,55%,Tier-3,404722,UP-2022-70079400,No,Logistics; E-commerce; Education,In-person,No,,SC,lesson planning; ms excel; order management; teaching; teamwork,738615402285,Yes,No,Corporate,Medium,Madhya Pradesh / Indore,01-12-2024
1399,Alok Gupta,Male,24,+917843713385,alok.gupta738@hotmail.com,No,Graduation,Science,9.05,Private,768104,KL-2023-03037735,No,Electrical; Education; Healthcare,In-person,Yes,Education,SC,data analysis; embedded; lesson planning; power systems; teamwork,378209000850,Yes,No,PSU,Large,Maharashtra / Pune,12-06-2025
1400,Sanya Bose,Female,22,+918623861662,sanya.bose@rediffmail.com,No,12th,Management,5.44,Tier-2,473042,RJ-2023-56581165,No,Electrical; Finance; Telecom; Automotive,Hybrid,No,,SC,assembly; ms excel; problem solving; soldering,967064245905,Yes,No,Startup,Small,Madhya Pradesh / Bhopal,20-07-2025
1401,Rajat Mehta,Male,23,+916718460438,rajat.mehta@proton.me,No,Graduation,Medicine,6.18,Private,757094,KA-2024-07376445,No,Railway; Telecom; Finance,In-person,No,,SC,basic life support; maintenance; operations; problem solving; time management,156679025851,Yes,No,Corporate,Medium,Kerala / Kochi,23-04-2025
1402,Yuvraj Kapoor,Male,24,+919251595399,yuvraj.kapoor@outlook.com,No,12th,Management,9.74,Private,566300,KL-2023-59198830,No,Manufacturing; Automotive; Telecom,Hybrid,Yes,Software,SC,assembly; cad; fiber splicing; networking; teamwork; time management,565484696675,Yes,No,PSU,Large,Odisha / Bhubaneswar,06-03-2025
1403,Ishita Bhat,Female,24,+916417066112,ishita.bhat620@yahoo.com,No,Graduation,Education,74%,Govt.,103880,UP-2022-74198796,No,Electrical; E-commerce,In-person,Yes,Finance,OBC,order management; pcb design; presentation; problem solving,969275426232,No,No,Startup,Medium,Madhya Pradesh / Bhopal,21-06-2025
1404,Khushi Kapoor,Female,24,+918956857586,khushi.kapoor@rediffmail.com,No,Diploma,Pharmacy,76%,Tier-2,286318,WB-2025-98520643,No,Logistics; E-commerce,Remote,Yes,Software,OBC,order management; pharmacology; presentation; problem solving; routing; time management,007373755418,Yes,No,MSME,Medium,Tamil Nadu / Madurai,22-12-2024
1405,Raina Tiwari,Female,24,+917941936969,raina.tiwari576@gmail.com,No,10th,Commerce,9.96,Govt.,100319,TN-2023-66236902,No,Healthcare; Finance,In-person,No,,PwD,audit; communication; gst; patient care; teamwork,771165284142,Yes,Yes,Corporate,Small,Haryana / Faridabad,08-11-2024
1406,Tulsi Yadav,Female,24,+917556330640,tulsi.yadav@rediffmail.com,No,10th,Medicine,5.39,Private,379224,KL-2024-83666944,No,Railway; Finance,Remote,No,,OBC,basic life support; financial modeling; operations; presentation; tally,777721702196,Yes,No,PSU,Large,Rajasthan / Jaipur,18-04-2025
1407,Priya Joshi,Female,24,+917089594403,priya.joshi@rediffmail.com,No,Diploma,Agriculture,9.59,Govt.,770074,OD-2025-46017227,No,Logistics; IT; Electrical; Telecom,Remote,No,,OBC,java; power systems; soil testing; sql,206572213331,No,No,PSU,Large,West Bengal / Siliguri,12-07-2025
1408,Deepak Bhat,Male,23,+917857628390,deepak.bhat669@yahoo.com,No,Graduation,Agriculture,5.59,Private,396271,MP-2022-46164199,No,Finance; Education,Hybrid,No,,SC,communication; field work; tally; teaching,152503247101,Yes,No,Corporate,Medium,Maharashtra / Pune,08-08-2025
1409,Utkarsh Mehta,Male,21,+918802081167,utkarsh.mehta@proton.me,No,Diploma,Agriculture,6.07,Tier-3,728940,MH-2024-81337060,No,Telecom; Education; Electrical; Railway,In-person,No,,OBC,communication; content creation; fiber splicing; pcb design; problem solving; rf planning; supply chain; teaching,088640832205,Yes,No,PSU,Small,Delhi / New Delhi,17-03-2025
1410,Sanya Verma,Female,22,+916865762825,sanya.verma@gmail.com,No,Diploma,Management,74%,Private,548486,MH-2024-64103060,No,IT; Finance; Manufacturing,In-person,Yes,Automotive,SC,accounting; cam; communication; css; html; lean; ms excel; python,017767323613,Yes,No,PSU,Large,Tamil Nadu / Coimbatore,20-04-2025
1411,Varun Tiwari,Male,24,+916665782317,varun.tiwari@hotmail.com,No,Graduation,Management,9.7,Private,578435,TN-2023-41857807,No,Automotive; Electrical; Railway; Manufacturing,Remote,No,,OBC,assembly; cam; circuit analysis; maintenance; six sigma,840261151354,No,No,Corporate,Medium,Kerala / Kochi,19-01-2025
1412,Farhan Mukherjee,Male,24,+919925720546,farhan.mukherjee@hotmail.com,No,Graduation,Arts,86%,Rural college,212008,UP-2022-61935202,No,Automotive; Healthcare; E-commerce; Manufacturing,Remote,No,,SC,assembly; cad; cam; communication; presentation; problem solving; writing,459408346776,No,No,Corporate,Medium,Rajasthan / Jodhpur,30-04-2025
1413,Anika Chaudhary,Female,22,+917112879375,anika.chaudhary@gmail.com,No,Graduation,Engineering,7.46,Private,777971,RJ-2024-42920593,No,Healthcare; Railway; Manufacturing,In-person,Yes,Software,ST,cad; documentation; project management; record keeping; safety; signal systems; teamwork; writing,059612844416,Yes,No,Corporate,Small,Haryana / Gurugram,16-04-2025
1414,Trisha Gupta,Female,24,+918208360413,trisha.gupta529@outlook.com,No,Diploma,Law,65%,Private,674461,RJ-2022-18926139,No,Finance; Electrical,Remote,No,,SC,drafting; financial modeling; presentation; soldering,917118152530,Yes,No,Startup,Medium,Delhi / New Delhi,20-02-2025
1415,Anand Verma,Male,22,+916885577664,anand.verma@outlook.com,No,Graduation,Agriculture,5.68,Private,93670,KL-2023-74683994,No,Manufacturing; Education,Remote,No,,ST,classroom management; cnc; supply chain; writing,679711118265,No,No,MSME,Small,Telangana / Hyderabad,16-12-2024
1416,Pallavi Chaudhary,Female,23,+916056322982,pallavi.chaudhary@rediffmail.com,No,10th,Science,9.18,Private,791598,UP-2024-43806569,No,IT; E-commerce; Automotive,Remote,Yes,Automotive,ST,cad; data analysis; order management; writing,381896658309,No,No,PSU,Large,Delhi / New Delhi,28-03-2025
1417,Mahesh Iyer,Male,22,+916614746957,mahesh.iyer@yahoo.com,No,12th,Pharmacy,6.25,Tier-2,715477,GJ-2023-60627168,No,Railway; Telecom,In-person,No,,ST,gmp; maintenance; pharmacology; problem solving; troubleshooting,239739204881,Yes,No,MSME,Medium,Rajasthan / Jaipur,23-06-2025
1418,Aditya Tiwari,Male,23,+917385398698,aditya.tiwari@proton.me,No,12th,Management,50%,Private,507658,KL-2025-22684321,No,Education; IT; Automotive; Software,Remote,No,,OBC,javascript; oop; react; reporting; supply chain; unit testing,554417808850,Yes,No,Corporate,Small,Karnataka / Bengaluru,01-01-2025
1419,Jahnavi Chopra,Female,24,+916343436074,jahnavi.chopra99@hotmail.com,No,Diploma,Science,9.43,Private,274339,OD-2024-69389538,No,Software; IT; Telecom,Hybrid,No,,PwD,api design; data analysis; html; java; oop,872150851343,Yes,Yes,MSME,Medium,Maharashtra / Nagpur,14-01-2025
1420,Samiksha Ghosh,Female,24,+917783904752,samiksha.ghosh767@hotmail.com,No,Graduation,Engineering,62%,Private,427834,DL-2023-08007456,No,Automotive; Education; IT; Electrical,In-person,No,,OBC,assessment; communication; linux; python; react; teamwork; time management,340142625473,No,No,MSME,Small,Karnataka / Mangaluru,19-10-2024
1421,Shreya Nair,Female,22,+918444894214,shreya.nair366@hotmail.com,No,Diploma,Pharmacy,7.07,Govt.,316904,GJ-2025-43069968,No,Software; E-commerce; Electrical,In-person,No,,SC,data structures; oop; pharmacology; qc; unit testing,428072344080,No,No,Corporate,Medium,West Bengal / Kolkata,17-02-2025
1422,Zara Nair,Female,23,+916077626007,zara.nair@outlook.com,No,Graduation,Pharmacy,6.79,Private,313931,KA-2024-73593633,No,Automotive; Healthcare,Hybrid,No,,SC,assembly; biostatistics; pharmacology; supply chain,850023968067,Yes,No,Corporate,Medium,Karnataka / Bengaluru,20-06-2025
1423,Naveen Bose,Male,22,+919724334957,naveen.bose@hotmail.com,No,Graduation,Science,87%,Private,763819,RJ-2025-51677336,No,Logistics; Automotive,In-person,Yes,Manufacturing,PwD,assembly; lab techniques; ms excel; time management; warehouse ops,983866490008,Yes,Yes,Corporate,Small,Gujarat / Surat,17-02-2025
1424,Tarun Nair,Male,21,+918473223116,tarun.nair18@rediffmail.com,No,Graduation,Commerce,64%,Tier-2,564208,BR-2023-89576849,No,Finance; Electrical; Manufacturing,Remote,No,,SC,circuit analysis; communication; lean; problem solving,294383997311,Yes,No,Startup,Medium,Odisha / Bhubaneswar,05-07-2025
1425,Samiksha Saxena,Female,21,+917953358833,samiksha.saxena@yahoo.com,No,Diploma,Arts,69%,Private,659722,TN-2022-57001588,No,Healthcare; E-commerce; Telecom,Remote,Yes,Automotive,OBC,cataloging; communication; content writing; design basics; seo,519292410831,Yes,No,PSU,Medium,Delhi / New Delhi,19-12-2024
1426,Manish Khan,Male,21,+919407868463,manish.khan@outlook.com,No,Diploma,Pharmacy,9.0,Private,378322,RJ-2022-77151985,No,IT; Railway,Remote,Yes,Healthcare,SC,communication; css; documentation; presentation; react; sql; teamwork,612815451664,No,No,Corporate,Small,Madhya Pradesh / Bhopal,26-07-2025
1427,Hina Tripathi,Female,22,+916564777051,hina.tripathi@rediffmail.com,No,Graduation,Education,5.65,Govt.,717768,TS-2025-02106485,No,Telecom; Healthcare; Electrical,Hybrid,No,,OBC,assessment; biostatistics; fiber splicing; patient care; rf planning; writing,716503207824,Yes,No,Startup,Medium,Gujarat / Surat,05-04-2025
1428,Bhumi Tripathi,Female,23,+916708695336,bhumi.tripathi97@hotmail.com,No,ITI,Law,5.67,Private,576043,PB-2025-73499622,No,Railway; Automotive,Remote,No,,OBC,assembly; legal research; safety; vehicle diagnostics,945648762037,No,No,Startup,Large,Delhi / New Delhi,01-07-2025
1429,Ishaan Kulkarni,Male,21,+918450331230,ishaan.kulkarni@hotmail.com,No,12th,Engineering,71%,Private,192219,BR-2025-48255857,No,Railway; Automotive; Healthcare,In-person,Yes,E-commerce,OBC,assembly; documentation; record keeping; safety; vehicle diagnostics,712224535294,No,No,Corporate,Large,Maharashtra / Nagpur,05-04-2025
1430,Sumit Das,Male,24,+918758412604,sumit.das@rediffmail.com,No,Graduation,Law,60%,Tier-3,794024,PB-2025-27906725,No,Railway; Finance,Remote,Yes,Healthcare,OBC,audit; financial modeling; gst; maintenance; operations; problem solving,774864527909,Yes,No,MSME,Small,Bihar / Patna,03-04-2025
1431,Diya Gupta,Female,23,+919619157727,diya.gupta@hotmail.com,No,ITI,Design,8.14,Tier-2,517067,MH-2022-98892713,No,Software; Education,In-person,Yes,E-commerce,OBC,adobe xd; assessment; content creation; docker; lesson planning; oop; time management,358084279611,No,No,MSME,Medium,Odisha / Cuttack,29-07-2025
1432,Riya Joshi,Female,22,+918479157108,riya.joshi329@rediffmail.com,No,Graduation,Education,63%,Private,80562,RJ-2025-48501129,No,Finance; Automotive; Logistics,Remote,No,,SC,assessment; lesson planning; quality checks; time management,755154305627,No,No,MSME,Medium,Delhi / New Delhi,20-04-2025
1433,Divya Mukherjee,Female,22,+917566444338,divya.mukherjee@outlook.com,No,ITI,Agriculture,8.97,Private,380777,HR-2023-94443459,No,E-commerce; Electrical,Hybrid,No,,SC,customer support; field work; marketplace ops; power systems; problem solving,549619648762,No,No,Startup,Large,Uttar Pradesh / Noida,20-11-2024
1434,Kapil Tiwari,Male,23,+919222963336,kapil.tiwari@proton.me,No,Graduation,Commerce,5.72,Private,450992,WB-2024-58659373,No,Logistics; Manufacturing; Railway,In-person,Yes,E-commerce,SC,documentation; excel; inventory; presentation; time management,776434289472,No,No,Corporate,Large,Haryana / Gurugram,08-02-2025
1435,Harshit Pillai,Male,23,+918952937041,harshit.pillai@gmail.com,No,10th,Management,8.39,Private,101223,TS-2022-40356544,No,Logistics; Software,Remote,Yes,Manufacturing,SC,data structures; inventory; ms excel; oop; problem solving; routing; teamwork; warehouse ops,974287750015,Yes,No,PSU,Small,Delhi / New Delhi,06-11-2024
1436,Chhavi Sharma,Female,21,+918169343648,chhavi.sharma@outlook.com,No,Diploma,Agriculture,8.84,Tier-3,788240,HR-2024-50788004,No,Software; Automotive,In-person,No,,OBC,data structures; field work; problem solving; supply chain; teamwork,789771573918,No,No,MSME,Small,Karnataka / Mysuru,30-07-2025
1437,Tanya Malhotra,Female,22,+919014659888,tanya.malhotra777@outlook.com,No,Diploma,Science,67%,Private,450386,PB-2023-16320576,No,Software; Manufacturing; Education; Railway,Hybrid,Yes,IT,PwD,cad; cnc; lab techniques; teaching; teamwork,575889261925,Yes,Yes,Startup,Medium,Maharashtra / Mumbai,08-11-2024
1438,Nitin Mukherjee,Male,22,+919004794470,nitin.mukherjee@rediffmail.com,No,Diploma,Arts,65%,Tier-2,455540,WB-2023-73466049,No,IT; Electrical,In-person,No,,OBC,communication; css; html; power systems; react; soldering,281867242500,No,No,MSME,Large,Madhya Pradesh / Indore,30-03-2025
1439,Harshita Chopra,Female,21,+919621897561,harshita.chopra885@outlook.com,No,Diploma,Arts,9.97,Govt.,470265,HR-2025-94199029,No,Software; Healthcare,In-person,Yes,Manufacturing,SC,patient care; record keeping; teamwork; time management,751861957818,No,No,PSU,Medium,West Bengal / Siliguri,13-01-2025
1440,Tanya Malhotra,Female,21,+919393263010,tanya.malhotra828@gmail.com,No,12th,Design,5.43,Private,598157,BR-2025-50288444,No,Telecom; IT; Education,Remote,No,,OBC,adobe xd; classroom management; content creation; git; html; java; lesson planning; teamwork,035265323274,No,No,Corporate,Medium,Bihar / Gaya,14-10-2024
1441,Sunil Das,Male,23,+918967576620,sunil.das@yahoo.com,No,10th,Medicine,7.9,Private,533105,OD-2024-99828105,No,IT; E-commerce; Electrical; Finance,In-person,Yes,Healthcare,OBC,audit; excel; html; java; linux; pcb design; writing,588358841149,Yes,No,Startup,Medium,West Bengal / Siliguri,23-08-2025
1442,Monika Chaudhary,Female,24,+917571352396,monika.chaudhary@proton.me,No,10th,Design,8.43,Private,425821,DL-2025-04771868,No,Logistics; Healthcare,Hybrid,No,,OBC,adobe xd; ms excel; procurement; record keeping; teamwork; warehouse ops; writing,658434588907,Yes,No,Corporate,Small,West Bengal / Kolkata,18-11-2024
1443,Monika Iyer,Female,22,+916496122670,monika.iyer632@proton.me,No,Graduation,Science,5.11,Private,88867,WB-2025-59760661,No,Railway; Software; Healthcare; Electrical,Remote,No,,ST,api design; maintenance; teamwork; unit testing,928524921577,No,No,Startup,Small,West Bengal / Siliguri,19-02-2025
1444,Tulsi Chopra,Female,21,+918247313059,tulsi.chopra@proton.me,No,Diploma,Management,5.14,Govt.,299793,KL-2023-12049099,No,Railway; Education; E-commerce,Hybrid,No,,OBC,classroom management; customer support; documentation; maintenance; reporting; safety; time management; writing,857184633427,Yes,No,PSU,Medium,Maharashtra / Mumbai,25-02-2025
1445,Sai Iyer,Male,24,+918309117708,sai.iyer376@outlook.com,No,10th,Science,8.1,Private,789993,KA-2022-08414600,No,Automotive; Telecom; E-commerce,In-person,Yes,IT,ST,networking; order management; seo; supply chain,798253912537,Yes,No,PSU,Small,Bihar / Gaya,03-03-2025
1446,Utkarsh Reddy,Male,22,+917407550603,utkarsh.reddy@proton.me,No,ITI,Agriculture,80%,Private,89054,HR-2023-35081732,No,E-commerce; Finance,Hybrid,No,,OBC,communication; excel; gst; order management; tally; teamwork; time management,963314264210,No,No,Startup,Medium,Gujarat / Vadodara,08-11-2024
1447,Ritika Srivastava,Female,22,+918542433092,ritika.srivastava308@rediffmail.com,No,Diploma,Management,65%,Tier-2,737132,BR-2025-74172618,No,E-commerce; Finance; Logistics,In-person,No,,OBC,audit; excel; gst; marketplace ops; reporting; tally; warehouse ops,729661489675,Yes,No,PSU,Medium,Punjab / Ludhiana,18-05-2025
1448,Akhil Reddy,Male,23,+917469812104,akhil.reddy@gmail.com,No,Diploma,Arts,67%,Tier-3,720109,UP-2022-96129148,No,Manufacturing; Electrical; Finance,Hybrid,Yes,IT,SC,communication; content writing; excel; research; time management,692815689634,Yes,No,Corporate,Medium,Haryana / Gurugram,12-03-2025
1449,Utkarsh Sharma,Male,22,+917497474071,utkarsh.sharma@proton.me,No,10th,Education,6.5,Private,130835,OD-2024-34487360,No,Healthcare; Automotive; Education,Remote,No,,OBC,lab techniques; presentation; quality checks; record keeping,921964032751,No,No,Startup,Small,Uttar Pradesh / Noida,25-06-2025
1450,Vaishnavi Tiwari,Female,22,+917880204228,vaishnavi.tiwari@gmail.com,No,12th,Medicine,5.51,Govt.,367358,MH-2025-90537402,No,Manufacturing; Railway; IT,Remote,No,,OBC,cam; javascript; lab safety; operations; problem solving; signal systems; testing,059662166233,Yes,No,MSME,Medium,Bihar / Gaya,27-10-2024
1451,Anirudh Bose,Male,21,+919700299307,anirudh.bose706@outlook.com,No,Diploma,Science,54%,Private,553298,KA-2022-34739837,No,Automotive; Telecom; Healthcare; Electrical,In-person,Yes,Software,SC,patient care; record keeping; supply chain; teamwork,430749320665,Yes,No,Corporate,Large,Kerala / Thiruvananthapuram,22-10-2024
1452,Mohan Nair,Male,24,+916957510277,mohan.nair@rediffmail.com,No,12th,Commerce,7.57,Private,162931,KL-2023-07863254,No,Telecom; Logistics; Software,Remote,No,,OBC,algorithms; ms excel; networking; oop; teamwork; time management; troubleshooting; writing,751450971065,No,No,Startup,Medium,Tamil Nadu / Madurai,20-12-2024
1453,Raghav Mishra,Male,23,+916427792769,raghav.mishra@proton.me,No,Diploma,Agriculture,8.21,Private,357853,UP-2023-48245935,No,Software; Manufacturing; Logistics,Remote,No,,SC,api design; ms excel; presentation; soil testing; teamwork; unit testing,823900645171,Yes,No,Startup,Medium,West Bengal / Kolkata,13-01-2025
1454,Samiksha Ghosh,Female,24,+917023645143,samiksha.ghosh@rediffmail.com,No,12th,Arts,8.32,Govt.,453162,PB-2024-30035097,No,E-commerce; Logistics; Education; Finance,In-person,No,,OBC,accounting; cataloging; content creation; gst; teamwork; writing,772260523662,Yes,No,Startup,Small,Kerala / Kozhikode,29-06-2025
1455,Manisha Chaudhary,Female,23,+919716635713,manisha.chaudhary@outlook.com,No,Diploma,Engineering,5.64,Govt.,295357,KL-2024-03489136,No,Telecom; IT; Electrical; Manufacturing,Hybrid,No,,SC,cnc; project management; rf planning; six sigma,478821522605,No,No,Corporate,Small,West Bengal / Kolkata,13-05-2025
1456,Arvind Kapoor,Male,23,+918301961581,arvind.kapoor890@hotmail.com,No,12th,Arts,5.21,Tier-3,175214,PB-2022-63351217,No,Railway; IT; Telecom; Manufacturing,Remote,No,,SC,design basics; fiber splicing; python; rf planning,961345620022,Yes,No,PSU,Large,Karnataka / Bengaluru,27-06-2025
1457,Ritika Sharma,Female,23,+916623186345,ritika.sharma@proton.me,No,Graduation,Engineering,74%,Private,370286,KA-2025-50128733,No,Finance; Software,In-person,No,,ST,accounting; data structures; docker; excel; problem solving; tally,659509212792,Yes,No,Corporate,Medium,Karnataka / Bengaluru,29-03-2025
1458,Nitin Mishra,Male,24,+918206049260,nitin.mishra547@proton.me,No,ITI,Law,8.93,Govt.,296830,KL-2025-09022543,No,Automotive; Telecom; E-commerce,Hybrid,No,,OBC,assembly; cad; cataloging; fiber splicing; presentation; troubleshooting; writing,944749724531,Yes,No,PSU,Medium,Uttar Pradesh / Lucknow,08-11-2024
1459,Aditi Tiwari,Female,21,+919892092298,aditi.tiwari607@hotmail.com,No,ITI,Medicine,8.33,Private,755826,TN-2025-99315170,No,Education; Software; Telecom; IT,Hybrid,No,,OBC,content creation; fiber splicing; git; problem solving; python; react; rf planning; writing,174829253492,Yes,No,MSME,Small,Haryana / Faridabad,09-06-2025
1460,Gaurav Shetty,Male,22,+917863407992,gaurav.shetty128@hotmail.com,No,Graduation,Pharmacy,5.17,Govt.,441511,UP-2022-42361733,No,E-commerce; Logistics; Telecom; Education,Hybrid,No,,ST,procurement; qc; rf planning; teaching; warehouse ops,412963085264,No,No,PSU,Large,Uttar Pradesh / Noida,04-04-2025
1461,Ira Tripathi,Female,22,+918368009300,ira.tripathi982@gmail.com,No,Graduation,Engineering,6.63,Govt.,133833,TN-2025-12276510,No,IT; Automotive,In-person,No,,OBC,autocad; problem solving; sql; supply chain; teamwork; time management,841902216946,No,No,Corporate,Medium,West Bengal / Siliguri,18-10-2024
1462,Nidhi Gupta,Female,22,+917020732406,nidhi.gupta@yahoo.com,No,Graduation,Commerce,6.31,Govt.,718286,MH-2025-64196084,No,Healthcare; Education,Hybrid,No,,SC,communication; first aid; presentation; teaching; time management; writing,918256638939,Yes,No,Startup,Medium,Gujarat / Vadodara,06-06-2025
1463,Tarun Chopra,Male,24,+919588072026,tarun.chopra@outlook.com,No,Diploma,Management,6.67,Private,682678,RJ-2022-79614461,No,Manufacturing; Healthcare; IT; Electrical,Hybrid,No,,OBC,cad; git; javascript; lab techniques; react,325063654779,No,No,MSME,Large,Bihar / Gaya,21-05-2025
1464,Simran Jain,Female,23,+916561720069,simran.jain@hotmail.com,No,10th,Design,9.81,Private,744653,MH-2025-81192820,No,IT; Software; Railway; Education,Remote,No,,PwD,css; data structures; documentation; lesson planning; signal systems; sql; teamwork; time management,118652147972,Yes,Yes,MSME,Small,Kerala / Kochi,16-09-2024
1465,Om Malhotra,Male,21,+918148061648,om.malhotra@outlook.com,No,10th,Agriculture,70%,Private,155813,KA-2022-03056677,No,Healthcare; Education; IT,Remote,No,,OBC,content creation; presentation; record keeping; supply chain,271218293214,Yes,No,PSU,Large,Karnataka / Mysuru,11-09-2025
1466,Rohan Mishra,Male,24,+919846020390,rohan.mishra102@hotmail.com,No,ITI,Agriculture,5.15,Private,364244,KA-2024-50704198,No,IT; E-commerce; Healthcare; Electrical,Remote,No,,OBC,communication; embedded; react; record keeping; soil testing; teamwork; testing; writing,313121699381,Yes,Yes,Corporate,Large,Gujarat / Ahmedabad,11-03-2025
1467,Yashika Verma,Female,23,+919913813709,yashika.verma@outlook.com,No,ITI,Education,5.91,Private,629689,RJ-2023-42925909,No,Logistics; IT; E-commerce; Finance,Remote,No,,SC,financial modeling; html; javascript; procurement; python; teamwork,362751375445,No,No,PSU,Small,Madhya Pradesh / Indore,30-04-2025
1468,Anvi Das,Female,21,+918749427603,anvi.das@outlook.com,No,Graduation,Agriculture,9.74,Tier-2,174325,MH-2024-69172753,No,Education; Electrical; Finance; Railway,In-person,Yes,E-commerce,OBC,accounting; documentation; embedded; gst; operations; problem solving; signal systems; soldering,977757488119,Yes,No,Corporate,Small,Odisha / Bhubaneswar,30-12-2024
1469,Shikha Mehta,Female,23,+917579563657,shikha.mehta@proton.me,No,Diploma,Medicine,9.55,Private,736383,MP-2022-44256778,No,Software; Finance; Electrical,Hybrid,Yes,Healthcare,OBC,basic life support; financial modeling; gst; soldering; time management,736243560823,No,No,MSME,Large,Uttar Pradesh / Noida,30-07-2025
1470,Aparna Mehta,Female,21,+919875453526,aparna.mehta682@proton.me,No,10th,Management,9.98,Private,381475,UP-2022-49296064,No,Automotive; Telecom,Hybrid,Yes,IT,OBC,communication; fiber splicing; operations; quality checks; rf planning; supply chain; teamwork; writing,752215615601,Yes,Yes,MSME,Large,Haryana / Faridabad,21-02-2025
1471,Tejas Das,Male,23,+918824261924,tejas.das435@proton.me,No,ITI,Engineering,95%,Private,446027,UP-2024-69090440,No,Electrical; Software; E-commerce,Remote,No,,OBC,data structures; problem solving; project management; teamwork,591670407118,No,No,MSME,Large,Punjab / Chandigarh,18-03-2025
1472,Deepak Mishra,Male,23,+917693395092,deepak.mishra7@hotmail.com,No,Diploma,Design,93%,Private,286898,MH-2023-64817064,No,Healthcare; Education; Railway; E-commerce,In-person,No,,OBC,adobe xd; assessment; classroom management; communication; marketplace ops; presentation; safety; ui principles,330170690796,Yes,No,PSU,Small,Rajasthan / Jaipur,20-01-2025
1473,Arjun Tiwari,Male,24,+919893751262,arjun.tiwari@gmail.com,No,Graduation,Commerce,74%,Tier-2,699002,KL-2023-18241900,No,Healthcare; Logistics,Remote,No,,SC,ms excel; patient care; presentation; problem solving; teamwork; warehouse ops,541514165679,No,No,MSME,Medium,Rajasthan / Jodhpur,10-10-2024
1474,Jahnavi Mishra,Female,24,+918537248460,jahnavi.mishra@outlook.com,No,ITI,Education,9.08,Private,439361,HR-2025-25645500,No,E-commerce; Electrical; Railway; Software,In-person,No,,OBC,circuit analysis; documentation; oop; order management; pcb design; presentation; teaching; writing,305598606310,Yes,No,Corporate,Small,Madhya Pradesh / Gwalior,18-04-2025
1475,Imran Mehta,Male,24,+916708639953,imran.mehta478@proton.me,No,Diploma,Arts,66%,Govt.,777972,TS-2024-23603050,No,Automotive; Electrical; Logistics; IT,In-person,Yes,Healthcare,OBC,cad; css; design basics; ms excel; pcb design; research; vehicle diagnostics,670802453436,No,No,Startup,Medium,Karnataka / Mangaluru,10-10-2024
1476,Krishna Gupta,Male,21,+916048470131,krishna.gupta@proton.me,No,Diploma,Education,90%,Private,775839,GJ-2023-00668366,No,Finance; Automotive; Software; Education,Hybrid,No,,OBC,assessment; audit; communication; content creation; docker; teamwork; time management,366761241722,No,No,Startup,Small,Odisha / Bhubaneswar,13-01-2025
1477,Anand Joshi,Male,22,+919773576316,anand.joshi940@gmail.com,No,Graduation,Law,8.83,Tier-2,540043,TS-2024-50327502,No,Logistics; IT,Remote,No,,OBC,communication; javascript; ms excel; procurement; time management; writing,206522739719,Yes,No,PSU,Large,Uttar Pradesh / Noida,02-09-2025
1478,Uma Singh,Female,24,+919866758035,uma.singh682@yahoo.com,No,10th,Education,8.47,Private,786851,PB-2022-80164169,No,IT; Software,Hybrid,Yes,Manufacturing,SC,assessment; communication; css; java; react; teaching; time management,466543259945,Yes,No,Corporate,Small,Karnataka / Mysuru,21-04-2025
1479,Amit Ghosh,Male,23,+916831814949,amit.ghosh@proton.me,No,Diploma,Design,9.7,Private,352322,KA-2024-58792099,No,E-commerce; Education; Railway; IT,In-person,No,,OBC,communication; customer support; java; javascript; maintenance; teaching,501292264731,No,No,Startup,Medium,Uttar Pradesh / Noida,21-11-2024
1480,Raina Srivastava,Female,22,+916980465891,raina.srivastava724@yahoo.com,No,ITI,Science,5.26,Tier-2,767985,WB-2023-89790462,No,Railway; Education; Manufacturing,Hybrid,Yes,Healthcare,ST,cad; communication; maintenance; problem solving; safety; teamwork; writing,438383424725,Yes,No,MSME,Medium,Tamil Nadu / Chennai,09-12-2024
1481,Swati Pillai,Female,24,+919593925753,swati.pillai@yahoo.com,No,Graduation,Design,78%,Tier-3,404287,MP-2023-00268584,No,Healthcare; Education; Telecom; IT,Remote,No,,OBC,figma; lesson planning; record keeping; teamwork; testing; time management,519771143020,No,No,Corporate,Medium,Uttar Pradesh / Lucknow,28-01-2025
1482,Shaurya Tripathi,Male,21,+919158268796,shaurya.tripathi249@outlook.com,No,Graduation,Commerce,8.25,Tier-3,534916,KA-2025-67033352,No,Education; Automotive; Healthcare,Remote,Yes,Telecom,SC,assembly; cad; first aid; lab techniques; teamwork; time management,957725494014,No,No,PSU,Medium,Haryana / Faridabad,05-08-2025
1483,Pavitra Agarwal,Female,24,+917589362959,pavitra.agarwal688@hotmail.com,No,Diploma,Medicine,8.56,Private,133980,KA-2023-26346064,No,Automotive; E-commerce,Remote,Yes,Finance,OBC,assembly; basic life support; cad; documentation; presentation; vehicle diagnostics; writing,908256294835,Yes,No,Corporate,Large,Rajasthan / Jaipur,24-02-2025
1484,Anvi Jain,Female,21,+916501822834,anvi.jain672@hotmail.com,No,Diploma,Design,54%,Rural college,459477,TS-2024-66365834,No,E-commerce; Telecom; Software,Hybrid,Yes,Automotive,OBC,api design; cataloging; communication; figma; presentation; teamwork; troubleshooting,589202313763,No,No,PSU,Medium,Odisha / Bhubaneswar,21-10-2024
1485,Naveen Patel,Male,21,+917083221808,naveen.patel646@hotmail.com,No,Graduation,Science,5.13,Private,633492,HR-2023-30838197,No,Electrical; IT; Healthcare,In-person,No,,OBC,communication; embedded; html; python,705076355009,Yes,No,Startup,Small,Tamil Nadu / Madurai,12-01-2025
1486,Tanya Khan,Female,24,+916090917772,tanya.khan@rediffmail.com,No,ITI,Arts,8.0,Private,513409,MH-2023-84412811,No,E-commerce; Manufacturing,Hybrid,No,,OBC,cataloging; marketplace ops; teamwork; time management,515656756331,No,No,PSU,Large,Rajasthan / Jodhpur,01-10-2024
1487,Ishita Shetty,Female,22,+917397609248,ishita.shetty56@outlook.com,No,Graduation,Arts,55%,Govt.,747021,BR-2023-69015723,No,Manufacturing; Education,In-person,No,,SC,design basics; presentation; quality control; teamwork; writing,042573843738,Yes,No,MSME,Small,Bihar / Gaya,28-12-2024
1488,Vihaan Kapoor,Male,22,+919950687738,vihaan.kapoor@gmail.com,No,Graduation,Agriculture,63%,Govt.,478316,TN-2025-03645836,No,Healthcare; Education; Automotive; Finance,Remote,No,,SC,assessment; lesson planning; problem solving; vehicle diagnostics,204222073542,No,No,MSME,Large,Odisha / Bhubaneswar,15-01-2025
1489,Utkarsh Mehta,Male,21,+919158981397,utkarsh.mehta892@gmail.com,No,12th,Arts,76%,Tier-2,285203,UP-2024-51745954,No,Automotive; Education; Healthcare; Telecom,In-person,Yes,Education,OBC,design basics; fiber splicing; networking; presentation; problem solving; time management; troubleshooting; vehicle diagnostics,027141385402,Yes,No,PSU,Large,Karnataka / Bengaluru,28-01-2025
1490,Shaurya Yadav,Male,24,+917577780513,shaurya.yadav@yahoo.com,No,Graduation,Arts,8.04,Private,83210,UP-2024-37299139,No,Electrical; Education; Finance; E-commerce,Remote,Yes,IT,ST,content writing; design basics; pcb design; presentation; problem solving; teamwork,344098096141,Yes,No,Corporate,Large,Kerala / Thiruvananthapuram,30-08-2025
1491,Dhruv Bhat,Male,24,+917355689364,dhruv.bhat@proton.me,No,12th,Engineering,88%,Private,486128,TN-2024-01187879,No,Logistics; Automotive; Electrical,In-person,Yes,Telecom,SC,power systems; quality checks; supply chain; vehicle diagnostics; warehouse ops,581853274310,No,No,Corporate,Large,Punjab / Ludhiana,23-04-2025
1492,Aakash Iyer,Male,21,+916197998642,aakash.iyer@rediffmail.com,No,Graduation,Law,64%,Private,183252,PB-2025-75849540,No,IT; Manufacturing,In-person,No,,SC,case analysis; git; java; javascript; legal research; presentation; sql; time management,029955092688,No,No,Startup,Large,West Bengal / Kolkata,17-06-2025
1493,Vikram Ghosh,Male,22,+919786556018,vikram.ghosh653@hotmail.com,No,Graduation,Management,5.41,Private,196204,HR-2022-88996550,No,Finance; E-commerce,Remote,No,,SC,cataloging; communication; marketplace ops; ms excel; presentation; problem solving; writing,505337392775,Yes,No,Startup,Large,Tamil Nadu / Chennai,25-05-2025
1494,Mitali Ghosh,Female,23,+919405863191,mitali.ghosh@rediffmail.com,No,Graduation,Engineering,60%,Tier-2,485909,HR-2025-55664053,No,Logistics; Education,Hybrid,No,,OBC,communication; content creation; procurement; project management; time management; writing,006707594847,Yes,No,Corporate,Large,Punjab / Ludhiana,06-07-2025
1495,Arjun Ghosh,Male,21,+917221647589,arjun.ghosh420@outlook.com,No,10th,Management,93%,Tier-3,416844,WB-2025-31432755,No,Electrical; Finance; Automotive; Software,Remote,No,,SC,algorithms; audit; cad; gst; supply chain,939228392199,Yes,No,PSU,Large,Odisha / Bhubaneswar,07-05-2025
1496,Jahnavi Jain,Female,21,+919205114731,jahnavi.jain@yahoo.com,No,Diploma,Education,51%,Govt.,435558,KA-2023-39491429,No,Logistics; Software,In-person,Yes,E-commerce,ST,docker; inventory; presentation; teamwork; warehouse ops,122476806362,No,No,MSME,Large,Kerala / Kochi,27-01-2025
1497,Anirudh Saxena,Male,22,+916658223703,anirudh.saxena@proton.me,No,Diploma,Engineering,6.1,Govt.,609207,PB-2024-76195309,No,Electrical; Software; Automotive,Remote,No,,PwD,oop; problem solving; time management; unit testing,526123764696,Yes,Yes,Startup,Large,Delhi / New Delhi,19-11-2024
1498,Mahima Nair,Female,21,+917666965226,mahima.nair169@gmail.com,No,Diploma,Law,93%,Private,422225,KL-2024-76710487,No,Automotive; Telecom; IT,In-person,No,,OBC,networking; quality checks; react; supply chain; vehicle diagnostics; writing,253680511411,Yes,No,Corporate,Small,Odisha / Cuttack,11-02-2025
1499,Lalit Mishra,Male,22,+918692253744,lalit.mishra@outlook.com,No,12th,Management,7.45,Govt.,216884,KA-2022-01842627,No,Telecom; Railway; Finance,Remote,No,,ST,maintenance; ms excel; reporting; safety; tally,294375005477,No,No,MSME,Large,Tamil Nadu / Coimbatore,18-02-2025
1500,Ajay Tiwari,Male,22,+919566244086,ajay.tiwari@hotmail.com,No,10th,Pharmacy,9.69,Private,754006,TS-2024-65034224,No,Electrical; Finance; Education,In-person,No,,OBC,gmp; teamwork; time management; writing,190349015874,Yes,No,MSME,Medium,Gujarat / Ahmedabad,26-01-2025
1501,Madhuri Pillai,Female,23,+918545905608,madhuri.pillai534@proton.me,No,12th,Medicine,9.23,Private,753641,BR-2025-08530813,No,Education; Logistics; IT,Remote,No,,SC,classroom management; communication; javascript; linux; problem solving; testing,953985671967,Yes,No,Startup,Medium,Karnataka / Mangaluru,31-10-2024
1502,Yashika Chopra,Female,22,+919504600039,yashika.chopra@yahoo.com,No,Graduation,Design,73%,Govt.,796094,KA-2022-60928015,No,IT; E-commerce,Hybrid,No,,OBC,communication; marketplace ops; python; react; time management,537203099149,Yes,No,PSU,Large,Delhi / New Delhi,30-03-2025
1503,Farah Tripathi,Female,21,+919361148001,farah.tripathi@rediffmail.com,No,Graduation,Medicine,89%,Tier-2,292418,MP-2023-03577590,No,Education; Manufacturing,Hybrid,No,,OBC,assessment; cam; documentation; presentation; problem solving; teaching; time management; writing,020107870177,No,No,PSU,Medium,Gujarat / Vadodara,09-04-2025
1504,Vidya Pillai,Female,21,+919928524328,vidya.pillai414@gmail.com,No,Diploma,Law,82%,Govt.,198100,MH-2025-23526585,No,Electrical; Healthcare; E-commerce,Hybrid,Yes,Manufacturing,OBC,marketplace ops; patient care; pcb design; seo; soldering; teamwork,186624306303,No,No,Startup,Medium,Tamil Nadu / Madurai,01-08-2025
1505,Jitesh Khan,Male,24,+918509936431,jitesh.khan141@rediffmail.com,No,Diploma,Pharmacy,5.95,Private,193666,UP-2024-84599640,No,Railway; Healthcare; Finance,In-person,No,,OBC,biostatistics; documentation; financial modeling; lab techniques; presentation; time management,112183057566,No,No,Corporate,Small,Karnataka / Mysuru,11-10-2024
1506,Yash Sharma,Male,23,+917371129068,yash.sharma680@yahoo.com,No,12th,Commerce,95%,Govt.,693897,OD-2022-89598218,No,Automotive; Manufacturing; Electrical; IT,Hybrid,No,,OBC,cad; excel; presentation; teamwork; testing,701910498955,No,No,PSU,Large,Rajasthan / Udaipur,29-11-2024
1507,Mansi Mishra,Female,23,+919568863497,mansi.mishra@yahoo.com,No,ITI,Science,9.75,Govt.,577986,PB-2023-32162189,No,Healthcare; Logistics; IT; Software,Remote,Yes,Automotive,OBC,algorithms; data analysis; first aid; inventory; java; lab techniques; time management; warehouse ops,433015436506,Yes,No,Corporate,Medium,Delhi / New Delhi,29-08-2025
1508,Radhika Pillai,Female,24,+918617730642,radhika.pillai@gmail.com,No,12th,Science,8.18,Govt.,466522,GJ-2022-22175934,No,Education; Manufacturing,In-person,No,,OBC,communication; data analysis; lab techniques; six sigma; time management; writing,684077732547,Yes,No,Startup,Large,Punjab / Ludhiana,30-07-2025
1509,Himanshu Bose,Male,21,+919507981516,himanshu.bose448@yahoo.com,No,Diploma,Management,87%,Tier-3,280888,WB-2023-11262080,No,Automotive; Manufacturing,Hybrid,No,,SC,operations; problem solving; quality control; supply chain; teamwork; vehicle diagnostics; writing,242389306491,No,No,MSME,Small,Bihar / Patna,30-08-2025
1510,Nidhi Patel,Female,22,+919854771275,nidhi.patel12@outlook.com,No,Graduation,Law,77%,Private,754427,GJ-2022-94902321,No,Electrical; Education; Software; Logistics,Hybrid,Yes,E-commerce,SC,case analysis; circuit analysis; embedded; legal research; teamwork; unit testing,910325070572,Yes,No,PSU,Small,Punjab / Ludhiana,05-03-2025
1511,Ayesha Mehta,Female,23,+918164792816,ayesha.mehta509@yahoo.com,No,Diploma,Management,7.46,Private,655545,RJ-2023-35083490,No,Logistics; IT,Hybrid,No,,SC,communication; javascript; reporting; testing; warehouse ops,818002139311,No,No,Corporate,Large,Tamil Nadu / Chennai,24-01-2025
1512,Bhumi Sharma,Female,21,+916853838887,bhumi.sharma860@rediffmail.com,No,Graduation,Education,55%,Private,564582,MH-2023-59365424,No,Automotive; Railway; Manufacturing; IT,Hybrid,No,,OBC,cam; javascript; safety; signal systems; vehicle diagnostics,541239186366,Yes,No,Corporate,Medium,Maharashtra / Mumbai,11-11-2024
1513,Ritika Shetty,Female,21,+919628780943,ritika.shetty@rediffmail.com,No,Diploma,Education,76%,Tier-2,96630,TS-2024-64959489,No,Education; Telecom; Railway,Remote,No,,SC,problem solving; rf planning; safety; teaching; writing,587756368697,Yes,No,MSME,Medium,Bihar / Gaya,20-01-2025
1514,Ishani Verma,Female,22,+918034165285,ishani.verma900@yahoo.com,No,Diploma,Science,5.13,Private,426369,RJ-2024-59740227,No,E-commerce; Education; Healthcare,In-person,Yes,Software,OBC,assessment; biostatistics; customer support; data analysis; first aid; presentation; problem solving; writing,980082878307,Yes,No,Startup,Large,Delhi / New Delhi,02-08-2025
1515,Sakshi Nair,Female,23,+919462979872,sakshi.nair@yahoo.com,No,Graduation,Medicine,86%,Private,337302,MH-2022-31095808,No,Automotive; Finance,In-person,No,,OBC,basic life support; excel; financial modeling; gst; lab safety; problem solving; quality checks; teamwork,545980028462,No,No,MSME,Medium,Maharashtra / Pune,21-08-2025
1516,Ishani Shetty,Female,22,+919070453700,ishani.shetty@rediffmail.com,No,Diploma,Arts,88%,Govt.,478514,PB-2022-85142559,No,Telecom; Education,Hybrid,Yes,Software,OBC,assessment; communication; fiber splicing; problem solving; rf planning; teamwork; time management; writing,388249576352,No,No,PSU,Small,Gujarat / Vadodara,11-03-2025
1517,Hardik Srivastava,Male,23,+918602211001,hardik.srivastava@proton.me,No,12th,Education,66%,Private,146724,KL-2025-45752220,No,E-commerce; Software; Telecom; Education,Remote,No,,SC,algorithms; classroom management; fiber splicing; networking; time management; writing,671329019641,Yes,No,MSME,Small,West Bengal / Siliguri,12-03-2025
1518,Aarav Das,Male,21,+919558270149,aarav.das150@rediffmail.com,No,Diploma,Medicine,9.88,Private,83059,KA-2024-10910989,No,Electrical; Logistics,Hybrid,No,,SC,power systems; problem solving; time management; warehouse ops,725486855727,No,No,Startup,Small,Uttar Pradesh / Lucknow,23-03-2025
1519,Uma Iyer,Female,24,+917815198580,uma.iyer892@outlook.com,No,ITI,Management,83%,Tier-2,753510,TS-2022-33005578,No,Electrical; Telecom; Logistics,In-person,Yes,Automotive,SC,fiber splicing; power systems; presentation; soldering; teamwork; time management,751242234853,No,No,MSME,Medium,Bihar / Gaya,31-05-2025
1520,Anika Bose,Female,22,+917473744438,anika.bose901@rediffmail.com,No,12th,Medicine,5.74,Private,675298,GJ-2023-44047885,No,Electrical; E-commerce; Railway; Finance,Hybrid,No,,OBC,financial modeling; maintenance; power systems; safety; tally,641329974270,Yes,No,MSME,Small,Kerala / Kochi,26-08-2025
1521,Kapil Nair,Male,21,+918896219603,kapil.nair@outlook.com,No,Diploma,Science,8.11,Private,441189,PB-2025-89459239,No,Telecom; Railway; Automotive,In-person,No,,OBC,assembly; cad; communication; lab techniques; operations; rf planning; statistics; writing,433431655258,No,No,MSME,Small,Madhya Pradesh / Gwalior,16-04-2025
1522,Aman Tripathi,Male,23,+916903710181,aman.tripathi292@gmail.com,No,10th,Medicine,65%,Private,658384,KA-2025-25106254,No,Manufacturing; Logistics; Automotive; Education,In-person,Yes,Telecom,OBC,communication; content creation; lean; lesson planning; ms excel; teaching; teamwork,887526117441,No,No,Startup,Medium,Bihar / Patna,22-01-2025
1523,Abdul Nair,Male,22,+919542565654,abdul.nair@outlook.com,No,Diploma,Commerce,7.63,Private,380817,UP-2024-36957283,No,Electrical; Automotive; Healthcare,Remote,Yes,Manufacturing,OBC,accounting; first aid; pcb design; record keeping; soldering; teamwork; time management; vehicle diagnostics,495919117166,No,No,MSME,Medium,Telangana / Warangal,22-11-2024
1524,Reyansh Das,Male,24,+917277037249,reyansh.das@proton.me,No,Graduation,Management,5.26,Private,405718,MP-2024-56937666,No,Finance; Logistics; Railway,In-person,Yes,Automotive,OBC,maintenance; problem solving; procurement; routing; time management,692991042412,Yes,No,PSU,Small,Gujarat / Ahmedabad,27-10-2024
1525,Supriya Mishra,Female,24,+918403036093,supriya.mishra@gmail.com,No,Graduation,Pharmacy,5.51,Private,633917,WB-2024-00211158,No,Railway; Education; Healthcare,Hybrid,No,,PwD,content creation; first aid; lab techniques; record keeping,049759740165,Yes,Yes,Startup,Large,Bihar / Gaya,17-03-2025
1526,Ananya Chaudhary,Female,22,+919016498295,ananya.chaudhary320@gmail.com,No,Diploma,Management,73%,Govt.,102098,MP-2025-05181452,No,Finance; Manufacturing,Remote,No,,OBC,cnc; lean; quality control; teamwork,204430249930,No,No,Startup,Medium,West Bengal / Siliguri,05-03-2025
1527,Tejas Tripathi,Male,22,+916648717109,tejas.tripathi@rediffmail.com,No,Graduation,Design,7.13,Govt.,544819,KA-2022-79058462,No,Software; Education,In-person,Yes,Education,SC,api design; communication; figma; lesson planning; problem solving; time management,404211502327,No,No,Startup,Large,Karnataka / Mangaluru,25-09-2024
1528,Arjun Khan,Male,21,+916335706133,arjun.khan427@yahoo.com,No,Graduation,Engineering,8.54,Private,377356,WB-2023-48088172,No,IT; Automotive; Healthcare,Remote,No,,OBC,css; javascript; sql; time management,765688965448,Yes,No,Corporate,Large,Karnataka / Mysuru,25-03-2025
1529,Farah Verma,Female,23,+916479727003,farah.verma846@proton.me,No,10th,Pharmacy,85%,Govt.,742056,GJ-2022-42824572,No,Railway; Software,In-person,No,,OBC,algorithms; docker; gmp; pharmacology; presentation; safety,689802105646,No,No,Corporate,Small,Rajasthan / Jodhpur,03-12-2024
1530,Vijay Reddy,Male,24,+916148019874,vijay.reddy665@gmail.com,No,Diploma,Agriculture,7.78,Private,111336,PB-2022-89441098,No,Logistics; Finance; Automotive; E-commerce,Hybrid,No,,SC,cad; cataloging; marketplace ops; problem solving; supply chain; tally; writing,546793042353,No,No,PSU,Large,Bihar / Patna,28-11-2024
1531,Rohan Nair,Male,23,+919298967776,rohan.nair50@hotmail.com,No,ITI,Pharmacy,6.33,Tier-2,610440,GJ-2025-61557445,No,Finance; E-commerce; Education,Remote,No,,SC,content creation; customer support; financial modeling; gst; lesson planning; pharmacology; problem solving; qc,711002684518,Yes,No,PSU,Large,Telangana / Hyderabad,29-12-2024
1532,Lalit Verma,Male,22,+916255065577,lalit.verma242@outlook.com,No,Graduation,Commerce,5.86,Govt.,768351,TS-2024-79251548,No,Electrical; Software,Remote,Yes,Manufacturing,OBC,accounting; circuit analysis; oop; power systems; presentation; problem solving; teamwork,527837639644,No,No,PSU,Medium,Gujarat / Ahmedabad,20-10-2024
1533,Mitali Khan,Female,22,+918622906405,mitali.khan@hotmail.com,No,12th,Agriculture,5.17,Tier-2,459019,OD-2024-43482115,No,IT; Logistics; Automotive,Remote,Yes,Finance,ST,cad; communication; css; java; teamwork; vehicle diagnostics,014746381908,No,No,Corporate,Large,Odisha / Bhubaneswar,31-12-2024
1534,Garima Kulkarni,Female,22,+918492356134,garima.kulkarni@outlook.com,No,Diploma,Pharmacy,5.46,Rural college,492051,KA-2024-88118334,No,Healthcare; Manufacturing,Hybrid,Yes,Finance,SC,biostatistics; lab techniques; patient care; record keeping; teamwork,804623998982,No,No,PSU,Medium,Maharashtra / Mumbai,02-07-2025
1535,Aditi Verma,Female,24,+918111270191,aditi.verma@hotmail.com,No,ITI,Arts,5.21,Private,517307,RJ-2024-60792164,No,IT; Healthcare; Logistics; Software,Hybrid,No,,OBC,data structures; design basics; lab techniques; python; sql; time management,557185188612,Yes,No,Startup,Large,Karnataka / Mysuru,08-11-2024
1536,Ajay Gupta,Male,22,+918635118419,ajay.gupta@rediffmail.com,No,10th,Management,5.21,Govt.,590672,HR-2024-74955465,No,Healthcare; Finance; Telecom; Manufacturing,Remote,No,,SC,financial modeling; lean; troubleshooting; writing,261937750015,No,No,MSME,Small,West Bengal / Siliguri,13-06-2025
1537,Trisha Khan,Female,22,+918997177213,trisha.khan@rediffmail.com,No,12th,Commerce,5.7,Private,325434,HR-2023-24784076,No,Automotive; Telecom,Hybrid,No,,SC,accounting; networking; presentation; problem solving; rf planning; supply chain; troubleshooting,410612608683,Yes,No,Corporate,Small,Gujarat / Surat,22-11-2024
1538,Amit Mishra,Male,23,+918848952194,amit.mishra@rediffmail.com,No,Graduation,Agriculture,94%,Govt.,642537,MP-2022-81959696,No,Logistics; Automotive; Railway,In-person,No,,OBC,communication; ms excel; procurement; safety; vehicle diagnostics,565004510127,No,No,Startup,Small,Bihar / Gaya,14-08-2025
1539,Vishal Yadav,Male,21,+918566737457,vishal.yadav@gmail.com,No,12th,Engineering,87%,Private,700561,BR-2024-57219531,No,Telecom; IT,In-person,No,,OBC,autocad; fiber splicing; java; presentation; project management; testing; troubleshooting,436984436930,Yes,No,MSME,Medium,Odisha / Bhubaneswar,24-11-2024
1540,Abhishek Mishra,Male,24,+919899196281,abhishek.mishra@hotmail.com,No,10th,Design,91%,Private,301234,OD-2024-93467891,No,Finance; Software,Hybrid,No,,SC,algorithms; data structures; docker; figma,910549047752,No,No,PSU,Small,Bihar / Patna,31-05-2025
1541,Srishti Pillai,Female,24,+918530000102,srishti.pillai@hotmail.com,No,10th,Design,7.11,Private,636877,BR-2025-56610558,No,Education; Automotive,Remote,Yes,Education,OBC,assembly; assessment; content creation; presentation; ui principles; writing,038823061133,No,No,Startup,Small,Maharashtra / Nagpur,12-05-2025
1542,Tanvi Shetty,Female,22,+917537946470,tanvi.shetty@proton.me,No,Graduation,Design,85%,Private,640623,MP-2025-44430540,No,E-commerce; Logistics,Remote,No,,ST,cataloging; customer support; order management; time management; ui principles,035374586782,Yes,No,PSU,Medium,Rajasthan / Jodhpur,07-04-2025
1543,Vasudha Shetty,Female,21,+917673433157,vasudha.shetty@outlook.com,No,12th,Pharmacy,52%,Private,352476,KL-2024-67546304,No,Railway; Finance; IT,Remote,Yes,Telecom,OBC,audit; excel; gmp; java; presentation; react; time management,367762984955,Yes,No,Corporate,Large,Uttar Pradesh / Kanpur,15-06-2025
1544,Pari Srivastava,Female,22,+917977007602,pari.srivastava@proton.me,No,ITI,Arts,61%,Private,170782,GJ-2025-34682906,No,Railway; Telecom; Finance; Manufacturing,In-person,Yes,Finance,SC,audit; documentation; excel; networking; safety; tally,540895402376,No,No,MSME,Small,Kerala / Kochi,20-11-2024
1545,Farhan Shetty,Male,24,+919628676072,farhan.shetty@hotmail.com,No,ITI,Agriculture,82%,Tier-3,661269,TN-2023-28142519,No,Manufacturing; Logistics,In-person,No,,ST,cnc; communication; quality control; routing; teamwork; writing,458402941833,No,No,Startup,Small,Bihar / Gaya,29-12-2024
1546,Naveen Gupta,Male,22,+917182618960,naveen.gupta105@yahoo.com,No,Graduation,Education,53%,Tier-2,437991,TN-2023-19318749,No,Software; Education; Logistics; Electrical,In-person,Yes,Software,SC,inventory; routing; teaching; unit testing,562170283478,Yes,No,MSME,Medium,Uttar Pradesh / Lucknow,07-08-2025
1547,Anika Mukherjee,Female,21,+918858307133,anika.mukherjee357@proton.me,No,10th,Medicine,90%,Private,736163,TS-2023-50083875,No,Automotive; Finance; Education; Software,Remote,No,,OBC,classroom management; communication; financial modeling; quality checks; tally,952504800589,Yes,No,Corporate,Small,Punjab / Ludhiana,18-03-2025
1548,Sakshi Ghosh,Female,24,+917785986351,sakshi.ghosh867@outlook.com,No,10th,Commerce,66%,Tier-2,431434,BR-2023-60708692,No,Telecom; Electrical; Finance; IT,In-person,Yes,Manufacturing,OBC,fiber splicing; java; power systems; troubleshooting,672362665265,Yes,No,Startup,Small,Kerala / Kozhikode,03-07-2025
1549,Mohan Srivastava,Male,22,+919085242936,mohan.srivastava@rediffmail.com,No,Diploma,Management,57%,Govt.,262423,BR-2022-48688412,No,Automotive; Electrical,Hybrid,Yes,Education,OBC,communication; operations; reporting; supply chain; teamwork,920692933052,Yes,No,PSU,Small,West Bengal / Kolkata,21-11-2024
1550,Nidhi Mukherjee,Female,22,+916466337999,nidhi.mukherjee@hotmail.com,No,Diploma,Science,8.12,Private,337867,TN-2023-92681775,No,Railway; E-commerce; Healthcare; Manufacturing,Hybrid,Yes,IT,SC,cam; communication; customer support; documentation; operations; record keeping; six sigma,696386378243,Yes,No,MSME,Small,Maharashtra / Pune,14-12-2024
1551,Ashish Mukherjee,Male,22,+916526534224,ashish.mukherjee@yahoo.com,No,12th,Commerce,62%,Tier-3,348523,TS-2022-75091669,No,Telecom; IT; Logistics; Healthcare,In-person,No,,SC,biostatistics; fiber splicing; java; javascript; troubleshooting,915721563402,Yes,No,Startup,Large,Odisha / Cuttack,11-03-2025
1552,Kapil Tiwari,Male,21,+917109504069,kapil.tiwari@gmail.com,No,12th,Science,6.11,Govt.,525255,RJ-2025-43743590,No,Manufacturing; Electrical; Software; IT,Remote,No,,OBC,data analysis; embedded; lab techniques; linux; quality control; react; soldering,435171392573,Yes,No,Startup,Medium,Tamil Nadu / Chennai,20-05-2025
1553,Jahnavi Shetty,Female,22,+918625248973,jahnavi.shetty35@hotmail.com,No,Diploma,Education,94%,Private,595552,PB-2024-54690384,No,Railway; Electrical,Hybrid,No,,OBC,assessment; circuit analysis; maintenance; operations; presentation; soldering; time management,922842659922,No,No,PSU,Medium,Kerala / Kochi,09-02-2025
1554,Anup Kulkarni,Male,22,+919388371465,anup.kulkarni@yahoo.com,No,Graduation,Commerce,6.04,Private,580425,RJ-2022-13410805,No,Automotive; Logistics; E-commerce,Remote,No,,OBC,accounting; customer support; ms excel; presentation; teamwork; vehicle diagnostics,578834546622,No,No,PSU,Small,Bihar / Gaya,05-03-2025
1555,Nidhi Kulkarni,Female,23,+919756694749,nidhi.kulkarni@gmail.com,No,ITI,Engineering,9.69,Govt.,351500,GJ-2023-24977084,No,Education; Railway; Logistics,In-person,No,,OBC,classroom management; documentation; lesson planning; operations; problem solving; procurement; routing,877872354525,Yes,No,PSU,Medium,Tamil Nadu / Coimbatore,30-05-2025
1556,Anirudh Bhat,Male,21,+918175447616,anirudh.bhat731@yahoo.com,No,Diploma,Agriculture,83%,Tier-3,226949,GJ-2022-37061816,No,Electrical; Logistics; Telecom; Software,In-person,No,,OBC,communication; oop; power systems; soil testing; supply chain; teamwork,324520067364,No,No,Corporate,Medium,Odisha / Cuttack,13-05-2025
1557,Kiran Agarwal,Female,23,+919903069814,kiran.agarwal329@yahoo.com,No,10th,Law,7.87,Private,579158,PB-2023-55942214,No,Logistics; Software; IT; Railway,Hybrid,Yes,E-commerce,OBC,case analysis; communication; css; java; linux; ms excel; routing; signal systems,384528021515,No,No,MSME,Small,Odisha / Bhubaneswar,07-11-2024
1558,Supriya Singh,Female,21,+919353531213,supriya.singh284@yahoo.com,No,ITI,Management,72%,Private,608701,TN-2023-39981570,No,Software; Railway; Automotive,Hybrid,No,,OBC,assembly; maintenance; operations; problem solving; quality checks; signal systems; supply chain; vehicle diagnostics,693696679794,Yes,No,Corporate,Large,Gujarat / Vadodara,11-05-2025
1559,Nitin Kulkarni,Male,22,+919865153194,nitin.kulkarni@proton.me,No,Graduation,Agriculture,53%,Govt.,64115,BR-2023-69886076,No,Telecom; Automotive; Healthcare; IT,Remote,No,,OBC,cad; css; first aid; problem solving; soil testing,873887410342,No,No,MSME,Large,West Bengal / Kolkata,07-06-2025
1560,Ravi Mehta,Male,22,+919125900438,ravi.mehta@outlook.com,No,10th,Science,53%,Govt.,356833,TN-2024-19020967,No,Logistics; IT,Hybrid,No,,OBC,communication; data analysis; java; lab techniques; linux,064052369184,No,No,Corporate,Medium,West Bengal / Siliguri,22-01-2025
1561,Krishna Tiwari,Male,22,+919393392913,krishna.tiwari@outlook.com,No,Graduation,Medicine,86%,Private,193732,BR-2024-17893908,No,Automotive; Education,In-person,No,,OBC,cad; communication; documentation; lesson planning; presentation; quality checks; supply chain; time management,285866041614,Yes,No,Startup,Medium,Kerala / Kozhikode,27-10-2024
1562,Harini Gupta,Female,21,+919911878730,harini.gupta283@outlook.com,No,12th,Science,75%,Private,323171,OD-2023-87575217,No,IT; Automotive; Telecom; Finance,In-person,Yes,Telecom,OBC,cad; git; linux; python; tally; testing,999340917205,No,No,Corporate,Small,Madhya Pradesh / Indore,07-03-2025
1563,Nikita Bhat,Female,24,+919823445340,nikita.bhat823@hotmail.com,No,Diploma,Medicine,6.44,Private,740009,WB-2025-85973773,No,Finance; Education; Software,Hybrid,No,,OBC,documentation; excel; presentation; teaching; time management; unit testing; writing,947076797431,No,No,Startup,Large,Gujarat / Vadodara,23-11-2024
1564,Ashish Iyer,Male,22,+917373453741,ashish.iyer@hotmail.com,No,10th,Arts,9.68,Private,120206,TS-2023-64524151,No,Software; Automotive,Hybrid,Yes,Education,OBC,api design; assembly; communication; docker; oop; quality checks,244653694966,No,No,Corporate,Medium,Madhya Pradesh / Gwalior,25-09-2024
1565,Jay Bose,Male,22,+918343662986,jay.bose@outlook.com,No,12th,Pharmacy,9.39,Private,77196,BR-2024-31745735,No,Education; Healthcare,Remote,No,,SC,assessment; first aid; presentation; qc; teaching; time management,641626894139,Yes,No,Corporate,Small,Uttar Pradesh / Lucknow,25-03-2025
1566,Lavanya Iyer,Female,24,+919961969876,lavanya.iyer@rediffmail.com,No,Graduation,Agriculture,7.6,Private,399748,DL-2025-82205562,No,Education; Logistics; IT; Manufacturing,Remote,No,,ST,field work; javascript; lesson planning; testing,668061903071,Yes,No,MSME,Small,Rajasthan / Jaipur,18-03-2025
1567,Ishaan Srivastava,Male,22,+917837207511,ishaan.srivastava251@gmail.com,No,Diploma,Pharmacy,5.17,Govt.,712660,HR-2024-68907439,No,IT; Telecom; Automotive; Manufacturing,In-person,No,,OBC,html; javascript; linux; teamwork; time management; troubleshooting,522894302441,Yes,No,PSU,Large,Punjab / Ludhiana,18-09-2024
1568,Harsh Mukherjee,Male,22,+916806675857,harsh.mukherjee731@proton.me,No,Diploma,Commerce,60%,Govt.,758420,MP-2022-08822026,No,Healthcare; Finance; Railway,Remote,Yes,IT,OBC,excel; financial modeling; lab techniques; market research; presentation; record keeping; signal systems,136174514977,Yes,No,MSME,Large,Maharashtra / Mumbai,23-02-2025
1569,Ravi Bose,Male,24,+918742016248,ravi.bose@yahoo.com,No,Diploma,Engineering,8.37,Private,266974,KL-2022-62060335,No,Healthcare; Logistics; Electrical,In-person,No,,SC,autocad; biostatistics; lab techniques; matlab; presentation; problem solving; procurement; soldering,963683537041,Yes,No,Corporate,Small,Odisha / Bhubaneswar,20-06-2025
1570,Vihaan Patel,Male,22,+917017010885,vihaan.patel633@proton.me,No,10th,Engineering,5.21,Private,129356,KL-2025-68840003,No,Finance; E-commerce; Railway,Hybrid,No,,OBC,accounting; audit; gst; order management; seo; tally,650295590788,Yes,No,Corporate,Medium,Haryana / Faridabad,08-05-2025
1571,Deepak Singh,Male,22,+919253773765,deepak.singh@rediffmail.com,No,Diploma,Commerce,59%,Private,409689,TN-2023-88896014,No,IT; Manufacturing; Electrical,In-person,Yes,Automotive,OBC,communication; css; javascript; lean; teamwork; writing,754814223778,No,No,MSME,Medium,Bihar / Gaya,27-11-2024
1572,Kabir Tiwari,Male,23,+918829361865,kabir.tiwari877@rediffmail.com,No,Graduation,Pharmacy,5.55,Private,229261,TS-2022-19246962,No,Logistics; Finance; Healthcare; Electrical,In-person,Yes,Education,OBC,circuit analysis; inventory; pcb design; presentation; procurement; soldering; time management; warehouse ops,204829672281,No,No,MSME,Small,West Bengal / Siliguri,25-06-2025
1573,Arvind Mehta,Male,22,+916051429756,arvind.mehta@yahoo.com,No,ITI,Engineering,90%,Govt.,341701,TN-2025-04737386,No,Finance; Electrical; E-commerce; Manufacturing,Hybrid,Yes,Healthcare,OBC,accounting; problem solving; seo; supply chain,074301107140,Yes,No,PSU,Small,Odisha / Cuttack,06-12-2024
1574,Divya Mukherjee,Female,24,+917611582751,divya.mukherjee474@proton.me,No,ITI,Pharmacy,90%,Tier-2,534646,WB-2024-19622220,No,Finance; Healthcare,Remote,No,,SC,financial modeling; gmp; gst; patient care; pharmacology; tally; teamwork; time management,448876123456,No,No,MSME,Medium,Kerala / Thiruvananthapuram,21-09-2024
1575,Tushar Bhat,Male,21,+916322610285,tushar.bhat@outlook.com,No,Graduation,Pharmacy,58%,Private,638330,OD-2025-69406234,No,IT; Finance; Software,Hybrid,No,,SC,communication; css; gst; python; unit testing; writing,369581250376,Yes,No,Startup,Small,West Bengal / Kolkata,01-02-2025
1576,Seema Jain,Female,24,+918048997384,seema.jain@proton.me,No,Graduation,Law,59%,Private,238743,PB-2023-99784780,No,Software; Healthcare; Automotive,Hybrid,No,,OBC,case analysis; communication; first aid; oop; record keeping; time management,732895002524,Yes,No,Startup,Small,West Bengal / Kolkata,17-11-2024
1577,Akhil Kulkarni,Male,23,+919826372983,akhil.kulkarni165@proton.me,No,12th,Arts,8.62,Private,82822,WB-2024-03072805,No,Finance; Education; Telecom; Healthcare,In-person,No,,SC,assessment; content creation; networking; research; rf planning,276488029760,No,No,Startup,Medium,Karnataka / Mangaluru,11-08-2025
1578,Akhil Bhat,Male,24,+916666904501,akhil.bhat@gmail.com,No,Diploma,Pharmacy,9.88,Tier-3,582894,TS-2025-74839332,No,Education; Electrical,Hybrid,No,,OBC,assessment; communication; gmp; presentation; soldering; teamwork,165320671268,Yes,No,PSU,Medium,Madhya Pradesh / Gwalior,21-02-2025
1579,Balaji Sharma,Male,24,+916124843216,balaji.sharma845@outlook.com,No,ITI,Design,5.79,Tier-3,500470,MH-2024-52964884,No,E-commerce; Electrical,Remote,No,,OBC,embedded; figma; marketplace ops; presentation,471555760685,No,No,Startup,Small,Telangana / Warangal,29-07-2025
1580,Zoya Pillai,Female,23,+918839947180,zoya.pillai992@outlook.com,No,12th,Commerce,83%,Private,624495,MH-2024-34005753,No,Automotive; Electrical,Remote,No,,SC,assembly; cad; communication; pcb design; presentation; problem solving; teamwork,606649062746,Yes,No,PSU,Small,Madhya Pradesh / Bhopal,19-09-2024
1581,Pari Joshi,Female,22,+916324842159,pari.joshi@yahoo.com,No,Graduation,Pharmacy,9.5,Private,154696,RJ-2024-64855371,No,Railway; Automotive; Telecom,Remote,No,,OBC,cad; networking; qc; quality checks; teamwork; troubleshooting,263836192541,Yes,No,Startup,Small,Uttar Pradesh / Lucknow,23-03-2025
1582,Ankit Gupta,Male,22,+916964588578,ankit.gupta@proton.me,No,ITI,Management,82%,Private,488188,OD-2023-04234073,No,Healthcare; Software,Hybrid,No,,OBC,communication; data structures; oop; reporting,497139708829,No,No,Startup,Large,West Bengal / Kolkata,30-03-2025
1583,Balaji Reddy,Male,22,+917014274362,balaji.reddy@proton.me,No,ITI,Arts,6.49,Govt.,97051,BR-2023-81221714,No,Railway; Education; Software; Healthcare,In-person,Yes,Automotive,SC,algorithms; content writing; operations; record keeping; teamwork,886736410399,No,No,PSU,Small,Madhya Pradesh / Indore,28-05-2025
1584,Sangeeta Ghosh,Female,21,+917643376456,sangeeta.ghosh975@outlook.com,No,Diploma,Science,5.96,Rural college,575202,HR-2022-76690233,No,Automotive; Manufacturing,In-person,Yes,Finance,SC,assembly; cnc; quality checks; statistics; supply chain; writing,872355407732,No,No,Startup,Large,Rajasthan / Jaipur,27-05-2025
1585,Tushar Joshi,Male,22,+917990154452,tushar.joshi@hotmail.com,No,Graduation,Management,6.73,Private,234612,BR-2023-78386675,No,Healthcare; E-commerce,Remote,No,,OBC,marketplace ops; patient care; record keeping; reporting; seo; teamwork,089546078088,No,No,Startup,Large,Telangana / Warangal,03-06-2025
1586,Alok Kulkarni,Male,23,+917301706035,alok.kulkarni236@hotmail.com,No,10th,Design,5.21,Tier-3,202409,DL-2022-60826291,No,IT; E-commerce,In-person,No,,OBC,adobe xd; figma; git; html; javascript; problem solving; testing,759340656363,No,No,MSME,Large,Telangana / Warangal,15-05-2025
1587,Suresh Agarwal,Male,24,+917602557398,suresh.agarwal@hotmail.com,No,Graduation,Medicine,53%,Tier-2,602621,OD-2025-50120984,No,Healthcare; Software; Electrical,Hybrid,No,,SC,algorithms; api design; basic life support; biostatistics; embedded; first aid; lab techniques; unit testing,647005080253,Yes,No,MSME,Large,Gujarat / Vadodara,25-05-2025
1588,Ankit Jain,Male,22,+916522535451,ankit.jain14@outlook.com,No,12th,Education,6.27,Tier-2,243651,MH-2024-61950768,No,Electrical; Healthcare; E-commerce; Telecom,Remote,Yes,Telecom,OBC,biostatistics; communication; fiber splicing; presentation; seo; teaching; teamwork; time management,769349317539,Yes,No,MSME,Medium,Maharashtra / Nagpur,30-12-2024
1589,Seema Mukherjee,Female,22,+919266001265,seema.mukherjee639@rediffmail.com,No,Graduation,Engineering,8.76,Private,234948,BR-2022-43303281,No,Logistics; Railway; IT,Remote,No,,OBC,git; python; signal systems; testing,865102959482,Yes,No,MSME,Small,Madhya Pradesh / Indore,29-12-2024
1590,Farhan Tiwari,Male,24,+919181749338,farhan.tiwari946@hotmail.com,No,12th,Pharmacy,6.29,Private,788114,BR-2024-34737928,No,Logistics; Healthcare; Software; Automotive,In-person,No,,OBC,biostatistics; lab techniques; presentation; unit testing,711742280424,No,No,Startup,Small,Madhya Pradesh / Bhopal,12-06-2025
1591,Yuvraj Mukherjee,Male,22,+917982471454,yuvraj.mukherjee641@outlook.com,No,Graduation,Law,8.44,Tier-3,626734,OD-2023-26817433,No,Telecom; Finance; Logistics,Hybrid,No,,OBC,excel; fiber splicing; gst; time management,979436731956,Yes,No,Corporate,Large,Gujarat / Surat,14-04-2025
1592,Harini Tripathi,Female,22,+919063947764,harini.tripathi889@yahoo.com,No,Graduation,Agriculture,8.62,Rural college,154661,RJ-2023-97170993,No,Automotive; E-commerce,Remote,No,,OBC,cataloging; communication; field work; presentation; quality checks; teamwork,070240911433,No,No,Startup,Medium,Rajasthan / Jodhpur,26-03-2025
1593,Dhruv Mishra,Male,24,+917017351593,dhruv.mishra641@yahoo.com,No,12th,Pharmacy,8.4,Tier-2,624412,WB-2023-25851562,No,Education; Railway; Telecom; Manufacturing,Remote,Yes,E-commerce,OBC,assessment; cnc; communication; maintenance; presentation; six sigma; supply chain,228308284564,No,No,Startup,Large,Punjab / Chandigarh,27-08-2025
1594,Dhruv Verma,Male,21,+919474995330,dhruv.verma@proton.me,No,Diploma,Management,74%,Govt.,662865,UP-2024-08655039,No,IT; Automotive; Telecom; Healthcare,Hybrid,No,,OBC,linux; patient care; react; testing,561838929465,Yes,No,Corporate,Small,Bihar / Patna,21-10-2024
1595,Mohammed Malhotra,Male,22,+918125122848,mohammed.malhotra@gmail.com,No,Graduation,Commerce,73%,Govt.,315729,TN-2022-96784052,No,Education; Manufacturing; Finance; Automotive,Remote,No,,OBC,cam; quality checks; time management; writing,517518199071,Yes,No,Startup,Small,Karnataka / Mysuru,01-04-2025
1596,Shruti Kapoor,Female,22,+919619874272,shruti.kapoor@gmail.com,No,12th,Agriculture,5.27,Tier-2,781419,KL-2023-37123195,No,Electrical; IT; Education,In-person,No,,ST,assessment; content creation; git; javascript; presentation; problem solving; supply chain; testing,195682421658,Yes,No,PSU,Medium,Odisha / Cuttack,17-08-2025
1597,Piyush Sharma,Male,23,+916594100225,piyush.sharma110@rediffmail.com,No,10th,Arts,6.26,Private,90998,OD-2023-73586953,No,Education; Finance; Electrical,Hybrid,No,,OBC,assessment; classroom management; content writing; embedded; gst; power systems; teamwork,215515263876,Yes,No,Startup,Small,Gujarat / Ahmedabad,07-07-2025
1598,Kapil Patel,Male,24,+916167441942,kapil.patel@gmail.com,No,12th,Arts,7.0,Private,542274,OD-2024-18522326,No,Education; E-commerce; Telecom; IT,Remote,No,,OBC,classroom management; content writing; css; networking; presentation; react; seo,882802847437,Yes,No,Corporate,Medium,Maharashtra / Pune,11-07-2025
1599,Aaradhya Kulkarni,Female,24,+919563793446,aaradhya.kulkarni952@gmail.com,No,Graduation,Education,6.72,Private,480967,TS-2022-95721693,No,Electrical; Education; IT; Finance,Hybrid,No,,SC,audit; html; java; problem solving; react; sql; testing; time management,951342271284,Yes,No,Corporate,Medium,Odisha / Bhubaneswar,26-11-2024
1600,Vishal Pillai,Male,22,+916517814565,vishal.pillai665@yahoo.com,No,12th,Education,89%,Tier-3,87087,HR-2024-06653342,No,Education; Finance; Railway,Remote,No,,OBC,accounting; classroom management; financial modeling; presentation; safety; tally; teamwork,230727302817,Yes,No,PSU,Medium,Haryana / Faridabad,03-12-2024
1601,Tulsi Mehta,Female,22,+917758734229,tulsi.mehta@proton.me,No,Graduation,Agriculture,9.32,Govt.,733266,OD-2025-68483273,No,Logistics; Automotive; Education,Hybrid,No,,SC,assessment; communication; field work; problem solving; teamwork; warehouse ops,764137064972,No,No,MSME,Medium,Telangana / Hyderabad,06-10-2024
1602,Sanjay Saxena,Male,21,+919684170114,sanjay.saxena@rediffmail.com,No,Graduation,Arts,6.06,Rural college,69720,TN-2025-87161796,No,Logistics; Automotive; Manufacturing; Finance,Hybrid,No,,OBC,assembly; cam; ms excel; vehicle diagnostics; warehouse ops,739392059243,Yes,No,Startup,Medium,Haryana / Faridabad,02-06-2025
1603,Dinesh Verma,Male,22,+919639373619,dinesh.verma31@rediffmail.com,No,Diploma,Management,9.33,Govt.,764658,PB-2022-87349202,No,Electrical; Healthcare,In-person,No,,PwD,communication; embedded; operations; patient care; power systems; presentation; writing,954050509594,Yes,Yes,MSME,Medium,Haryana / Faridabad,25-06-2025
1604,Jiya Mukherjee,Female,24,+918381114933,jiya.mukherjee@outlook.com,No,Graduation,Commerce,73%,Govt.,477834,HR-2025-82073658,No,E-commerce; Railway; Healthcare; Software,In-person,No,,OBC,communication; excel; lab techniques; presentation,600898490545,Yes,No,MSME,Small,Bihar / Patna,03-05-2025
1605,Nandini Jain,Female,23,+918500941127,nandini.jain700@hotmail.com,No,10th,Commerce,77%,Tier-2,320320,MH-2023-81628475,No,Electrical; Logistics,In-person,Yes,Telecom,SC,circuit analysis; ms excel; pcb design; procurement; teamwork; warehouse ops,736968888549,Yes,No,PSU,Large,Bihar / Patna,25-02-2025
1606,Pari Joshi,Female,21,+918895521283,pari.joshi859@rediffmail.com,No,12th,Engineering,9.9,Private,417852,UP-2025-85011204,No,Electrical; Railway; IT; Healthcare,Hybrid,Yes,Finance,SC,css; first aid; html; problem solving; project management; time management,735170825585,No,No,Startup,Large,Karnataka / Bengaluru,31-03-2025
1607,Piyush Reddy,Male,21,+917272446491,piyush.reddy@outlook.com,No,Diploma,Design,63%,Govt.,662616,MH-2024-83957212,No,Railway; Healthcare; E-commerce; Software,Remote,No,,OBC,docker; order management; seo; unit testing; writing,429486589325,Yes,No,PSU,Large,West Bengal / Kolkata,05-07-2025
1608,Arjun Bose,Male,22,+918282165355,arjun.bose@gmail.com,No,ITI,Pharmacy,8.07,Govt.,756573,RJ-2025-89412501,No,Electrical; Manufacturing,In-person,No,,OBC,cam; communication; embedded; power systems; six sigma; supply chain,808460128076,Yes,No,Startup,Medium,Delhi / New Delhi,20-08-2025
1609,Dhruv Saxena,Male,23,+917602971587,dhruv.saxena@proton.me,No,Diploma,Pharmacy,7.43,Private,553558,KL-2025-61090825,No,Education; Finance; Logistics,Remote,Yes,Healthcare,OBC,communication; excel; financial modeling; gst; lesson planning; tally; teaching,122611844143,No,No,PSU,Small,Karnataka / Mangaluru,06-06-2025
1610,Zara Iyer,Female,21,+916923923553,zara.iyer@hotmail.com,No,Diploma,Design,61%,Tier-2,76582,GJ-2024-49687267,No,Finance; IT; Railway,In-person,No,,OBC,adobe xd; css; figma; react; time management; ui principles,993046652744,No,No,PSU,Large,Haryana / Faridabad,01-01-2025
1611,Zoya Srivastava,Female,21,+917837737191,zoya.srivastava@rediffmail.com,No,ITI,Medicine,71%,Rural college,114168,UP-2022-64451657,No,Electrical; E-commerce; Automotive,Hybrid,No,,OBC,assembly; basic life support; cataloging; circuit analysis; seo; teamwork; time management; writing,007186533333,Yes,No,PSU,Large,Punjab / Ludhiana,28-04-2025
1612,Punit Chopra,Male,21,+916029541118,punit.chopra@outlook.com,No,Graduation,Agriculture,77%,Private,751252,HR-2023-68109114,No,Manufacturing; Healthcare; Education,Hybrid,Yes,Education,OBC,lean; presentation; problem solving; supply chain; teaching; teamwork; time management,297177540607,Yes,No,PSU,Medium,Maharashtra / Pune,15-05-2025
1613,Mohan Bhat,Male,22,+916949954238,mohan.bhat@proton.me,No,Graduation,Education,5.76,Tier-2,154479,HR-2025-19223587,No,Education; Healthcare,Remote,Yes,Automotive,OBC,assessment; communication; first aid; lesson planning; record keeping; teaching; time management,977616624394,No,No,PSU,Small,Madhya Pradesh / Bhopal,28-10-2024
1614,Punit Bhat,Male,22,+919627389362,punit.bhat@gmail.com,No,Diploma,Arts,71%,Private,480372,DL-2023-90337193,No,Electrical; IT; Finance,In-person,No,,SC,financial modeling; teamwork; testing; writing,507387864662,Yes,No,MSME,Medium,Odisha / Bhubaneswar,14-07-2025
1615,Zubair Mukherjee,Male,24,+919463257001,zubair.mukherjee@proton.me,No,ITI,Agriculture,70%,Private,635765,KA-2023-99065261,No,Logistics; E-commerce; Education,In-person,Yes,IT,SC,classroom management; content creation; marketplace ops; order management; routing; soil testing; teaching; time management,795163734049,Yes,No,MSME,Small,Delhi / New Delhi,17-03-2025
1616,Pihu Mukherjee,Female,23,+919688171177,pihu.mukherjee@yahoo.com,No,Graduation,Law,84%,Tier-3,612762,KL-2025-17185441,No,Electrical; Finance; Telecom; Railway,Remote,No,,SC,accounting; circuit analysis; embedded; gst; power systems; safety; tally; troubleshooting,059443930656,Yes,No,PSU,Small,Maharashtra / Nagpur,07-08-2025
1617,Ojasvi Kapoor,Female,24,+919582402575,ojasvi.kapoor@yahoo.com,No,Graduation,Education,8.81,Private,289908,KA-2023-34259148,No,Telecom; Railway,Hybrid,Yes,Healthcare,OBC,lesson planning; maintenance; networking; time management,284233160904,No,No,PSU,Large,Kerala / Kozhikode,28-06-2025
1618,Utkarsh Gupta,Male,23,+918942935795,utkarsh.gupta@gmail.com,No,ITI,Science,8.6,Private,442561,OD-2023-66558556,No,Software; Finance; Manufacturing; Education,Remote,No,,OBC,audit; classroom management; docker; six sigma; tally; teamwork,514442602243,No,No,PSU,Large,Karnataka / Mangaluru,28-06-2025
1619,Seema Chaudhary,Female,23,+919568278079,seema.chaudhary13@outlook.com,No,12th,Arts,6.9,Private,358196,BR-2022-35529216,No,Manufacturing; Healthcare; Education,In-person,Yes,IT,OBC,communication; lab techniques; research; teaching; writing,939555911759,Yes,No,Corporate,Large,West Bengal / Siliguri,29-05-2025
1620,Anvi Reddy,Female,24,+917492542652,anvi.reddy@hotmail.com,No,ITI,Agriculture,7.85,Private,401734,KA-2024-97762964,No,Railway; Healthcare; E-commerce; IT,In-person,Yes,Telecom,OBC,html; react; seo; sql; writing,122330340425,No,No,Corporate,Small,Gujarat / Vadodara,21-02-2025
1621,Tanisha Saxena,Female,24,+916963477683,tanisha.saxena@outlook.com,No,Diploma,Management,7.61,Tier-3,448977,KA-2022-77937844,No,Healthcare; Logistics,Remote,No,,ST,inventory; ms excel; procurement; time management,485129532128,Yes,No,MSME,Large,Maharashtra / Nagpur,22-03-2025
1622,Diya Mishra,Female,23,+917949514133,diya.mishra@hotmail.com,No,Diploma,Law,72%,Private,530708,WB-2023-77310976,No,Automotive; Healthcare; Software,Hybrid,Yes,Manufacturing,OBC,algorithms; assembly; first aid; problem solving; quality checks; supply chain; teamwork; time management,851357760021,No,No,PSU,Medium,Maharashtra / Pune,15-02-2025
1623,Pooja Agarwal,Female,24,+916517806690,pooja.agarwal@gmail.com,No,Graduation,Management,72%,Govt.,103443,TS-2024-33951608,No,Automotive; IT; Railway; Electrical,In-person,Yes,Education,OBC,circuit analysis; embedded; maintenance; operations; presentation; quality checks; soldering; supply chain,448335745237,No,No,MSME,Medium,Gujarat / Vadodara,04-08-2025
1624,Chhavi Bhat,Female,24,+919760003595,chhavi.bhat997@rediffmail.com,No,Diploma,Design,76%,Private,233766,DL-2024-10514554,No,IT; E-commerce; Logistics,Hybrid,No,,SC,adobe xd; html; warehouse ops; writing,626653122493,Yes,No,MSME,Medium,Delhi / New Delhi,07-11-2024
1625,Ankit Kulkarni,Male,24,+919187959769,ankit.kulkarni@outlook.com,No,10th,Engineering,91%,Private,533277,KA-2022-42277048,No,Manufacturing; Electrical; Automotive,In-person,No,,OBC,cam; cnc; lean; matlab; power systems; problem solving,965657729268,No,No,PSU,Small,Odisha / Cuttack,25-06-2025
1626,Utkarsh Bose,Male,24,+919168845973,utkarsh.bose487@rediffmail.com,No,ITI,Management,8.38,Private,334233,KL-2024-01611133,No,Healthcare; Railway,In-person,No,,ST,documentation; record keeping; safety; writing,062193140456,Yes,No,Startup,Large,Odisha / Bhubaneswar,04-09-2025
1627,Siddharth Ghosh,Male,21,+917320662517,siddharth.ghosh482@yahoo.com,No,Diploma,Medicine,7.05,Private,510410,UP-2025-28355162,No,Finance; Automotive; Telecom; Electrical,In-person,Yes,Finance,ST,communication; financial modeling; lab safety; pcb design,649874576893,Yes,No,Corporate,Medium,Madhya Pradesh / Gwalior,29-12-2024
1628,Diya Nair,Female,21,+919177845339,diya.nair@proton.me,No,12th,Medicine,6.59,Rural college,160491,TS-2022-14502101,No,Logistics; Telecom,Hybrid,No,,OBC,documentation; fiber splicing; inventory; rf planning; routing,885504203803,Yes,No,Corporate,Small,Delhi / New Delhi,12-03-2025
1629,Nikhil Verma,Male,22,+919968395619,nikhil.verma654@proton.me,No,Graduation,Commerce,77%,Rural college,164122,OD-2023-39102088,No,Finance; Automotive; IT; Railway,Remote,No,,OBC,css; java; javascript; market research; react; tally; teamwork; time management,905403961242,No,No,PSU,Large,Madhya Pradesh / Bhopal,25-10-2024
1630,Aarohi Nair,Female,21,+917669008733,aarohi.nair8@rediffmail.com,No,12th,Education,81%,Private,402219,RJ-2025-67860121,No,Healthcare; E-commerce,Hybrid,Yes,Manufacturing,OBC,biostatistics; communication; customer support; marketplace ops; patient care,582682732057,Yes,No,Startup,Medium,Uttar Pradesh / Lucknow,12-10-2024
1631,Anup Kapoor,Male,22,+918724554396,anup.kapoor@outlook.com,No,Graduation,Law,7.7,Private,74272,DL-2025-79601416,No,Software; E-commerce,In-person,Yes,Education,ST,algorithms; api design; drafting; presentation; unit testing; writing,030869930911,No,No,PSU,Large,Rajasthan / Jaipur,22-10-2024
1632,Zoya Singh,Female,22,+919392329910,zoya.singh@rediffmail.com,No,ITI,Agriculture,68%,Private,322195,BR-2022-31650080,No,Railway; Finance; Education,In-person,Yes,Software,OBC,classroom management; content creation; excel; field work; lesson planning; operations; time management,607897390470,Yes,No,MSME,Small,West Bengal / Siliguri,26-04-2025
1633,Shaurya Shetty,Male,23,+916303178668,shaurya.shetty@rediffmail.com,No,Graduation,Commerce,5.61,Private,608026,GJ-2022-47809390,No,Telecom; Electrical,Remote,Yes,E-commerce,OBC,circuit analysis; embedded; market research; presentation; soldering; teamwork,494870804539,No,No,Startup,Medium,Punjab / Chandigarh,20-12-2024
1634,Rohan Bhat,Male,21,+919494328164,rohan.bhat@gmail.com,No,Graduation,Design,91%,Govt.,230218,DL-2022-99439400,No,Automotive; Software; Electrical; Healthcare,Hybrid,No,,PwD,api design; assembly; biostatistics; docker; lab techniques; power systems; ui principles,827197882932,Yes,Yes,Corporate,Small,Gujarat / Vadodara,26-11-2024
1635,Mohammed Bhat,Male,24,+918100920595,mohammed.bhat643@rediffmail.com,No,ITI,Commerce,9.6,Private,394078,BR-2023-07221904,No,E-commerce; Software; IT,In-person,No,,OBC,customer support; market research; react; unit testing,991266776704,Yes,No,PSU,Large,Kerala / Kozhikode,20-04-2025
1636,Ojasvi Mehta,Female,23,+919705720166,ojasvi.mehta@rediffmail.com,No,12th,Science,65%,Private,796241,UP-2023-36662740,No,Software; Healthcare; Telecom; Education,Remote,No,,PwD,algorithms; api design; content creation; data structures; oop; problem solving,091335467353,No,Yes,Startup,Small,Rajasthan / Udaipur,18-05-2025
1637,Shreya Bose,Female,21,+918413097661,shreya.bose963@rediffmail.com,No,10th,Agriculture,6.35,Tier-2,727164,MH-2025-14680997,No,Logistics; Education; Manufacturing,Hybrid,Yes,Healthcare,OBC,cam; cnc; communication; content creation; field work; six sigma; teamwork; writing,341068537446,No,No,Startup,Small,Delhi / New Delhi,11-12-2024
1638,Rupesh Ghosh,Male,22,+917262429187,rupesh.ghosh259@yahoo.com,No,10th,Agriculture,7.41,Govt.,741032,BR-2025-07239691,No,Education; Automotive; IT,Hybrid,No,,OBC,field work; html; lesson planning; problem solving; soil testing; teaching; time management; writing,612542709705,Yes,No,Startup,Small,Karnataka / Mangaluru,04-08-2025
1639,Dinesh Nair,Male,21,+916033708459,dinesh.nair@outlook.com,No,Graduation,Arts,5.7,Private,250169,MH-2023-89575378,No,E-commerce; Electrical; Education; Manufacturing,Remote,Yes,E-commerce,OBC,cataloging; classroom management; cnc; communication; lean; marketplace ops; presentation; supply chain,871300954360,Yes,No,Startup,Medium,Punjab / Chandigarh,16-06-2025
1640,Jay Bhat,Male,23,+919885074653,jay.bhat376@outlook.com,No,ITI,Management,50%,Govt.,303938,KL-2024-39589511,No,Automotive; Logistics,Hybrid,No,,OBC,problem solving; procurement; quality checks; vehicle diagnostics; writing,979572037188,Yes,No,PSU,Medium,Haryana / Gurugram,27-03-2025
1641,Mohan Saxena,Male,24,+916664720704,mohan.saxena107@proton.me,No,ITI,Medicine,6.22,Private,179630,PB-2023-20469094,No,Education; IT; Railway; Manufacturing,Hybrid,No,,OBC,cad; classroom management; css; safety; teaching; time management,012922592373,No,No,Startup,Small,Rajasthan / Jodhpur,20-07-2025
1642,Shivam Saxena,Male,22,+919896104187,shivam.saxena@hotmail.com,No,Diploma,Education,51%,Tier-2,389018,OD-2024-09068948,No,Electrical; Telecom; Software; Railway,Remote,No,,SC,embedded; operations; teaching; troubleshooting,219296999964,No,No,Startup,Small,Rajasthan / Jaipur,07-10-2024
1643,Nikhil Bhat,Male,24,+918652902263,nikhil.bhat756@rediffmail.com,No,Diploma,Pharmacy,51%,Private,327222,HR-2024-93500020,No,Electrical; Software; Telecom,In-person,No,,SC,algorithms; docker; networking; pcb design; power systems; rf planning; writing,512434010430,No,No,PSU,Small,Madhya Pradesh / Indore,28-03-2025
1644,Mohan Shetty,Male,23,+916515631948,mohan.shetty@hotmail.com,No,12th,Education,6.37,Tier-3,567713,HR-2025-88810928,No,Manufacturing; E-commerce,In-person,No,,SC,cataloging; customer support; lesson planning; marketplace ops; quality control; supply chain; teaching,527667239518,Yes,No,PSU,Small,Bihar / Gaya,02-08-2025
1645,Zubair Shetty,Male,23,+919957747908,zubair.shetty@outlook.com,No,Graduation,Agriculture,51%,Tier-3,662336,HR-2024-38824871,No,Logistics; Telecom; Finance,In-person,No,,OBC,inventory; procurement; routing; time management; troubleshooting; warehouse ops; writing,940283584485,Yes,No,Corporate,Medium,Telangana / Warangal,03-09-2025
1646,Aarohi Verma,Female,21,+916681815624,aarohi.verma@hotmail.com,No,Graduation,Engineering,6.78,Tier-2,529237,PB-2024-50367285,No,Finance; IT; Electrical,Hybrid,No,,OBC,audit; financial modeling; html; tally,489099763922,No,No,Startup,Medium,Haryana / Faridabad,19-11-2024
1647,Anup Nair,Male,24,+918927233649,anup.nair@rediffmail.com,No,ITI,Medicine,94%,Private,252669,WB-2022-79053204,No,Finance; Healthcare; Logistics; Automotive,In-person,No,,OBC,assembly; cad; excel; presentation; problem solving; routing; supply chain,898044606748,Yes,No,MSME,Large,Odisha / Cuttack,22-12-2024
1648,Aaradhya Verma,Female,24,+919842476221,aaradhya.verma@proton.me,No,Graduation,Agriculture,5.97,Private,670210,RJ-2024-08416306,No,E-commerce; Finance; Logistics,Remote,No,,SC,accounting; cataloging; field work; routing,283702721957,No,No,Startup,Large,Gujarat / Ahmedabad,22-06-2025
1649,Punit Agarwal,Male,23,+916165390011,punit.agarwal@proton.me,No,Graduation,Science,6.79,Private,146097,UP-2023-01287039,No,Railway; Automotive; E-commerce; Electrical,Remote,No,,SC,marketplace ops; power systems; statistics; vehicle diagnostics; writing,682153443570,Yes,No,MSME,Medium,Kerala / Kochi,29-08-2025
1650,Rupali Kulkarni,Female,22,+916439314618,rupali.kulkarni@outlook.com,No,Graduation,Design,7.33,Private,645473,DL-2025-74878588,No,Logistics; Railway,In-person,No,,OBC,adobe xd; communication; documentation; ms excel; operations; problem solving; routing; safety,875893171326,Yes,No,PSU,Medium,Maharashtra / Pune,22-10-2024
1651,Aisha Tiwari,Female,21,+916172720944,aisha.tiwari@outlook.com,No,Diploma,Medicine,70%,Govt.,670732,BR-2023-39601333,No,Manufacturing; Education,In-person,No,,SC,cad; communication; documentation; lesson planning; quality control; teamwork; time management,989097799228,Yes,No,PSU,Small,Bihar / Patna,02-11-2024
1652,Poorvi Kulkarni,Female,22,+919189618962,poorvi.kulkarni@hotmail.com,No,10th,Design,6.35,Private,507066,GJ-2025-09309250,No,Manufacturing; Telecom; Logistics,In-person,Yes,IT,OBC,cam; cnc; inventory; networking; supply chain; warehouse ops,699848147772,No,No,Corporate,Medium,Rajasthan / Udaipur,14-04-2025
1653,Arvind Singh,Male,23,+919140214205,arvind.singh765@rediffmail.com,No,Diploma,Arts,81%,Private,330378,MH-2022-71711580,No,Logistics; IT; Manufacturing,In-person,No,,OBC,cam; css; java; lean; presentation; procurement; six sigma; warehouse ops,270297697746,Yes,No,PSU,Large,West Bengal / Kolkata,16-10-2024
1654,Rohan Das,Male,24,+919984269010,rohan.das@rediffmail.com,No,Diploma,Science,9.53,Govt.,460715,OD-2022-40402451,No,E-commerce; Automotive,Hybrid,No,,OBC,cad; cataloging; problem solving; supply chain,040683975089,Yes,No,MSME,Large,Gujarat / Surat,17-03-2025
1655,Kabir Bose,Male,24,+919404107717,kabir.bose885@gmail.com,No,12th,Engineering,87%,Tier-2,176124,GJ-2024-19765194,No,IT; Logistics; E-commerce; Manufacturing,Remote,No,,OBC,cad; communication; order management; react; sql; teamwork,617702005038,Yes,No,PSU,Medium,Bihar / Patna,07-10-2024
1656,Lavanya Pillai,Female,22,+919099686338,lavanya.pillai@hotmail.com,No,Graduation,Commerce,75%,Tier-3,424086,WB-2025-97391393,No,Healthcare; IT,In-person,Yes,Finance,OBC,accounting; java; market research; sql,659889840896,Yes,No,PSU,Small,Maharashtra / Nagpur,15-09-2024
1657,Arvind Mukherjee,Male,23,+918992785972,arvind.mukherjee719@outlook.com,No,Graduation,Pharmacy,7.67,Private,719256,WB-2025-83582372,No,IT; Automotive; Software; Logistics,Hybrid,Yes,Telecom,SC,api design; cad; data structures; git; html; inventory; supply chain; testing,090978169342,Yes,No,PSU,Large,Gujarat / Ahmedabad,19-05-2025
1658,Farhan Iyer,Male,22,+918743206933,farhan.iyer58@gmail.com,No,12th,Commerce,5.4,Tier-2,639713,OD-2025-69371966,No,Automotive; Electrical; Manufacturing; Logistics,Remote,No,,OBC,assembly; excel; presentation; routing,973359281467,Yes,No,Startup,Medium,Delhi / New Delhi,23-07-2025
1659,Ashish Srivastava,Male,22,+918120931841,ashish.srivastava@gmail.com,No,12th,Medicine,69%,Private,203553,UP-2024-58583212,No,Automotive; Education; Manufacturing,In-person,No,,SC,assessment; cad; lean; presentation; six sigma; writing,759932695658,No,No,MSME,Large,Haryana / Gurugram,17-11-2024
1660,Sunil Reddy,Male,22,+917865715010,sunil.reddy@rediffmail.com,No,12th,Engineering,5.12,Private,632805,RJ-2025-94304101,No,Telecom; Logistics; E-commerce,In-person,No,,OBC,cataloging; marketplace ops; rf planning; routing; seo,791185069524,No,No,Corporate,Medium,Karnataka / Mangaluru,02-09-2025
1661,Meera Patel,Female,21,+919845916049,meera.patel15@hotmail.com,No,Graduation,Pharmacy,82%,Private,609012,RJ-2022-81538352,No,IT; Railway; Logistics; Manufacturing,In-person,No,,SC,cad; cam; gmp; linux; pharmacology; six sigma; sql; supply chain,527693725459,No,No,Startup,Large,Delhi / New Delhi,21-01-2025
1662,Bikram Chaudhary,Male,24,+919963126507,bikram.chaudhary@hotmail.com,No,12th,Law,88%,Tier-3,559683,PB-2024-20458259,No,Telecom; Education; Finance,Remote,No,,OBC,audit; case analysis; financial modeling; presentation; rf planning; troubleshooting,272089143925,Yes,No,Startup,Small,Delhi / New Delhi,25-05-2025
1663,Mansi Tiwari,Female,22,+916384403095,mansi.tiwari@hotmail.com,No,12th,Engineering,71%,Private,368598,RJ-2025-91565346,No,Automotive; Electrical; Healthcare,Remote,No,,OBC,autocad; circuit analysis; communication; presentation; problem solving; soldering; supply chain; writing,424037154924,Yes,No,MSME,Small,Rajasthan / Jaipur,25-12-2024
1664,Mitali Jain,Female,24,+917162671440,mitali.jain412@outlook.com,No,Diploma,Education,85%,Tier-3,270523,PB-2025-60371123,No,IT; Telecom; Manufacturing,Remote,No,,SC,cam; linux; quality control; teamwork,275805436839,No,No,MSME,Small,Maharashtra / Mumbai,13-05-2025
1665,Nandini Malhotra,Female,24,+917687861893,nandini.malhotra@yahoo.com,No,ITI,Education,7.53,Tier-3,779866,OD-2023-07119373,No,IT; Finance,Remote,No,,OBC,audit; communication; financial modeling; problem solving,626394199923,Yes,No,Startup,Large,Telangana / Warangal,23-11-2024
1666,Niharika Shetty,Female,23,+916892862041,niharika.shetty587@outlook.com,No,12th,Design,7.49,Private,730370,MP-2025-95707681,No,Telecom; Healthcare; Education; IT,Hybrid,Yes,Finance,SC,lab techniques; networking; patient care; time management; ui principles,271734494627,Yes,No,Corporate,Medium,Tamil Nadu / Coimbatore,04-08-2025
1667,Lavanya Mehta,Female,23,+919187562504,lavanya.mehta@rediffmail.com,No,Graduation,Engineering,7.86,Private,365730,RJ-2023-61506111,No,Software; E-commerce; Finance; IT,Hybrid,No,,SC,accounting; oop; presentation; tally,553852298311,No,No,Startup,Small,Odisha / Cuttack,31-01-2025
1668,Prakash Pillai,Male,21,+916460756234,prakash.pillai@rediffmail.com,No,Graduation,Law,80%,Private,784534,KL-2022-11671319,No,Software; Electrical,Remote,No,,OBC,algorithms; api design; pcb design; presentation; problem solving; soldering; unit testing,469769324126,No,No,MSME,Small,Telangana / Warangal,02-05-2025
1669,Ajeet Ghosh,Male,21,+918705976494,ajeet.ghosh@yahoo.com,No,Graduation,Education,7.94,Private,264644,TN-2025-51532885,No,Software; Finance; E-commerce; Healthcare,In-person,No,,SC,excel; first aid; tally; unit testing,165194889933,Yes,No,MSME,Small,Madhya Pradesh / Bhopal,03-07-2025
1670,Charvi Gupta,Female,22,+918833087836,charvi.gupta822@gmail.com,No,Graduation,Engineering,7.64,Private,700476,KA-2024-88678001,No,Education; Logistics; IT,Hybrid,No,,ST,git; javascript; presentation; writing,835156967946,No,No,MSME,Small,Telangana / Warangal,22-02-2025
1671,Ishaan Mehta,Male,23,+917672480367,ishaan.mehta667@outlook.com,No,12th,Agriculture,8.91,Govt.,651905,TN-2025-63697612,No,Electrical; IT; E-commerce; Healthcare,Hybrid,No,,OBC,biostatistics; cataloging; linux; presentation; problem solving; soil testing; writing,315361016410,Yes,No,PSU,Medium,Gujarat / Vadodara,23-03-2025
1672,Ishaan Joshi,Male,24,+919767970220,ishaan.joshi190@hotmail.com,No,Graduation,Law,8.47,Private,499618,RJ-2025-34116437,No,Railway; Logistics,Remote,Yes,Manufacturing,ST,drafting; legal research; ms excel; presentation; procurement; safety,688893882802,No,No,Startup,Small,Uttar Pradesh / Kanpur,13-09-2024
1673,Samiksha Bose,Female,21,+919129833018,samiksha.bose@gmail.com,No,ITI,Engineering,9.24,Private,407771,DL-2022-21658466,No,E-commerce; Electrical; Railway; Finance,Remote,No,,OBC,autocad; circuit analysis; embedded; marketplace ops; presentation; signal systems; tally,692575348591,No,No,Corporate,Medium,Rajasthan / Udaipur,11-06-2025
1674,Uma Shetty,Female,24,+917425928954,uma.shetty@outlook.com,No,Diploma,Law,72%,Govt.,263842,DL-2023-38708375,No,IT; Logistics; Healthcare,Hybrid,Yes,Finance,SC,communication; html; ms excel; react,435618219429,Yes,No,MSME,Small,Odisha / Bhubaneswar,18-03-2025
1675,Uday Gupta,Male,22,+919880953722,uday.gupta@rediffmail.com,No,Graduation,Arts,8.02,Private,327344,MP-2023-45086091,No,E-commerce; IT; Automotive; Logistics,Hybrid,No,,OBC,cataloging; content writing; linux; problem solving; procurement; python; supply chain; teamwork,831768294809,Yes,No,Startup,Large,Tamil Nadu / Coimbatore,26-08-2025
1676,Vineet Bhat,Male,24,+919757719000,vineet.bhat806@proton.me,No,Graduation,Arts,7.95,Private,246723,BR-2023-66642965,No,Logistics; Education; Healthcare,Hybrid,Yes,IT,SC,content creation; design basics; first aid; inventory; problem solving; teaching; teamwork,947033641677,Yes,No,Startup,Medium,Uttar Pradesh / Lucknow,29-10-2024
1677,Bhavesh Sharma,Male,21,+916384676392,bhavesh.sharma@outlook.com,No,Graduation,Medicine,9.68,Private,74601,GJ-2023-62488192,No,Electrical; Healthcare,Remote,Yes,Automotive,SC,basic life support; communication; embedded; lab safety; pcb design; problem solving; time management,307833593562,Yes,No,MSME,Large,Telangana / Hyderabad,19-03-2025
1678,Swati Tiwari,Female,22,+917870476354,swati.tiwari20@proton.me,No,10th,Law,9.13,Govt.,210581,KA-2023-96993001,No,Finance; IT; Education; Electrical,Hybrid,No,,OBC,git; html; presentation; problem solving; react; testing,099545868219,Yes,No,PSU,Small,Punjab / Chandigarh,14-08-2025
1679,Bhavya Shetty,Female,24,+918478747221,bhavya.shetty@hotmail.com,No,12th,Commerce,7.71,Tier-3,275495,KL-2024-78671571,No,Finance; Manufacturing,In-person,No,,OBC,accounting; audit; excel; gst; market research; time management; writing,965511395706,Yes,No,Startup,Large,Kerala / Kochi,12-10-2024
1680,Dinesh Nair,Male,21,+918339793056,dinesh.nair220@outlook.com,No,12th,Design,7.91,Tier-2,61752,TN-2025-75084279,No,Railway; IT; Education; Telecom,In-person,No,,OBC,documentation; figma; maintenance; networking; presentation; signal systems; sql; troubleshooting,111477982597,Yes,No,PSU,Large,Odisha / Bhubaneswar,15-02-2025
1681,Pankaj Pillai,Male,22,+916795493721,pankaj.pillai778@gmail.com,No,10th,Design,80%,Private,234201,MH-2022-76219363,No,IT; Healthcare,In-person,Yes,Healthcare,OBC,first aid; html; javascript; ui principles,843500380281,Yes,No,Corporate,Small,Odisha / Cuttack,28-10-2024
1682,Aparna Patel,Female,21,+918290806870,aparna.patel653@yahoo.com,No,12th,Design,54%,Private,530582,OD-2022-18658830,No,Railway; E-commerce; Telecom,Remote,No,,OBC,cataloging; fiber splicing; networking; safety; troubleshooting,365548268293,Yes,No,Corporate,Large,Tamil Nadu / Coimbatore,19-11-2024
1683,Krishna Verma,Male,23,+918312830732,krishna.verma@gmail.com,No,Diploma,Management,9.32,Tier-3,217107,TN-2024-94083643,No,IT; Education; Railway; Automotive,In-person,No,,OBC,assembly; css; operations; quality checks; reporting; supply chain; teaching; teamwork,723640742130,No,No,PSU,Small,Rajasthan / Udaipur,03-08-2025
1684,Farah Malhotra,Female,23,+918376057902,farah.malhotra385@outlook.com,No,12th,Design,8.02,Private,76591,BR-2022-87091951,No,Finance; Automotive; Software,Hybrid,Yes,Healthcare,SC,cad; docker; figma; gst; tally; teamwork; time management; writing,576867110899,Yes,No,PSU,Small,Telangana / Warangal,07-01-2025
1685,Farhan Jain,Male,23,+916277771999,farhan.jain66@outlook.com,No,ITI,Law,9.79,Rural college,112156,OD-2023-68973494,No,Healthcare; Finance; Telecom,In-person,Yes,Healthcare,SC,drafting; financial modeling; problem solving; rf planning,361764110247,Yes,No,MSME,Medium,Tamil Nadu / Coimbatore,25-02-2025
1686,Kritika Shetty,Female,21,+917204959394,kritika.shetty33@gmail.com,No,ITI,Management,72%,Tier-2,341188,MH-2023-54628769,No,Healthcare; E-commerce; Railway; Software,In-person,Yes,IT,OBC,documentation; marketplace ops; ms excel; operations; seo; time management,483302370883,No,No,MSME,Medium,Kerala / Kochi,07-07-2025
1687,Pallavi Bose,Female,24,+916056712616,pallavi.bose253@yahoo.com,No,Graduation,Education,84%,Tier-2,413734,TN-2022-59858035,No,IT; Software; Education; Telecom,Hybrid,No,,SC,data structures; networking; oop; troubleshooting,214475685673,No,No,PSU,Large,Kerala / Kochi,18-07-2025
1688,Ritesh Khan,Male,23,+918928591357,ritesh.khan@proton.me,No,Diploma,Medicine,8.46,Private,450760,HR-2025-46541372,No,Education; Healthcare; Electrical,Hybrid,No,,SC,basic life support; biostatistics; lab safety; lesson planning; patient care; record keeping; soldering; teamwork,699263045815,Yes,No,Corporate,Large,Uttar Pradesh / Lucknow,07-08-2025
1689,Pallavi Verma,Female,23,+916540612747,pallavi.verma256@proton.me,No,10th,Medicine,83%,Rural college,262142,DL-2024-03678711,No,Electrical; Finance; Railway; Healthcare,Remote,Yes,Telecom,OBC,biostatistics; excel; financial modeling; gst; signal systems,833984916753,Yes,No,Corporate,Small,Kerala / Kozhikode,22-09-2024
1690,Chirag Bose,Male,23,+917502647849,chirag.bose543@gmail.com,No,Graduation,Science,82%,Private,99580,HR-2023-29815102,No,IT; Logistics; Finance,Remote,No,,SC,communication; financial modeling; linux; presentation,975270360857,Yes,No,PSU,Large,Karnataka / Mysuru,06-02-2025
1691,Karthik Kulkarni,Male,22,+919164822768,karthik.kulkarni500@rediffmail.com,No,Graduation,Arts,73%,Private,277624,TN-2023-35290300,No,Logistics; Electrical,Remote,No,,OBC,circuit analysis; content writing; ms excel; presentation; problem solving; procurement; teamwork; writing,250620405646,No,No,Startup,Large,Rajasthan / Jaipur,12-10-2024
1692,Shreya Tripathi,Female,22,+919652523845,shreya.tripathi970@yahoo.com,No,10th,Commerce,82%,Private,772106,WB-2022-37677206,No,IT; Manufacturing; E-commerce; Electrical,Remote,Yes,Healthcare,OBC,accounting; linux; marketplace ops; six sigma; writing,198057153318,Yes,No,Corporate,Large,Karnataka / Mysuru,04-01-2025
1693,Nidhi Chopra,Female,24,+919904766302,nidhi.chopra@proton.me,No,10th,Law,68%,Govt.,492940,UP-2024-69492278,No,Logistics; Electrical,Remote,Yes,Telecom,OBC,circuit analysis; drafting; embedded; legal research; pcb design; presentation; problem solving; time management,568912551783,Yes,No,Startup,Medium,West Bengal / Kolkata,15-12-2024
1694,Imran Ghosh,Male,21,+917145675503,imran.ghosh4@yahoo.com,No,ITI,Pharmacy,5.81,Private,293615,UP-2022-34016895,No,Software; Manufacturing; IT,In-person,No,,SC,algorithms; linux; oop; react; teamwork; testing; unit testing,276260675190,No,No,Startup,Medium,West Bengal / Siliguri,23-02-2025
1695,Azeem Agarwal,Male,22,+917596667738,azeem.agarwal323@hotmail.com,No,12th,Education,68%,Govt.,660041,PB-2025-00431888,No,Education; Manufacturing; Finance,Remote,Yes,Manufacturing,OBC,audit; excel; presentation; quality control; supply chain; tally; teaching,278889337273,Yes,No,MSME,Medium,Maharashtra / Pune,21-12-2024
1696,Himanshu Mukherjee,Male,22,+918654475798,himanshu.mukherjee478@outlook.com,No,Diploma,Engineering,6.45,Govt.,499391,BR-2023-95218398,No,E-commerce; IT; Healthcare,Remote,No,,OBC,cataloging; customer support; first aid; java; python; react; record keeping; testing,019734600147,No,No,Corporate,Small,Delhi / New Delhi,27-03-2025
1697,Monika Yadav,Female,24,+917406172244,monika.yadav499@proton.me,No,ITI,Agriculture,91%,Private,194867,DL-2023-26445434,No,IT; E-commerce,Remote,Yes,IT,SC,field work; html; linux; presentation; seo; soil testing,845923475865,No,No,PSU,Large,Haryana / Faridabad,05-06-2025
1698,Ashish Srivastava,Male,21,+918163076667,ashish.srivastava286@yahoo.com,No,Diploma,Management,6.5,Private,217875,WB-2025-50628149,No,Manufacturing; E-commerce; Education,In-person,No,,OBC,assessment; cnc; content creation; lesson planning; operations; quality control; writing,556606344840,Yes,Yes,MSME,Large,Madhya Pradesh / Indore,25-02-2025
1699,Om Kapoor,Male,24,+918788097044,om.kapoor@rediffmail.com,No,Graduation,Design,7.02,Private,297463,TS-2025-25291716,No,Railway; Electrical; IT; Automotive,In-person,No,,OBC,embedded; figma; maintenance; problem solving; soldering; vehicle diagnostics,896216305001,Yes,No,MSME,Medium,Odisha / Bhubaneswar,12-06-2025
1700,Vihaan Chopra,Male,22,+916383235650,vihaan.chopra174@yahoo.com,No,12th,Law,6.5,Tier-3,188797,PB-2024-63661448,No,Finance; Telecom,Hybrid,No,,OBC,financial modeling; networking; rf planning; teamwork; writing,690523334861,Yes,No,Startup,Small,Punjab / Ludhiana,04-02-2025
1701,Vikram Gupta,Male,23,+916699866312,vikram.gupta@outlook.com,No,Graduation,Law,8.74,Govt.,751105,DL-2022-27294126,No,Logistics; E-commerce; Healthcare; Telecom,Hybrid,Yes,Finance,OBC,drafting; inventory; legal research; rf planning; warehouse ops,378196470658,Yes,No,Startup,Large,Kerala / Thiruvananthapuram,20-10-2024
1702,Vijay Singh,Male,21,+919665706596,vijay.singh355@rediffmail.com,No,Graduation,Science,6.76,Govt.,481020,WB-2022-66167352,No,Software; Education,Hybrid,Yes,Automotive,OBC,algorithms; communication; docker; unit testing; writing,620519713995,Yes,No,Startup,Large,Delhi / New Delhi,02-10-2024
1703,Mahesh Bhat,Male,22,+917713033779,mahesh.bhat@hotmail.com,No,Graduation,Design,7.49,Private,421863,TS-2025-52922520,No,Software; Manufacturing; Logistics; E-commerce,In-person,No,,OBC,adobe xd; figma; ms excel; quality control; warehouse ops,650855865754,No,No,PSU,Medium,Haryana / Faridabad,06-03-2025
1704,Mansi Shetty,Female,23,+919602105645,mansi.shetty@gmail.com,No,Graduation,Design,92%,Govt.,569227,GJ-2024-86127504,No,E-commerce; IT,In-person,No,,SC,cataloging; customer support; figma; javascript; teamwork,628262149670,Yes,No,PSU,Small,Haryana / Faridabad,21-05-2025
1705,Chhavi Shetty,Female,21,+919669806944,chhavi.shetty@gmail.com,No,Diploma,Agriculture,5.91,Private,444480,MH-2023-97516870,No,Telecom; Railway,Remote,No,,ST,documentation; maintenance; time management; troubleshooting; writing,833620381823,Yes,No,MSME,Medium,Telangana / Warangal,03-02-2025
1706,Arjun Agarwal,Male,21,+919046445601,arjun.agarwal62@hotmail.com,No,12th,Agriculture,8.3,Private,618957,HR-2022-76477266,No,Logistics; Automotive; Software,In-person,No,,OBC,oop; problem solving; quality checks; unit testing; writing,679799805668,Yes,No,Corporate,Large,Gujarat / Vadodara,06-04-2025
1707,Vikram Jain,Male,21,+916281806504,vikram.jain25@yahoo.com,No,ITI,Management,6.31,Private,705990,KA-2025-87045318,No,Education; IT; Telecom; Software,In-person,Yes,Manufacturing,SC,algorithms; classroom management; ms excel; unit testing,780130380967,No,No,MSME,Small,Karnataka / Bengaluru,28-04-2025
1708,Ankit Bose,Male,21,+916589889999,ankit.bose342@yahoo.com,No,Graduation,Management,8.27,Govt.,73101,GJ-2025-79554473,No,Education; Software; E-commerce,Hybrid,No,,OBC,communication; docker; lesson planning; operations; seo; time management; unit testing,958644765063,Yes,No,MSME,Large,Madhya Pradesh / Indore,15-08-2025
1709,Vihaan Patel,Male,23,+916836046067,vihaan.patel@hotmail.com,No,Graduation,Education,59%,Private,742098,HR-2024-44350066,No,Automotive; Telecom; Education,Remote,No,,OBC,assembly; cad; content creation; quality checks; supply chain; time management; troubleshooting; vehicle diagnostics,736719509629,Yes,No,MSME,Medium,Delhi / New Delhi,23-04-2025
1710,Pihu Srivastava,Female,24,+919699242704,pihu.srivastava97@proton.me,No,Diploma,Science,8.09,Private,376063,KA-2023-62323469,No,Software; Manufacturing; Railway; Healthcare,In-person,No,,OBC,cam; communication; data analysis; lab techniques; maintenance; oop; statistics; unit testing,193069549207,No,No,Startup,Medium,Odisha / Cuttack,18-04-2025
1711,Amit Malhotra,Male,22,+918465374140,amit.malhotra381@rediffmail.com,No,Graduation,Education,70%,Private,536345,MH-2022-78008467,No,Railway; Telecom; Electrical,In-person,No,,SC,circuit analysis; documentation; fiber splicing; problem solving; rf planning,471656812188,Yes,No,PSU,Medium,Bihar / Patna,18-08-2025
1712,Kapil Chopra,Male,22,+918148312176,kapil.chopra103@outlook.com,No,Graduation,Management,86%,Private,773570,OD-2022-68569325,No,IT; Automotive; Manufacturing; Healthcare,In-person,Yes,Telecom,SC,assembly; lab techniques; problem solving; quality checks; six sigma; testing; vehicle diagnostics,804259056088,Yes,No,MSME,Small,Rajasthan / Jodhpur,05-10-2024
1713,Jahnavi Kapoor,Female,21,+919370624386,jahnavi.kapoor@yahoo.com,No,Diploma,Commerce,9.39,Private,247086,KL-2025-00050887,No,IT; Education,Remote,Yes,Education,OBC,assessment; content creation; css; excel; problem solving; python; teamwork,009584792749,Yes,No,PSU,Medium,Gujarat / Ahmedabad,10-03-2025
1714,Raina Gupta,Female,21,+919078416863,raina.gupta@yahoo.com,No,Graduation,Pharmacy,7.69,Tier-3,381232,RJ-2023-73576562,No,E-commerce; Manufacturing; IT,In-person,No,,OBC,communication; git; javascript; marketplace ops; pharmacology; qc; teamwork; writing,266804603942,No,No,MSME,Large,Telangana / Hyderabad,30-01-2025
1715,Avni Shetty,Female,21,+918043661596,avni.shetty@gmail.com,No,12th,Science,55%,Tier-2,649744,BR-2022-41273722,No,E-commerce; Healthcare,In-person,No,,OBC,biostatistics; first aid; order management; presentation; seo; statistics; teamwork; writing,638092276331,No,No,MSME,Medium,West Bengal / Siliguri,04-08-2025
1716,Vihaan Pillai,Male,23,+919870361731,vihaan.pillai@outlook.com,No,Diploma,Education,7.42,Govt.,201997,TS-2024-16369324,No,Finance; Telecom; Healthcare,Hybrid,No,,OBC,assessment; fiber splicing; lab techniques; rf planning; time management,466907078263,No,No,PSU,Large,Maharashtra / Pune,20-11-2024
1717,Yash Iyer,Male,22,+916384329897,yash.iyer@proton.me,No,Graduation,Pharmacy,7.25,Private,423903,GJ-2023-34335097,No,Finance; Logistics; Healthcare; Railway,Remote,No,,OBC,audit; excel; inventory; lab techniques,263226356924,Yes,No,PSU,Large,Punjab / Ludhiana,22-03-2025
1718,Jagdish Mehta,Male,24,+917744968556,jagdish.mehta661@hotmail.com,No,Graduation,Law,72%,Private,352981,TS-2023-15118626,No,Finance; Manufacturing; Automotive,In-person,No,,SC,accounting; assembly; cnc; drafting; excel; lean; quality control,856492474926,No,No,Corporate,Large,Uttar Pradesh / Kanpur,08-07-2025
1719,Ayan Mishra,Male,21,+919609683936,ayan.mishra@yahoo.com,No,10th,Agriculture,6.59,Private,787974,RJ-2025-87603614,No,Telecom; Finance; Electrical,Remote,No,,SC,pcb design; presentation; problem solving; soldering; supply chain; tally,358640054276,Yes,No,Startup,Small,Tamil Nadu / Madurai,11-01-2025
1720,Jahnavi Chaudhary,Female,22,+917135913801,jahnavi.chaudhary184@rediffmail.com,No,Diploma,Medicine,9.55,Private,191659,HR-2025-24024691,No,IT; Railway,Remote,No,,OBC,basic life support; java; lab safety; problem solving; time management; writing,198392327655,No,No,PSU,Small,West Bengal / Kolkata,31-10-2024
1721,Tushar Saxena,Male,21,+918692384669,tushar.saxena270@rediffmail.com,No,Graduation,Education,6.82,Private,724273,HR-2023-89361103,No,Education; IT; Railway,Hybrid,No,,OBC,css; linux; problem solving; python; signal systems; sql,812503599239,Yes,No,Startup,Large,Uttar Pradesh / Lucknow,09-06-2025
1722,Mitali Chopra,Female,21,+918910851825,mitali.chopra@gmail.com,No,12th,Commerce,71%,Private,212717,DL-2024-71202170,No,Healthcare; Finance,In-person,No,,OBC,audit; gst; market research; patient care; time management; writing,572213364458,No,No,Startup,Medium,Punjab / Ludhiana,24-03-2025
1723,Ajeet Mukherjee,Male,24,+919533901600,ajeet.mukherjee953@yahoo.com,No,ITI,Commerce,5.94,Govt.,410600,GJ-2025-47449745,No,E-commerce; Automotive; Logistics,In-person,No,,SC,communication; excel; marketplace ops; routing; warehouse ops,045199817059,Yes,No,MSME,Small,West Bengal / Kolkata,29-03-2025
1724,Mohan Sharma,Male,23,+916869213151,mohan.sharma@hotmail.com,No,ITI,Engineering,9.12,Private,663226,PB-2023-96329661,No,Electrical; Manufacturing; Software,Hybrid,No,,OBC,cnc; pcb design; presentation; six sigma; supply chain,936786375734,Yes,No,PSU,Large,Punjab / Chandigarh,08-03-2025
1725,Shalini Reddy,Female,22,+917760458048,shalini.reddy@outlook.com,No,ITI,Management,8.6,Tier-2,236357,KA-2022-22368063,No,Healthcare; Finance; IT; Telecom,Remote,Yes,Automotive,SC,communication; financial modeling; python; react,713044460652,Yes,No,Startup,Large,Telangana / Warangal,18-05-2025
1726,Sanjay Mishra,Male,23,+917883170387,sanjay.mishra418@rediffmail.com,No,10th,Medicine,5.29,Private,277845,OD-2025-01827006,No,Logistics; Education; IT,In-person,No,,OBC,css; javascript; teaching; warehouse ops,724444662149,Yes,No,Corporate,Large,Punjab / Chandigarh,06-05-2025
1727,Yashika Verma,Female,21,+916128273621,yashika.verma522@hotmail.com,No,ITI,Agriculture,51%,Private,672549,GJ-2022-86701108,No,Healthcare; IT; Electrical; Education,Remote,No,,OBC,classroom management; communication; field work; teaching,086203723543,Yes,No,PSU,Medium,Kerala / Thiruvananthapuram,10-08-2025
1728,Ritvik Singh,Male,22,+918930321401,ritvik.singh236@proton.me,No,ITI,Arts,57%,Govt.,515528,PB-2023-84023113,No,Software; IT; Electrical,Hybrid,No,,ST,api design; communication; oop; research; time management,281017593719,Yes,No,Corporate,Large,Haryana / Gurugram,22-07-2025
1729,Shubham Reddy,Male,23,+917840097620,shubham.reddy@gmail.com,No,Graduation,Science,51%,Tier-2,700844,MP-2022-17691717,No,Healthcare; Logistics; Automotive; Finance,Hybrid,Yes,Healthcare,OBC,cad; financial modeling; inventory; record keeping; routing; time management,178146457688,No,No,PSU,Small,Maharashtra / Pune,18-10-2024
1730,Pallavi Kulkarni,Female,22,+919120446234,pallavi.kulkarni506@gmail.com,No,Diploma,Commerce,5.27,Private,293923,KL-2024-06817941,No,Automotive; Education,Hybrid,No,,OBC,cad; classroom management; presentation; teaching,638485894109,Yes,No,PSU,Large,Delhi / New Delhi,30-06-2025
1731,Dinesh Shetty,Male,24,+919824748285,dinesh.shetty@gmail.com,No,ITI,Pharmacy,81%,Private,416902,UP-2024-06639602,No,E-commerce; Healthcare; Software; IT,In-person,No,,OBC,communication; oop; order management; record keeping; teamwork; unit testing,778243365759,Yes,No,PSU,Large,Karnataka / Mangaluru,29-05-2025
1732,Manish Joshi,Male,22,+919420194286,manish.joshi@hotmail.com,No,ITI,Law,9.85,Rural college,102618,PB-2024-14618346,No,Healthcare; E-commerce,Remote,No,,ST,case analysis; first aid; problem solving; writing,454339873032,No,No,Corporate,Medium,Delhi / New Delhi,25-05-2025
1733,Kabir Iyer,Male,21,+919577258121,kabir.iyer@proton.me,No,12th,Medicine,5.48,Tier-2,70096,MH-2022-53757140,No,Railway; Electrical; Automotive,Remote,No,,OBC,cad; communication; presentation; problem solving; supply chain; vehicle diagnostics,696811377913,No,No,MSME,Large,Madhya Pradesh / Bhopal,12-04-2025
1734,Gaurav Kulkarni,Male,22,+916753542952,gaurav.kulkarni600@hotmail.com,No,Graduation,Law,8.03,Govt.,104721,TN-2023-22406327,No,Automotive; Finance; Education; Railway,Hybrid,No,,OBC,communication; drafting; legal research; problem solving; supply chain; tally; vehicle diagnostics; writing,332522701914,No,No,Startup,Small,Bihar / Patna,11-02-2025
1735,Hemant Gupta,Male,23,+916781744056,hemant.gupta21@hotmail.com,No,Graduation,Pharmacy,82%,Tier-3,527433,GJ-2023-71345728,No,Automotive; IT; Electrical; E-commerce,In-person,Yes,Education,OBC,cad; embedded; pcb design; react; writing,925917791588,Yes,No,MSME,Small,Kerala / Kochi,09-05-2025
1736,Riya Joshi,Female,21,+918765900762,riya.joshi@outlook.com,No,Graduation,Arts,7.64,Private,736954,OD-2024-37514534,No,Electrical; Healthcare; Software; IT,In-person,No,,ST,circuit analysis; git; presentation; soldering,548303937868,No,No,MSME,Medium,Bihar / Gaya,28-12-2024
1737,Imran Gupta,Male,23,+917940388713,imran.gupta@gmail.com,No,Diploma,Design,94%,Govt.,793428,WB-2024-64505667,No,IT; Railway,Remote,No,,OBC,adobe xd; communication; css; linux; presentation; teamwork,071452836984,Yes,No,Corporate,Medium,Kerala / Thiruvananthapuram,28-02-2025
1738,Abhishek Das,Male,23,+919721128757,abhishek.das@outlook.com,No,Graduation,Education,71%,Govt.,293572,TS-2025-43473807,No,Logistics; E-commerce; Education; Finance,Remote,No,,ST,assessment; communication; excel; procurement; tally,438435726780,No,No,Corporate,Medium,Haryana / Gurugram,29-04-2025
1739,Varun Bose,Male,23,+917850875297,varun.bose135@proton.me,No,Diploma,Education,8.58,Private,385826,MH-2024-81218785,No,Telecom; Railway; Logistics,In-person,No,,SC,communication; lesson planning; maintenance; networking; procurement; routing; safety; teaching,144144490818,Yes,No,Corporate,Small,Telangana / Warangal,26-10-2024
1740,Himanshu Mehta,Male,24,+917006206148,himanshu.mehta@hotmail.com,No,12th,Education,89%,Private,608112,PB-2025-49175149,No,Healthcare; Electrical,In-person,No,,OBC,circuit analysis; communication; embedded; patient care; power systems; problem solving; soldering,636356131590,No,No,Startup,Small,Delhi / New Delhi,13-01-2025
1741,Mahesh Reddy,Male,23,+919880085110,mahesh.reddy580@outlook.com,No,10th,Arts,50%,Private,87273,OD-2025-46968108,No,Software; Education; Logistics,Remote,No,,OBC,data structures; lesson planning; unit testing; warehouse ops,798013243805,No,No,Startup,Large,Haryana / Faridabad,12-05-2025
1742,Dhruv Pillai,Male,24,+916357310882,dhruv.pillai398@yahoo.com,No,Graduation,Management,82%,Private,301645,OD-2025-52689335,No,IT; Automotive,In-person,No,,SC,assembly; git; problem solving; supply chain; testing,872851610614,No,No,Startup,Small,Telangana / Warangal,17-06-2025
1743,Anika Kulkarni,Female,22,+919111057617,anika.kulkarni@gmail.com,No,12th,Engineering,93%,Rural college,711877,MH-2024-94449063,No,IT; Electrical,In-person,No,,SC,autocad; communication; css; html; presentation; python,892203217193,Yes,No,MSME,Large,Karnataka / Mangaluru,13-05-2025
1744,Riya Joshi,Female,24,+916603063619,riya.joshi@proton.me,No,ITI,Education,6.99,Tier-3,88621,MH-2022-45108827,No,Railway; Electrical; Education; Automotive,Remote,No,,ST,assembly; assessment; classroom management; content creation; power systems; problem solving; signal systems; teamwork,933897317979,No,No,PSU,Medium,Rajasthan / Udaipur,05-10-2024
1745,Sunil Mukherjee,Male,23,+918396527037,sunil.mukherjee@rediffmail.com,No,Graduation,Science,9.56,Private,447559,WB-2023-56265684,No,IT; E-commerce; Software; Healthcare,Remote,No,,SC,biostatistics; customer support; data structures; linux; order management; problem solving; writing,109565177835,Yes,No,PSU,Small,Kerala / Kochi,31-12-2024
1746,Alok Jain,Male,21,+917097463364,alok.jain@proton.me,No,10th,Medicine,5.11,Private,784944,OD-2022-90001770,No,IT; Telecom,Hybrid,No,,OBC,fiber splicing; html; javascript; troubleshooting,518561325184,Yes,No,PSU,Small,Madhya Pradesh / Gwalior,02-09-2025
1747,Aparna Mukherjee,Female,24,+916086611244,aparna.mukherjee907@outlook.com,No,Diploma,Medicine,8.75,Govt.,485955,TS-2024-91681379,No,Logistics; Manufacturing; IT,Remote,Yes,Education,ST,lean; linux; procurement; teamwork,396342277933,Yes,No,Startup,Medium,Telangana / Hyderabad,11-12-2024
1748,Ananya Mehta,Female,24,+918663168563,ananya.mehta@gmail.com,No,Diploma,Science,8.21,Private,302675,DL-2025-19407449,No,Software; E-commerce,Remote,No,,OBC,api design; cataloging; customer support; lab techniques; oop; order management; teamwork; writing,577142314132,Yes,No,MSME,Large,Uttar Pradesh / Lucknow,18-08-2025
1749,Yash Joshi,Male,21,+919937622068,yash.joshi@gmail.com,No,Graduation,Medicine,6.81,Tier-2,458194,TN-2023-72282001,No,Electrical; Railway,Remote,Yes,Healthcare,OBC,basic life support; communication; lab safety; power systems; presentation; problem solving; time management,789064753945,No,No,Corporate,Large,Tamil Nadu / Coimbatore,07-04-2025
1750,Pallavi Bhat,Female,23,+916038676314,pallavi.bhat@yahoo.com,No,Diploma,Design,5.2,Govt.,171106,MP-2024-40931008,No,IT; Electrical; Healthcare,Remote,No,,OBC,circuit analysis; figma; presentation; teamwork; testing,324909766338,Yes,No,PSU,Medium,Karnataka / Bengaluru,19-07-2025
1751,Tanisha Kulkarni,Female,23,+916714915943,tanisha.kulkarni945@proton.me,No,ITI,Commerce,5.65,Private,246381,GJ-2024-35723520,No,Automotive; Logistics; Finance,Remote,Yes,IT,OBC,audit; inventory; routing; supply chain,620787613262,Yes,No,PSU,Medium,Gujarat / Vadodara,04-04-2025
1752,Yashika Tiwari,Female,21,+916500144284,yashika.tiwari@hotmail.com,No,Graduation,Science,5.63,Tier-3,785208,GJ-2023-66689143,No,Education; Software,Remote,No,,OBC,algorithms; api design; data structures; statistics; teamwork; unit testing; writing,686390041914,No,No,MSME,Small,Madhya Pradesh / Indore,04-07-2025
1753,Akanksha Agarwal,Female,24,+917233663842,akanksha.agarwal@hotmail.com,No,ITI,Education,9.56,Tier-2,342760,GJ-2023-41770120,No,Railway; IT; Finance; Healthcare,Remote,Yes,IT,OBC,biostatistics; java; operations; safety; tally; testing,421059973791,Yes,No,Startup,Large,Maharashtra / Pune,09-03-2025
1754,Ashish Agarwal,Male,21,+918952322909,ashish.agarwal35@rediffmail.com,No,12th,Design,81%,Private,95747,RJ-2024-07190368,No,E-commerce; Railway,In-person,No,,OBC,communication; customer support; marketplace ops; operations; presentation; problem solving; safety,210892704114,No,No,Startup,Large,Rajasthan / Jaipur,05-04-2025
1755,Rajesh Iyer,Male,24,+916079648425,rajesh.iyer@gmail.com,No,12th,Arts,52%,Private,240485,MP-2023-95391432,No,IT; Railway; Education; Healthcare,Remote,No,,OBC,classroom management; content writing; design basics; maintenance; python; teaching; teamwork,437334265018,No,No,PSU,Large,Telangana / Hyderabad,19-02-2025
1756,Farhan Gupta,Male,21,+917986692077,farhan.gupta502@hotmail.com,No,Graduation,Commerce,76%,Private,94479,UP-2024-03782417,No,Electrical; Software; Railway; IT,Remote,No,,OBC,api design; css; docker; pcb design; problem solving; react; signal systems; unit testing,146704316147,Yes,No,Corporate,Large,Gujarat / Ahmedabad,26-11-2024
1757,Yuvraj Reddy,Male,23,+917504749046,yuvraj.reddy686@outlook.com,No,Graduation,Law,83%,Rural college,306995,TN-2025-44526028,No,Logistics; Education; Railway,Hybrid,Yes,Manufacturing,OBC,assessment; maintenance; ms excel; presentation; procurement; safety; signal systems; writing,201190248286,Yes,No,MSME,Small,Kerala / Kochi,26-01-2025
1758,Ritvik Nair,Male,24,+918418211475,ritvik.nair585@outlook.com,No,12th,Management,58%,Private,318523,DL-2025-78513619,No,Software; E-commerce; Logistics; Manufacturing,In-person,No,,OBC,algorithms; api design; presentation; procurement; seo; six sigma; teamwork; writing,262749731461,Yes,No,MSME,Large,Punjab / Ludhiana,13-12-2024
1759,Harsh Patel,Male,23,+918237381859,harsh.patel99@gmail.com,No,Graduation,Pharmacy,8.51,Tier-2,131823,UP-2025-03725311,No,Telecom; IT; Software,Hybrid,Yes,Manufacturing,OBC,communication; pharmacology; presentation; rf planning; time management; unit testing,286415502398,No,No,MSME,Medium,Rajasthan / Jodhpur,19-08-2025
1760,Yamini Saxena,Female,21,+919474836709,yamini.saxena845@hotmail.com,No,Diploma,Pharmacy,5.92,Govt.,348084,TN-2024-55768267,No,Electrical; Healthcare; Telecom; Manufacturing,Hybrid,Yes,Education,SC,cnc; communication; first aid; rf planning; teamwork; troubleshooting,013917549078,Yes,No,MSME,Medium,Kerala / Kochi,05-11-2024
1761,Dhruv Verma,Male,22,+918573521122,dhruv.verma@gmail.com,No,Graduation,Law,62%,Rural college,369075,MP-2023-04066092,No,Software; Electrical,In-person,Yes,Automotive,OBC,circuit analysis; data structures; docker; embedded; legal research; oop; power systems; soldering,516091957350,No,No,Startup,Medium,Kerala / Kochi,24-08-2025
1762,Roshni Tripathi,Female,21,+916419519373,roshni.tripathi943@proton.me,No,Graduation,Arts,76%,Private,364912,MP-2025-01832407,No,Education; Railway; Finance; Manufacturing,Remote,No,,OBC,audit; cad; classroom management; gst; lean; six sigma,785863715410,Yes,No,Corporate,Small,Rajasthan / Jaipur,16-10-2024
1763,Riya Bhat,Female,24,+919584793290,riya.bhat@gmail.com,No,Diploma,Commerce,72%,Private,186544,HR-2025-93031175,No,IT; Education; E-commerce,Hybrid,Yes,Software,OBC,assessment; git; lesson planning; presentation; python; testing; time management,019763472335,Yes,No,MSME,Small,Delhi / New Delhi,26-07-2025
1764,Nikita Ghosh,Female,22,+918236661684,nikita.ghosh371@proton.me,No,Graduation,Education,59%,Private,738589,MP-2024-26145041,No,Software; Education; Telecom,In-person,Yes,Education,OBC,networking; problem solving; teamwork; troubleshooting,566528677536,Yes,No,MSME,Large,Bihar / Gaya,03-01-2025
1765,Ashish Pillai,Male,21,+918102790481,ashish.pillai@proton.me,No,Graduation,Law,5.16,Govt.,448031,UP-2023-76649039,No,Education; IT; Finance,Hybrid,No,,OBC,accounting; audit; financial modeling; linux; problem solving; python; teaching,367908017294,Yes,No,PSU,Medium,Karnataka / Mangaluru,15-10-2024
1766,Sameer Reddy,Male,22,+917013720160,sameer.reddy@gmail.com,No,ITI,Science,78%,Govt.,659984,OD-2022-79325606,No,Software; Finance; Electrical,Remote,No,,OBC,data analysis; data structures; presentation; statistics; tally; unit testing; writing,888350757522,Yes,No,PSU,Medium,Madhya Pradesh / Bhopal,17-08-2025
1767,Jahnavi Chopra,Female,21,+917372991448,jahnavi.chopra@yahoo.com,No,12th,Education,95%,Private,797717,MH-2025-17196503,No,Automotive; Education; E-commerce,Remote,Yes,E-commerce,SC,assembly; assessment; cad; cataloging; classroom management; quality checks; seo; teamwork,252354067636,Yes,No,Startup,Medium,Gujarat / Surat,16-08-2025
1768,Krishna Joshi,Male,22,+918276529718,krishna.joshi@yahoo.com,No,Diploma,Science,59%,Govt.,133734,RJ-2025-66200666,No,Healthcare; Logistics; Railway,In-person,No,,ST,biostatistics; problem solving; routing; writing,225493275012,Yes,No,MSME,Small,Uttar Pradesh / Noida,20-06-2025
1769,Gaurav Mehta,Male,22,+916061696833,gaurav.mehta@proton.me,No,Graduation,Management,50%,Private,119708,HR-2024-17684961,No,Finance; Telecom; Software; IT,Remote,No,,SC,accounting; algorithms; communication; css; excel; html; javascript; problem solving,106170175138,Yes,No,Startup,Small,Tamil Nadu / Coimbatore,31-12-2024
1770,Chirag Verma,Male,24,+919797201344,chirag.verma@proton.me,No,Diploma,Arts,81%,Private,228169,UP-2022-82383163,No,Railway; Healthcare; Manufacturing,In-person,Yes,Automotive,SC,cam; design basics; lab techniques; maintenance; presentation; problem solving; time management; writing,414578342559,No,No,Corporate,Medium,Rajasthan / Udaipur,18-08-2025
1771,Sagar Ghosh,Male,21,+918143835742,sagar.ghosh102@outlook.com,No,Diploma,Engineering,5.69,Rural college,407474,HR-2025-50843660,No,IT; Electrical; Railway; E-commerce,Hybrid,No,,OBC,circuit analysis; documentation; pcb design; python; time management,473861613178,Yes,No,MSME,Large,Bihar / Gaya,26-01-2025
1772,Hina Saxena,Female,22,+919337824540,hina.saxena@yahoo.com,No,Graduation,Law,8.77,Private,312077,PB-2024-26838268,No,Manufacturing; Railway; E-commerce; Software,Remote,Yes,Automotive,SC,algorithms; api design; cad; case analysis; operations; presentation; quality control,006747126240,Yes,No,PSU,Small,West Bengal / Kolkata,04-02-2025
1773,Aarohi Chaudhary,Female,24,+916646207635,aarohi.chaudhary689@outlook.com,No,ITI,Science,5.08,Private,77506,KL-2024-88169358,No,Healthcare; Software; Automotive,Remote,No,,SC,api design; data analysis; supply chain; teamwork,487998853996,Yes,No,Corporate,Large,Gujarat / Ahmedabad,30-12-2024
1774,Kavya Iyer,Female,23,+917369753947,kavya.iyer@proton.me,No,Diploma,Commerce,76%,Private,748164,KA-2022-83685405,No,Railway; Manufacturing; IT,Remote,No,,OBC,accounting; python; six sigma; teamwork; time management,297319476859,No,No,MSME,Small,Kerala / Thiruvananthapuram,30-06-2025
1775,Pihu Mehta,Female,23,+916254740507,pihu.mehta@rediffmail.com,No,Graduation,Arts,64%,Tier-2,699741,PB-2024-89202264,No,Manufacturing; Healthcare; Finance,In-person,No,,OBC,audit; biostatistics; communication; patient care; presentation; record keeping; research; teamwork,617891022823,No,No,PSU,Medium,Odisha / Cuttack,10-07-2025
1776,Ritvik Chopra,Male,21,+918963607812,ritvik.chopra784@gmail.com,No,Diploma,Arts,8.91,Tier-2,293989,PB-2022-24222803,No,E-commerce; Healthcare; Software,In-person,No,,OBC,cataloging; content writing; data structures; oop; presentation; writing,706319665940,Yes,No,Corporate,Small,Madhya Pradesh / Indore,14-04-2025
1777,Sameer Reddy,Male,21,+917247326383,sameer.reddy@yahoo.com,No,12th,Medicine,71%,Govt.,165288,TS-2022-22656983,No,E-commerce; Manufacturing,Hybrid,No,,OBC,cnc; communication; lab safety; order management; quality control; seo; teamwork; writing,418047311845,Yes,No,Startup,Medium,West Bengal / Kolkata,05-02-2025
1778,Manish Mishra,Male,23,+919302337556,manish.mishra389@outlook.com,No,Graduation,Design,51%,Private,146207,WB-2025-92090776,No,Electrical; Logistics; Education,In-person,No,,OBC,classroom management; communication; content creation; inventory; pcb design; time management; writing,199902527141,No,No,Corporate,Small,Maharashtra / Pune,12-02-2025
1779,Avni Ghosh,Female,23,+917806822966,avni.ghosh@hotmail.com,No,Graduation,Medicine,6.86,Govt.,60674,UP-2024-91636571,No,Healthcare; Manufacturing,In-person,Yes,Automotive,SC,cad; cam; six sigma; teamwork; time management; writing,976254852702,Yes,No,Startup,Medium,Delhi / New Delhi,22-12-2024
1780,Ashish Shetty,Male,24,+916746288622,ashish.shetty201@rediffmail.com,No,Graduation,Engineering,89%,Private,773753,MP-2025-23222666,No,Electrical; Telecom,In-person,Yes,IT,OBC,presentation; project management; soldering; teamwork; time management,903198641263,No,No,Corporate,Medium,Rajasthan / Jodhpur,31-07-2025
1781,Akanksha Reddy,Female,22,+916074534399,akanksha.reddy@gmail.com,No,10th,Science,5.1,Govt.,518832,MH-2025-06101830,No,Education; Railway,Hybrid,No,,OBC,lesson planning; maintenance; signal systems; teaching; writing,798062958201,Yes,No,PSU,Large,Tamil Nadu / Chennai,09-04-2025
1782,Jitesh Reddy,Male,23,+916055089703,jitesh.reddy26@outlook.com,No,10th,Management,85%,Private,242885,HR-2024-19538838,No,Electrical; Finance; Railway; Education,Hybrid,No,,SC,assessment; content creation; documentation; excel; financial modeling; gst; lesson planning; teamwork,194924871463,Yes,No,Corporate,Large,Maharashtra / Pune,14-03-2025
1783,Vaishnavi Tripathi,Female,22,+917276372936,vaishnavi.tripathi@hotmail.com,No,12th,Management,9.21,Rural college,477500,MH-2022-61886921,No,Software; Railway,Hybrid,Yes,Automotive,ST,algorithms; api design; documentation; oop; unit testing; writing,072667745553,No,No,Startup,Medium,Uttar Pradesh / Kanpur,05-01-2025
1784,Arvind Singh,Male,24,+918745741796,arvind.singh@gmail.com,No,Graduation,Science,7.65,Tier-2,402482,BR-2025-55463884,No,Railway; Finance; Healthcare; Software,Remote,No,,SC,docker; first aid; lab techniques; oop; presentation; record keeping; statistics; time management,319629124666,Yes,No,Startup,Small,Delhi / New Delhi,06-11-2024
1785,Vivaan Mehta,Male,22,+918861078302,vivaan.mehta577@rediffmail.com,No,12th,Arts,8.16,Govt.,386908,MH-2025-29647860,No,Railway; Finance,Remote,No,,OBC,audit; communication; design basics; gst; tally,948879461285,Yes,No,Corporate,Large,Delhi / New Delhi,01-01-2025
1786,Riya Mishra,Female,22,+919313900366,riya.mishra@outlook.com,No,10th,Agriculture,53%,Govt.,285876,OD-2023-36738530,No,Education; Finance; IT,Remote,Yes,IT,SC,classroom management; communication; content creation; sql; supply chain,388900719095,Yes,No,Corporate,Large,Delhi / New Delhi,11-07-2025
1787,Balaji Agarwal,Male,24,+919698092308,balaji.agarwal@hotmail.com,No,12th,Commerce,59%,Private,654982,DL-2025-21953614,No,Finance; IT,Hybrid,Yes,Automotive,ST,audit; communication; financial modeling; html; javascript; market research; tally; time management,867982534383,No,No,MSME,Medium,Tamil Nadu / Coimbatore,12-08-2025
1788,Monika Nair,Female,22,+918114354161,monika.nair18@hotmail.com,No,10th,Medicine,90%,Govt.,306526,KL-2022-74478251,No,Finance; Logistics; IT; Telecom,Hybrid,No,,SC,basic life support; inventory; javascript; networking; python; tally,487450176468,Yes,No,PSU,Medium,Haryana / Faridabad,14-11-2024
1789,Prerna Kapoor,Female,23,+918996879349,prerna.kapoor835@rediffmail.com,No,Diploma,Law,5.84,Private,670285,MP-2023-61942978,No,Railway; Software; Electrical,Hybrid,No,,OBC,embedded; legal research; operations; signal systems; time management; writing,661771133389,Yes,No,MSME,Large,Uttar Pradesh / Lucknow,01-01-2025
1790,Tarun Khan,Male,23,+917235117574,tarun.khan496@rediffmail.com,No,ITI,Agriculture,59%,Private,291820,WB-2022-12660696,No,Manufacturing; Electrical,Hybrid,Yes,Healthcare,OBC,circuit analysis; communication; field work; quality control,361034740738,Yes,No,Startup,Small,West Bengal / Siliguri,20-07-2025
1791,Meera Patel,Female,23,+916095005220,meera.patel@yahoo.com,No,12th,Engineering,71%,Private,363143,BR-2023-44106189,No,Finance; Railway; Education,In-person,Yes,Finance,ST,audit; documentation; excel; gst; presentation; problem solving; signal systems,189481276878,Yes,No,MSME,Large,Punjab / Chandigarh,30-05-2025
1792,Ishita Mishra,Female,24,+918715533056,ishita.mishra572@proton.me,No,12th,Law,7.54,Private,229801,RJ-2024-36955192,No,Electrical; IT; Telecom; Healthcare,Remote,Yes,Finance,OBC,fiber splicing; presentation; teamwork; time management,835803753175,No,No,MSME,Small,Rajasthan / Udaipur,14-01-2025
1793,Vasudha Kapoor,Female,21,+916761331368,vasudha.kapoor710@yahoo.com,No,Diploma,Management,63%,Govt.,436225,WB-2023-35881971,No,Manufacturing; Finance; Education,In-person,No,,ST,cad; classroom management; financial modeling; quality control; six sigma; writing,043245092982,No,No,PSU,Small,Odisha / Cuttack,02-02-2025
1794,Sanya Chaudhary,Female,24,+917746717847,sanya.chaudhary614@proton.me,No,12th,Design,7.67,Private,558749,TS-2024-16412670,No,Telecom; Software; IT,Hybrid,No,,OBC,html; javascript; problem solving; testing; unit testing,552025270377,Yes,No,PSU,Small,Telangana / Hyderabad,02-11-2024
1795,Lavanya Pillai,Female,21,+917741675816,lavanya.pillai@outlook.com,No,ITI,Medicine,53%,Tier-2,312131,WB-2025-06569380,No,Electrical; Software; Finance; E-commerce,In-person,Yes,Finance,SC,audit; circuit analysis; embedded; lab safety; teamwork; unit testing,278278713745,Yes,No,PSU,Medium,Maharashtra / Mumbai,04-03-2025
1796,Tushar Agarwal,Male,24,+919036353100,tushar.agarwal@hotmail.com,No,ITI,Medicine,8.82,Private,344314,GJ-2022-62126814,No,Education; Software; E-commerce; Railway,Remote,Yes,Healthcare,OBC,basic life support; marketplace ops; oop; writing,328126610058,Yes,No,PSU,Large,Uttar Pradesh / Noida,19-07-2025
1797,Rajat Chaudhary,Male,21,+916894340594,rajat.chaudhary@outlook.com,No,Graduation,Commerce,6.53,Tier-2,410005,HR-2023-66117883,No,Finance; Telecom,Remote,Yes,Telecom,OBC,communication; fiber splicing; gst; problem solving; tally; troubleshooting,736943051486,Yes,No,Corporate,Small,Rajasthan / Jaipur,04-05-2025
1798,Dhruv Jain,Male,23,+918511079223,dhruv.jain291@hotmail.com,No,10th,Management,7.96,Tier-2,589543,BR-2025-33743751,No,Education; E-commerce; Logistics,In-person,Yes,Manufacturing,SC,cataloging; classroom management; inventory; marketplace ops; order management; reporting; time management,327307466962,Yes,No,Startup,Medium,Kerala / Thiruvananthapuram,23-10-2024
1799,Atharv Iyer,Male,23,+917656962803,atharv.iyer@yahoo.com,No,Diploma,Agriculture,76%,Tier-2,444496,TN-2025-79788688,No,Railway; Finance,Hybrid,No,,ST,financial modeling; maintenance; supply chain; teamwork,977590069073,No,No,MSME,Medium,Punjab / Chandigarh,19-05-2025
1800,Uday Srivastava,Male,22,+916264397099,uday.srivastava@proton.me,No,Diploma,Education,83%,Private,379355,GJ-2024-86768450,No,Manufacturing; Finance; E-commerce; Electrical,In-person,No,,OBC,cnc; excel; pcb design; presentation; quality control; soldering; time management; writing,056879976938,Yes,No,Startup,Small,Maharashtra / Mumbai,08-01-2025
1801,Imran Tripathi,Male,23,+916698920704,imran.tripathi@gmail.com,No,Graduation,Medicine,5.89,Private,689343,GJ-2024-40765800,No,Automotive; E-commerce; Healthcare; Finance,Remote,No,,ST,audit; biostatistics; first aid; lab safety; patient care; record keeping; supply chain; writing,431683640228,Yes,No,MSME,Large,Odisha / Bhubaneswar,29-08-2025
1802,Mahima Kapoor,Female,23,+917908907500,mahima.kapoor@yahoo.com,No,12th,Education,6.07,Private,252229,WB-2023-77228108,No,Logistics; E-commerce,Hybrid,No,,OBC,assessment; cataloging; inventory; lesson planning; presentation; teaching; teamwork,442703043096,Yes,No,PSU,Small,Tamil Nadu / Coimbatore,30-08-2025
1803,Uday Srivastava,Male,23,+919864660310,uday.srivastava53@hotmail.com,No,ITI,Design,77%,Tier-2,517048,WB-2023-89256408,No,Healthcare; Manufacturing,In-person,No,,ST,adobe xd; cad; patient care; problem solving; six sigma; supply chain; teamwork; ui principles,014877315890,No,No,MSME,Large,Uttar Pradesh / Noida,27-05-2025
1804,Aaradhya Mishra,Female,23,+919835707557,aaradhya.mishra@proton.me,No,Graduation,Management,88%,Private,792720,TN-2023-07138446,No,Software; Telecom; Finance,In-person,No,,OBC,accounting; communication; docker; fiber splicing; gst; oop; rf planning,205213400137,No,No,Startup,Large,Haryana / Gurugram,02-07-2025
1805,Naveen Yadav,Male,24,+917071941644,naveen.yadav569@yahoo.com,No,Graduation,Design,9.81,Govt.,211506,TS-2024-37764145,No,Railway; E-commerce; Finance; Education,In-person,No,,SC,communication; content creation; lesson planning; marketplace ops; signal systems,852735531457,No,No,PSU,Medium,West Bengal / Kolkata,24-11-2024
1806,Arjun Ghosh,Male,22,+919547316092,arjun.ghosh@hotmail.com,No,10th,Medicine,68%,Govt.,706762,MH-2024-03174610,No,Railway; Finance; Automotive,In-person,No,,SC,audit; quality checks; signal systems; tally; vehicle diagnostics,990649578202,Yes,No,PSU,Large,Telangana / Hyderabad,22-01-2025
1807,Rohan Verma,Male,22,+917196431571,rohan.verma@hotmail.com,No,Graduation,Arts,7.9,Govt.,309789,PB-2024-91485378,No,Logistics; Software; IT; E-commerce,In-person,No,,OBC,algorithms; api design; procurement; unit testing; warehouse ops,589489579683,Yes,No,Startup,Small,Bihar / Gaya,25-07-2025
1808,Ayan Jain,Male,24,+917363227232,ayan.jain@gmail.com,No,Graduation,Management,9.59,Private,526227,OD-2025-11639709,No,Education; IT,Remote,No,,SC,presentation; python; teaching; time management,458681383509,Yes,No,PSU,Small,Haryana / Gurugram,25-05-2025
1809,Aarav Verma,Male,21,+919676035992,aarav.verma@rediffmail.com,No,12th,Commerce,66%,Private,517314,TS-2024-11075620,No,E-commerce; Software; Manufacturing; Finance,In-person,No,,ST,algorithms; api design; data structures; financial modeling; lean; oop; teamwork; unit testing,076430882960,Yes,No,Corporate,Medium,Maharashtra / Nagpur,28-05-2025
1810,Ishita Tiwari,Female,22,+916656812149,ishita.tiwari@proton.me,No,Graduation,Agriculture,7.53,Rural college,305961,KL-2022-71230338,No,Telecom; Manufacturing,In-person,Yes,Software,SC,cam; fiber splicing; presentation; problem solving; quality control; rf planning; soil testing; time management,529529833079,No,No,PSU,Large,West Bengal / Siliguri,01-06-2025
1811,Himanshu Ghosh,Male,21,+918310778306,himanshu.ghosh642@hotmail.com,No,Graduation,Law,5.49,Tier-2,765469,MH-2023-90333888,No,E-commerce; IT; Logistics,Hybrid,No,,PwD,git; javascript; order management; problem solving; procurement; testing; warehouse ops,620642155731,No,Yes,Corporate,Small,Rajasthan / Jaipur,26-09-2024
1812,Parth Srivastava,Male,23,+919078162006,parth.srivastava448@rediffmail.com,No,ITI,Education,7.42,Govt.,723121,KA-2022-79709502,No,Finance; Logistics,Hybrid,No,,ST,excel; financial modeling; lesson planning; tally; teamwork,844854579900,Yes,No,Startup,Large,Haryana / Gurugram,18-06-2025
1813,Jitesh Kapoor,Male,23,+916982697941,jitesh.kapoor@hotmail.com,No,Diploma,Science,56%,Tier-2,616273,TS-2022-37671240,No,E-commerce; Software; Electrical; Manufacturing,In-person,Yes,Software,OBC,data analysis; docker; lab techniques; order management; soldering; time management; writing,337634843635,Yes,No,MSME,Medium,Gujarat / Ahmedabad,10-01-2025
1814,Mahima Patel,Female,24,+917142861603,mahima.patel530@yahoo.com,No,ITI,Law,5.3,Private,276673,WB-2023-03609311,No,Healthcare; Finance,In-person,No,,OBC,drafting; excel; financial modeling; gst; patient care; problem solving; teamwork; time management,743694115399,No,No,Startup,Large,Delhi / New Delhi,01-01-2025
1815,Aarohi Chaudhary,Female,24,+918044046161,aarohi.chaudhary@hotmail.com,No,ITI,Management,53%,Private,591403,OD-2023-72300330,No,Healthcare; Electrical; Manufacturing; Software,Hybrid,No,,OBC,algorithms; biostatistics; lean; reporting; supply chain; unit testing,608629339498,Yes,No,Startup,Medium,Rajasthan / Jaipur,01-02-2025
1816,Lalit Patel,Male,24,+918934149270,lalit.patel645@hotmail.com,No,Diploma,Engineering,81%,Govt.,452522,PB-2025-66233328,No,Software; Logistics; Education,In-person,No,,OBC,api design; assessment; communication; ms excel; oop; procurement; teaching,525835587960,Yes,No,PSU,Medium,Odisha / Bhubaneswar,19-02-2025
1817,Kiran Singh,Female,23,+918000627160,kiran.singh526@hotmail.com,No,12th,Engineering,7.46,Tier-2,310776,BR-2023-84172480,No,Healthcare; Automotive,Remote,Yes,IT,ST,communication; first aid; problem solving; quality checks; record keeping,892298329413,Yes,No,MSME,Large,Madhya Pradesh / Bhopal,24-07-2025
1818,Poorvi Reddy,Female,24,+916687664487,poorvi.reddy671@rediffmail.com,No,12th,Pharmacy,8.96,Private,153342,BR-2023-44799132,No,Railway; IT,Remote,Yes,Manufacturing,SC,java; pharmacology; python; safety; sql,635395104835,No,No,Corporate,Medium,Telangana / Warangal,21-02-2025
1819,Sameer Malhotra,Male,23,+919214470001,sameer.malhotra@yahoo.com,No,12th,Design,8.93,Private,773328,MP-2024-13727273,No,Electrical; E-commerce; Logistics,In-person,No,,OBC,customer support; ms excel; pcb design; seo; warehouse ops,261327100197,Yes,No,PSU,Medium,Uttar Pradesh / Kanpur,03-07-2025
1820,Tanisha Mehta,Female,22,+918494380090,tanisha.mehta21@yahoo.com,No,12th,Arts,63%,Private,441040,GJ-2022-18451132,No,Healthcare; Railway,Hybrid,No,,OBC,design basics; operations; patient care; presentation; writing,916216484508,Yes,No,PSU,Large,West Bengal / Kolkata,28-12-2024
1821,Mayank Khan,Male,22,+917973374627,mayank.khan@proton.me,No,Graduation,Arts,9.39,Private,146889,HR-2025-22533199,No,Railway; Automotive; Healthcare,In-person,Yes,Manufacturing,OBC,assembly; first aid; problem solving; research; safety; supply chain; teamwork; time management,607064995625,Yes,No,PSU,Large,Rajasthan / Udaipur,27-06-2025
1822,Ojasvi Tiwari,Female,23,+919126560231,ojasvi.tiwari@outlook.com,No,Diploma,Pharmacy,78%,Private,274293,MP-2023-14175495,No,Software; Logistics; Electrical; Education,Remote,No,,SC,assessment; embedded; inventory; routing; teaching; unit testing; warehouse ops,682643770340,Yes,No,MSME,Large,Maharashtra / Nagpur,25-11-2024
1823,Aman Mishra,Male,21,+918566982210,aman.mishra@outlook.com,No,12th,Arts,8.54,Rural college,634842,MH-2025-01906556,No,E-commerce; Telecom; Automotive; Manufacturing,Remote,No,,OBC,cad; marketplace ops; quality control; troubleshooting,367642164240,Yes,No,Corporate,Medium,Kerala / Kochi,23-02-2025
1824,Pihu Das,Female,22,+918357022502,pihu.das@yahoo.com,No,ITI,Medicine,94%,Private,479602,PB-2024-71794800,No,Manufacturing; Healthcare; Automotive; Electrical,Hybrid,No,,OBC,basic life support; presentation; quality checks; supply chain; teamwork,416850428183,Yes,No,Corporate,Medium,Madhya Pradesh / Indore,11-01-2025
1825,Mohammed Reddy,Male,23,+917250336443,mohammed.reddy@outlook.com,No,12th,Arts,5.18,Govt.,301609,MP-2023-20919582,No,Manufacturing; Education; Automotive,Remote,Yes,Healthcare,OBC,classroom management; cnc; communication; design basics; problem solving; six sigma; supply chain; writing,032580299610,No,No,Startup,Small,Bihar / Gaya,22-04-2025
1826,Alok Agarwal,Male,23,+919873731562,alok.agarwal@rediffmail.com,No,12th,Science,6.6,Govt.,684517,PB-2025-75754945,No,Software; Healthcare,Remote,No,,SC,algorithms; biostatistics; communication; oop; record keeping; teamwork,997021242843,Yes,No,MSME,Small,Kerala / Kozhikode,23-09-2024
1827,Jiya Singh,Female,21,+918103363842,jiya.singh@yahoo.com,No,Graduation,Commerce,75%,Tier-3,334202,GJ-2024-92459494,No,Finance; Automotive; Healthcare,Remote,No,,PwD,audit; excel; financial modeling; writing,247795104196,Yes,Yes,Corporate,Small,Gujarat / Vadodara,04-02-2025
1828,Vidya Yadav,Female,21,+918739977553,vidya.yadav@hotmail.com,No,10th,Pharmacy,5.92,Govt.,586100,OD-2025-57077530,No,E-commerce; Healthcare; Telecom,Hybrid,Yes,Automotive,SC,biostatistics; cataloging; gmp; order management; presentation; record keeping; seo; time management,882797897004,Yes,No,MSME,Small,Bihar / Gaya,05-08-2025
1829,Vaishnavi Pillai,Female,21,+917519410235,vaishnavi.pillai591@proton.me,No,Diploma,Law,8.49,Rural college,716906,UP-2025-74756649,No,Logistics; Healthcare; Education,Remote,No,,SC,classroom management; inventory; lab techniques; legal research; patient care; procurement; teaching,341810536868,No,No,PSU,Large,Uttar Pradesh / Kanpur,25-04-2025
1830,Rakesh Kapoor,Male,21,+916275265985,rakesh.kapoor@gmail.com,No,Graduation,Education,7.05,Tier-3,82171,BR-2024-99729022,No,Finance; Manufacturing,Hybrid,No,,OBC,cam; financial modeling; supply chain; time management,297465998207,No,No,PSU,Large,Madhya Pradesh / Bhopal,10-01-2025
1831,Ayan Patel,Male,22,+919093720491,ayan.patel@outlook.com,No,Diploma,Arts,58%,Private,620004,MP-2023-50435912,No,Telecom; Railway; Automotive,Hybrid,Yes,Telecom,SC,cad; content writing; documentation; presentation; signal systems; supply chain; vehicle diagnostics; writing,685598020172,Yes,No,Corporate,Large,Tamil Nadu / Madurai,13-07-2025
1832,Balaji Singh,Male,21,+916863204304,balaji.singh598@yahoo.com,No,Diploma,Education,67%,Tier-3,597483,HR-2025-95819248,No,Software; Manufacturing,Remote,No,,OBC,algorithms; cnc; teaching; unit testing,910102538077,Yes,No,Startup,Medium,Telangana / Warangal,12-06-2025
1833,Poorvi Reddy,Female,23,+919258000457,poorvi.reddy284@outlook.com,No,10th,Science,6.82,Private,267731,HR-2022-24334393,No,Logistics; Electrical; Railway,Remote,No,,OBC,embedded; routing; safety; statistics,579855562280,Yes,No,MSME,Medium,Kerala / Thiruvananthapuram,09-12-2024
1834,Pranav Jain,Male,24,+917640900626,pranav.jain113@hotmail.com,No,Graduation,Commerce,54%,Tier-3,89965,HR-2022-46395381,No,Software; Logistics; E-commerce; Education,Hybrid,No,,ST,algorithms; data structures; marketplace ops; teamwork,796081433861,Yes,No,Corporate,Medium,Telangana / Warangal,31-10-2024
1835,Ajeet Chopra,Male,21,+916819056667,ajeet.chopra377@proton.me,No,ITI,Education,61%,Tier-2,489163,OD-2023-38140078,No,Education; Software,Hybrid,No,,OBC,api design; data structures; lesson planning; presentation; problem solving; teamwork; unit testing; writing,710221588528,Yes,No,PSU,Small,Punjab / Chandigarh,03-01-2025
1836,Vidya Kulkarni,Female,22,+916520484589,vidya.kulkarni@rediffmail.com,No,Graduation,Arts,52%,Tier-3,513668,RJ-2024-71350780,No,IT; Healthcare; Finance; Telecom,Remote,Yes,Healthcare,SC,design basics; gst; lab techniques; linux; record keeping; rf planning; time management; writing,159073498473,Yes,No,Startup,Large,Haryana / Gurugram,31-08-2025
1837,Dhruv Yadav,Male,23,+919950601314,dhruv.yadav@gmail.com,No,ITI,Design,80%,Private,414384,HR-2022-31280777,No,Logistics; Automotive; Railway; Finance,In-person,No,,OBC,audit; documentation; quality checks; warehouse ops; writing,509808028878,Yes,No,MSME,Large,Madhya Pradesh / Indore,19-02-2025
1838,Imran Iyer,Male,23,+919561347264,imran.iyer49@proton.me,No,Graduation,Engineering,6.59,Private,476041,RJ-2024-82789909,No,E-commerce; Railway; Logistics,In-person,No,,OBC,autocad; communication; routing; seo; signal systems; time management; writing,888344530073,No,No,MSME,Medium,Kerala / Kozhikode,04-04-2025
1839,Mohammed Mehta,Male,21,+917537893087,mohammed.mehta76@outlook.com,No,ITI,Pharmacy,52%,Tier-3,452557,KL-2025-84489114,No,Healthcare; Logistics; Education; IT,Remote,No,,SC,assessment; biostatistics; css; procurement; record keeping; routing; teamwork,282917249944,No,No,Corporate,Medium,Bihar / Gaya,26-12-2024
1840,Navya Patel,Female,23,+918165550438,navya.patel@hotmail.com,No,Graduation,Design,8.75,Private,473639,BR-2024-37524236,No,E-commerce; Automotive; Logistics; Software,Remote,Yes,Manufacturing,OBC,api design; assembly; figma; oop; problem solving,432625443975,No,No,PSU,Small,Delhi / New Delhi,08-06-2025
1841,Sanya Ghosh,Female,24,+919986553677,sanya.ghosh10@outlook.com,No,Graduation,Engineering,70%,Private,370408,MP-2025-18424078,No,Software; Education,Remote,Yes,Healthcare,OBC,api design; classroom management; content creation; docker; matlab; problem solving; teaching; teamwork,316440747756,Yes,No,PSU,Large,West Bengal / Siliguri,02-09-2025
1842,Harini Agarwal,Female,23,+916723936967,harini.agarwal@yahoo.com,No,Graduation,Arts,6.19,Govt.,248642,TS-2023-74120017,No,IT; Telecom; Logistics; Electrical,In-person,No,,OBC,design basics; fiber splicing; pcb design; presentation; problem solving; python; react,180169582389,No,No,MSME,Medium,Rajasthan / Jodhpur,07-08-2025
1843,Mahesh Agarwal,Male,24,+917194323116,mahesh.agarwal@rediffmail.com,No,12th,Science,8.05,Private,651359,KA-2022-63902598,No,Electrical; Railway; Software,In-person,No,,OBC,documentation; embedded; lab techniques; operations; writing,076760945685,Yes,No,PSU,Small,Tamil Nadu / Chennai,15-12-2024
1844,Aditi Chaudhary,Female,21,+917650323876,aditi.chaudhary236@hotmail.com,No,10th,Design,78%,Private,449849,WB-2022-67217027,No,Telecom; Electrical; Education; Healthcare,In-person,No,,OBC,assessment; biostatistics; time management; troubleshooting; ui principles,919563244827,Yes,No,MSME,Small,Rajasthan / Udaipur,02-02-2025
1845,Bhumi Tripathi,Female,24,+917129681935,bhumi.tripathi@yahoo.com,No,Graduation,Commerce,51%,Private,185291,TS-2024-19746404,No,Automotive; Telecom; Healthcare; Electrical,Remote,No,,OBC,biostatistics; cad; excel; lab techniques; pcb design; record keeping; rf planning,837988261183,No,No,Corporate,Small,Rajasthan / Udaipur,19-04-2025
1846,Farah Bose,Female,22,+916880853711,farah.bose823@hotmail.com,No,ITI,Commerce,5.35,Govt.,380545,MH-2023-10278958,No,Education; Railway; Automotive,Hybrid,No,,SC,maintenance; operations; teaching; teamwork,567618682673,Yes,No,Startup,Small,Tamil Nadu / Chennai,22-10-2024
1847,Supriya Ghosh,Female,21,+916908193115,supriya.ghosh736@outlook.com,No,ITI,Engineering,7.64,Private,461575,BR-2022-81882818,No,E-commerce; Telecom; Manufacturing,Hybrid,No,,ST,cad; matlab; order management; presentation; quality control; six sigma; supply chain,377191429068,Yes,No,Corporate,Small,Tamil Nadu / Madurai,08-05-2025
1848,Anika Srivastava,Female,23,+917820948763,anika.srivastava@hotmail.com,No,Diploma,Pharmacy,8.87,Tier-3,326696,BR-2025-69273098,No,Manufacturing; Education; Finance; Electrical,Remote,No,,OBC,cam; circuit analysis; classroom management; lean; lesson planning; soldering; teaching,376524796197,Yes,No,PSU,Small,West Bengal / Siliguri,12-11-2024
1849,Ankit Yadav,Male,24,+919940608581,ankit.yadav@yahoo.com,No,Diploma,Science,8.76,Private,715880,OD-2023-95521963,No,Manufacturing; Software,Hybrid,Yes,Automotive,OBC,lean; oop; six sigma; statistics,406192711072,Yes,No,Startup,Small,Karnataka / Mangaluru,23-12-2024
1850,Sneha Das,Female,23,+918853614230,sneha.das@hotmail.com,No,12th,Management,54%,Govt.,438905,MH-2023-43784150,No,Healthcare; Railway; Telecom; Finance,In-person,No,,SC,accounting; communication; gst; networking; presentation; signal systems; tally; troubleshooting,480938188158,No,No,Corporate,Medium,Uttar Pradesh / Noida,15-02-2025
1851,Abdul Chopra,Male,22,+916539619591,abdul.chopra@hotmail.com,No,Graduation,Arts,7.02,Private,395297,KA-2025-52967996,No,IT; Railway,Hybrid,No,,OBC,communication; content writing; html; java; operations; research,567736922080,Yes,No,MSME,Medium,Uttar Pradesh / Kanpur,13-01-2025
1852,Bhumi Kapoor,Female,22,+919714995205,bhumi.kapoor@yahoo.com,No,12th,Design,7.78,Private,556845,BR-2022-84612009,No,Railway; Manufacturing,In-person,Yes,Finance,SC,adobe xd; maintenance; supply chain; writing,007802861185,Yes,No,PSU,Small,Karnataka / Mangaluru,17-01-2025
1853,Ishani Kulkarni,Female,22,+916368854412,ishani.kulkarni@rediffmail.com,No,ITI,Science,5.38,Private,385321,RJ-2025-58365823,No,Finance; Electrical; Telecom; IT,Hybrid,No,,OBC,accounting; excel; gst; linux; soldering; statistics; writing,251731467381,Yes,No,PSU,Medium,Punjab / Chandigarh,05-05-2025
1854,Niharika Sharma,Female,24,+919397973549,niharika.sharma@hotmail.com,No,Diploma,Management,8.33,Tier-2,591587,TN-2022-04085177,No,E-commerce; Education,Remote,No,,PwD,problem solving; reporting; teaching; teamwork; writing,302893807304,No,Yes,MSME,Small,Karnataka / Bengaluru,02-01-2025
1855,Gaurav Bose,Male,24,+917758997958,gaurav.bose770@hotmail.com,No,ITI,Medicine,7.61,Private,776888,PB-2022-47786701,No,Automotive; Manufacturing; Software; Electrical,Remote,Yes,Healthcare,OBC,algorithms; data structures; embedded; power systems; quality checks; soldering; unit testing,414725352237,No,No,PSU,Large,Gujarat / Ahmedabad,14-04-2025
1856,Garima Pillai,Female,24,+919106160828,garima.pillai874@hotmail.com,No,ITI,Engineering,9.33,Govt.,547684,MP-2022-40775570,No,Logistics; E-commerce,In-person,No,,SC,cataloging; customer support; marketplace ops; project management; warehouse ops,093864294792,No,No,Startup,Medium,Gujarat / Surat,26-10-2024
1857,Harini Tripathi,Female,22,+917935493634,harini.tripathi707@yahoo.com,No,ITI,Medicine,8.57,Private,408938,TS-2022-09238360,No,Railway; Software,Remote,Yes,IT,SC,api design; communication; data structures; documentation; signal systems; teamwork; time management,719292563300,Yes,No,Startup,Large,Haryana / Gurugram,06-06-2025
1858,Farhan Tripathi,Male,22,+917627372900,farhan.tripathi@proton.me,No,12th,Commerce,9.77,Tier-3,353880,RJ-2023-92406086,No,E-commerce; Manufacturing,Hybrid,No,,ST,cnc; excel; marketplace ops; presentation; writing,153719867971,No,No,MSME,Small,Odisha / Bhubaneswar,19-04-2025
1859,Varun Jain,Male,21,+917996214041,varun.jain@hotmail.com,No,10th,Agriculture,56%,Private,702713,TN-2023-29752229,No,Railway; Healthcare; Logistics,Hybrid,No,,SC,biostatistics; ms excel; soil testing; warehouse ops,224474165062,Yes,No,MSME,Small,Telangana / Hyderabad,24-03-2025
1860,Ritesh Sharma,Male,22,+919828986429,ritesh.sharma928@yahoo.com,No,Graduation,Science,7.16,Private,643231,BR-2023-37122997,No,Electrical; Finance; Software; IT,Remote,No,,PwD,accounting; api design; git; javascript; linux; soldering; testing,356061312122,Yes,Yes,MSME,Medium,Punjab / Ludhiana,12-11-2024
1861,Pari Yadav,Female,23,+916766492151,pari.yadav462@gmail.com,No,Graduation,Pharmacy,8.96,Govt.,509629,WB-2023-13649285,No,Electrical; Logistics,Remote,No,,OBC,circuit analysis; embedded; pharmacology; power systems; problem solving; procurement; routing; warehouse ops,850176855195,Yes,No,MSME,Large,Karnataka / Bengaluru,10-08-2025
1862,Pari Singh,Female,22,+917664001855,pari.singh@gmail.com,No,12th,Arts,8.98,Tier-3,237602,KL-2025-59134955,No,Software; E-commerce,In-person,No,,ST,algorithms; api design; customer support; design basics; docker; marketplace ops; time management,064027113851,Yes,No,Startup,Large,Tamil Nadu / Madurai,08-10-2024
1863,Pooja Tripathi,Female,23,+916718430957,pooja.tripathi@outlook.com,No,Diploma,Arts,7.21,Private,671013,PB-2022-22972136,No,Manufacturing; Healthcare,Remote,No,,OBC,communication; first aid; lab techniques; quality control; record keeping,603961886869,Yes,No,Startup,Medium,Karnataka / Mangaluru,14-02-2025
1864,Dinesh Ghosh,Male,21,+916408779214,dinesh.ghosh358@proton.me,No,12th,Education,61%,Private,71539,OD-2024-70399642,No,Automotive; Telecom,Remote,Yes,Telecom,SC,assessment; communication; fiber splicing; quality checks; supply chain; teamwork,558658673634,Yes,No,Corporate,Medium,Gujarat / Vadodara,13-11-2024
1865,Atharv Nair,Male,24,+918070058804,atharv.nair@yahoo.com,No,12th,Science,6.92,Tier-2,656176,RJ-2024-05656463,No,Finance; E-commerce,Remote,Yes,Education,OBC,excel; gst; order management; time management,550960080054,Yes,No,MSME,Small,Odisha / Bhubaneswar,26-10-2024
1866,Shubham Tripathi,Male,22,+919727820338,shubham.tripathi@rediffmail.com,No,Graduation,Science,5.58,Private,175614,MH-2022-54308968,No,Railway; Software; Education; Finance,Remote,Yes,Automotive,OBC,documentation; excel; financial modeling; safety; signal systems; teaching; teamwork; unit testing,389245774570,No,No,Corporate,Large,Madhya Pradesh / Gwalior,13-01-2025
1867,Shaurya Joshi,Male,24,+916624717191,shaurya.joshi544@proton.me,No,12th,Education,89%,Private,233449,GJ-2025-40300983,No,Finance; Railway; IT,Remote,No,,OBC,audit; documentation; html; lesson planning; maintenance; testing; time management,285746703286,No,No,PSU,Large,Punjab / Ludhiana,27-09-2024
1868,Pari Tripathi,Female,21,+918363517384,pari.tripathi925@proton.me,No,Diploma,Medicine,93%,Govt.,483309,BR-2025-74786192,No,Finance; E-commerce; Automotive,In-person,No,,OBC,assembly; documentation; gst; presentation; writing,422074585947,Yes,No,MSME,Small,Bihar / Patna,15-03-2025
1869,Akhil Sharma,Male,21,+919991430819,akhil.sharma344@rediffmail.com,No,Graduation,Commerce,50%,Govt.,637597,TN-2023-26869039,No,Electrical; Railway,In-person,Yes,Telecom,SC,communication; documentation; excel; maintenance; market research; writing,253499541155,No,No,MSME,Small,Telangana / Warangal,28-06-2025
1870,Harshit Reddy,Male,24,+918357316721,harshit.reddy777@proton.me,No,Graduation,Design,5.02,Private,147745,DL-2024-32868971,No,Logistics; Education; Automotive; Electrical,Remote,No,,OBC,embedded; figma; inventory; lesson planning; soldering; teaching; ui principles; writing,887973348111,Yes,No,Startup,Large,Kerala / Kozhikode,28-01-2025
1871,Jay Chaudhary,Male,24,+918987190121,jay.chaudhary983@hotmail.com,No,10th,Pharmacy,9.94,Private,261971,TS-2024-98647903,No,Finance; IT,Hybrid,No,,SC,audit; css; excel; gst; pharmacology; problem solving; tally,709882008062,Yes,No,Startup,Small,Madhya Pradesh / Indore,19-02-2025
1872,Kiran Saxena,Female,24,+919702834617,kiran.saxena@yahoo.com,No,Graduation,Commerce,50%,Govt.,284884,UP-2023-35594957,No,Finance; Telecom; Railway,Remote,Yes,Automotive,SC,communication; gst; maintenance; problem solving,162622798947,Yes,No,Corporate,Large,Madhya Pradesh / Indore,25-06-2025
1873,Siddharth Nair,Male,23,+918672763336,siddharth.nair@rediffmail.com,No,ITI,Law,6.31,Govt.,445855,DL-2025-17017427,No,Education; Logistics; Healthcare,In-person,No,,OBC,drafting; legal research; lesson planning; teaching; writing,279987784804,Yes,No,MSME,Small,Rajasthan / Jodhpur,06-05-2025
1874,Trisha Malhotra,Female,22,+918430499580,trisha.malhotra@rediffmail.com,No,Diploma,Medicine,5.79,Tier-3,651850,RJ-2022-57870255,No,IT; Software; Telecom,Remote,Yes,Healthcare,PwD,css; html; javascript; lab safety; linux; oop,761497968125,Yes,Yes,Startup,Medium,Bihar / Gaya,10-04-2025
1875,Zara Gupta,Female,23,+919360272233,zara.gupta129@rediffmail.com,No,12th,Arts,93%,Tier-2,738476,TS-2024-52103605,No,Education; IT; E-commerce; Healthcare,In-person,Yes,IT,SC,communication; java; record keeping; seo; teaching; testing,507845611740,No,No,PSU,Large,Madhya Pradesh / Bhopal,20-05-2025
1876,Nitesh Malhotra,Male,23,+919165571231,nitesh.malhotra347@yahoo.com,No,12th,Medicine,6.29,Private,293468,KA-2025-04342205,No,Manufacturing; E-commerce,In-person,No,,OBC,basic life support; cam; communication; documentation; marketplace ops; order management; teamwork,189797538318,Yes,No,Startup,Small,West Bengal / Kolkata,01-04-2025
1877,Siddharth Reddy,Male,23,+917957865743,siddharth.reddy@gmail.com,No,10th,Pharmacy,71%,Tier-3,248769,BR-2024-23136749,No,Railway; Education,In-person,Yes,Manufacturing,OBC,assessment; classroom management; communication; problem solving; time management,627846294580,Yes,No,Startup,Large,Karnataka / Mysuru,15-07-2025
1878,Raghav Malhotra,Male,23,+917827563741,raghav.malhotra525@proton.me,No,Diploma,Agriculture,54%,Private,480040,GJ-2023-11647005,No,IT; Electrical; Finance; Railway,In-person,Yes,Finance,OBC,embedded; gst; power systems; presentation,783493841372,Yes,No,Corporate,Medium,Uttar Pradesh / Noida,15-04-2025
1879,Jay Patel,Male,24,+918209198389,jay.patel73@hotmail.com,No,12th,Design,7.45,Govt.,486528,OD-2023-27101019,No,Logistics; Education; Manufacturing; Electrical,In-person,No,,ST,assessment; circuit analysis; soldering; teaching,043259650588,Yes,No,PSU,Small,Punjab / Chandigarh,10-12-2024
1880,Nitesh Mukherjee,Male,22,+918840970157,nitesh.mukherjee@rediffmail.com,No,12th,Science,6.37,Private,771924,TS-2025-01613724,No,Healthcare; IT; Finance; Telecom,In-person,Yes,Education,PwD,audit; excel; fiber splicing; java; linux; react; teamwork; writing,837359801802,Yes,Yes,Startup,Medium,Punjab / Chandigarh,22-11-2024
1881,Navya Sharma,Female,22,+919541397281,navya.sharma@outlook.com,No,Graduation,Management,66%,Private,402119,KL-2022-38618070,No,Education; Automotive,In-person,Yes,IT,SC,assembly; ms excel; operations; problem solving; quality checks; supply chain; teamwork; vehicle diagnostics,123301111530,No,No,Startup,Large,Bihar / Patna,11-12-2024
1882,Shreya Das,Female,22,+919131073025,shreya.das@gmail.com,No,12th,Design,88%,Private,761881,UP-2023-91611937,No,E-commerce; Telecom,In-person,Yes,E-commerce,PwD,cataloging; customer support; fiber splicing; marketplace ops; problem solving; seo; time management; writing,473980268214,No,Yes,Startup,Large,Odisha / Cuttack,25-01-2025
1883,Pallavi Srivastava,Female,22,+918682228302,pallavi.srivastava@outlook.com,No,Graduation,Commerce,53%,Private,64646,RJ-2023-09497379,No,Logistics; Finance; Automotive; Manufacturing,In-person,No,,OBC,communication; excel; inventory; problem solving; procurement,750279597047,No,No,Corporate,Medium,Haryana / Gurugram,23-07-2025
1884,Venkatesh Saxena,Male,21,+917794615873,venkatesh.saxena673@yahoo.com,No,Graduation,Law,9.35,Private,528307,HR-2023-04780133,No,Finance; Telecom; Electrical,In-person,No,,SC,fiber splicing; financial modeling; problem solving; soldering; tally; time management,974136587001,Yes,No,MSME,Small,Madhya Pradesh / Gwalior,13-09-2024
1885,Aisha Mukherjee,Female,22,+917384977708,aisha.mukherjee@yahoo.com,No,10th,Medicine,9.28,Govt.,447110,MH-2024-28271957,No,Logistics; Telecom; Automotive,Remote,No,,OBC,basic life support; documentation; fiber splicing; lab safety; rf planning; routing; time management; vehicle diagnostics,615875525640,No,No,Corporate,Large,Telangana / Hyderabad,03-10-2024
1886,Vidya Gupta,Female,24,+916975443654,vidya.gupta@outlook.com,No,12th,Science,57%,Private,145832,DL-2022-12171340,No,Telecom; IT; Logistics; Finance,Remote,No,,SC,html; inventory; rf planning; time management; troubleshooting,168177962872,Yes,No,Corporate,Medium,Bihar / Patna,17-06-2025
1887,Prakash Tiwari,Male,23,+919141574373,prakash.tiwari749@outlook.com,No,Diploma,Management,8.8,Govt.,459492,UP-2023-26975442,No,E-commerce; Healthcare,In-person,No,,OBC,biostatistics; communication; ms excel; patient care,000842895972,No,No,PSU,Large,Uttar Pradesh / Noida,26-08-2025
1888,Sakshi Srivastava,Female,22,+917370161486,sakshi.srivastava@outlook.com,No,Graduation,Law,68%,Tier-2,565637,WB-2023-49782787,No,Finance; Electrical,Remote,No,,OBC,accounting; circuit analysis; communication; embedded; excel; financial modeling; power systems; soldering,651405378820,Yes,No,Corporate,Large,Maharashtra / Nagpur,18-10-2024
1889,Ishaan Iyer,Male,21,+917827971401,ishaan.iyer@yahoo.com,No,12th,Law,56%,Private,261321,OD-2024-47782415,No,Electrical; IT; Manufacturing; Healthcare,Remote,No,,SC,cam; circuit analysis; first aid; teamwork; time management,712934965094,Yes,No,Startup,Small,Rajasthan / Jodhpur,01-01-2025
1890,Seema Yadav,Female,21,+917486921715,seema.yadav577@proton.me,No,Graduation,Arts,70%,Govt.,220813,GJ-2022-59973739,No,Software; Railway,In-person,No,,OBC,api design; content writing; design basics; docker; documentation; maintenance; research; time management,857961884770,No,No,Startup,Large,Delhi / New Delhi,17-08-2025
1891,Vijay Iyer,Male,24,+917386533064,vijay.iyer136@outlook.com,No,12th,Pharmacy,7.2,Private,453386,UP-2025-65593020,No,Railway; Finance,In-person,Yes,IT,OBC,documentation; financial modeling; maintenance; problem solving; signal systems,520673075963,Yes,No,Startup,Large,Uttar Pradesh / Noida,26-06-2025
1892,Bhavesh Singh,Male,22,+917587018230,bhavesh.singh@outlook.com,No,Graduation,Design,62%,Private,314442,HR-2022-32946723,No,Finance; Software,In-person,Yes,Manufacturing,OBC,excel; financial modeling; oop; time management,267269113576,Yes,No,Startup,Large,Bihar / Gaya,21-12-2024
1893,Pari Joshi,Female,24,+916446631575,pari.joshi@rediffmail.com,No,ITI,Management,5.9,Private,534575,RJ-2024-24894356,No,Software; Logistics; Automotive; Education,Remote,No,,SC,classroom management; lesson planning; operations; teaching; warehouse ops,390841499393,Yes,No,PSU,Large,Maharashtra / Pune,16-11-2024
1894,Shubham Reddy,Male,21,+916522177990,shubham.reddy@hotmail.com,No,Diploma,Agriculture,60%,Private,410990,PB-2024-65528205,No,Software; Electrical,In-person,No,,PwD,algorithms; communication; data structures; docker; problem solving; soil testing; teamwork; writing,446050890087,Yes,Yes,PSU,Medium,Uttar Pradesh / Lucknow,31-05-2025
1895,Madhuri Chopra,Female,23,+918695091444,madhuri.chopra885@rediffmail.com,No,Diploma,Science,60%,Private,149208,KA-2023-18193499,No,Manufacturing; E-commerce; Finance,Hybrid,No,,OBC,accounting; audit; cam; communication; presentation; teamwork; time management; writing,746149235253,Yes,No,Corporate,Large,West Bengal / Kolkata,04-05-2025
1896,Kritika Patel,Female,22,+917288253140,kritika.patel772@rediffmail.com,No,12th,Law,5.53,Private,488189,PB-2025-55196481,No,Finance; Logistics,Remote,Yes,E-commerce,OBC,accounting; audit; case analysis; financial modeling; presentation; time management; warehouse ops,068826733833,No,No,PSU,Large,Telangana / Warangal,30-01-2025
1897,Shikha Verma,Female,23,+918936521900,shikha.verma@proton.me,No,Diploma,Management,7.26,Private,726018,KL-2025-02119802,No,E-commerce; Finance; Software,Remote,Yes,IT,OBC,communication; excel; financial modeling; gst; ms excel; tally,958169682003,No,No,Corporate,Small,Rajasthan / Jodhpur,25-11-2024
1898,Raina Malhotra,Female,24,+916403661279,raina.malhotra@rediffmail.com,No,12th,Design,86%,Private,751767,MH-2024-08604031,No,Finance; Railway; Healthcare; Telecom,Hybrid,No,,OBC,excel; financial modeling; networking; tally; troubleshooting,518711082549,No,No,MSME,Small,Bihar / Patna,19-10-2024
1899,Rajat Singh,Male,24,+919370579780,rajat.singh170@gmail.com,No,12th,Management,5.22,Tier-3,785763,MP-2022-22230585,No,Electrical; IT,In-person,No,,PwD,power systems; python; react; writing,563361384543,Yes,Yes,Startup,Medium,Tamil Nadu / Madurai,11-12-2024
1900,Aakash Sharma,Male,21,+917137832871,aakash.sharma@gmail.com,No,Diploma,Law,7.55,Govt.,347949,TS-2025-02777644,No,Manufacturing; Healthcare,Remote,Yes,Education,OBC,cam; cnc; first aid; presentation; record keeping,332469962874,No,No,Startup,Large,Tamil Nadu / Coimbatore,21-04-2025
1901,Prerna Srivastava,Female,24,+916365466779,prerna.srivastava@gmail.com,No,Graduation,Education,94%,Tier-3,387117,RJ-2023-95744103,No,Manufacturing; Telecom; Software,Hybrid,No,,SC,cad; networking; quality control; rf planning; supply chain; teaching; unit testing; writing,805600585987,No,No,MSME,Large,Karnataka / Mysuru,08-04-2025
1902,Suresh Iyer,Male,21,+919069747463,suresh.iyer783@yahoo.com,No,Graduation,Design,54%,Private,371812,WB-2025-07661708,No,Healthcare; Software,Hybrid,No,,OBC,algorithms; docker; lab techniques; time management,379290197629,Yes,No,PSU,Small,Uttar Pradesh / Kanpur,29-03-2025
1903,Vasudha Tiwari,Female,21,+916549203931,vasudha.tiwari@yahoo.com,No,Graduation,Commerce,9.51,Govt.,665412,OD-2025-18268920,No,Electrical; Finance; Manufacturing,In-person,No,,OBC,cad; cam; communication; excel; financial modeling; pcb design; quality control; time management,899726787845,Yes,No,Startup,Large,Uttar Pradesh / Noida,28-02-2025
1904,Saanvi Iyer,Female,22,+917443009444,saanvi.iyer460@proton.me,No,12th,Science,6.36,Tier-3,188894,UP-2022-44608891,No,Telecom; Electrical,Remote,No,,OBC,data analysis; fiber splicing; lab techniques; pcb design; power systems; problem solving; rf planning; troubleshooting,842228135598,No,Yes,MSME,Small,Tamil Nadu / Coimbatore,04-01-2025
1905,Amit Tripathi,Male,22,+919923515419,amit.tripathi@outlook.com,No,Diploma,Management,95%,Private,411239,GJ-2023-17886990,No,Automotive; Healthcare,Remote,No,,SC,ms excel; operations; teamwork; writing,537287137213,Yes,No,MSME,Medium,Bihar / Gaya,30-05-2025
1906,Vineet Srivastava,Male,23,+916646368782,vineet.srivastava329@yahoo.com,No,Graduation,Agriculture,7.49,Private,390560,UP-2024-81255619,No,Education; Electrical,Remote,No,,SC,communication; content creation; embedded; pcb design; power systems; soil testing,747625066894,No,No,Corporate,Medium,West Bengal / Kolkata,14-12-2024
1907,Nikita Ghosh,Female,23,+916483229482,nikita.ghosh616@outlook.com,No,ITI,Law,8.46,Govt.,799196,BR-2023-85940549,No,Automotive; Railway; Manufacturing,Remote,No,,OBC,case analysis; lean; legal research; presentation; quality control; six sigma,857253168624,Yes,No,Startup,Large,Madhya Pradesh / Gwalior,03-12-2024
1908,Swati Srivastava,Female,22,+916703646828,swati.srivastava@hotmail.com,No,Graduation,Management,5.02,Govt.,150869,PB-2022-42869369,No,Logistics; Finance,In-person,No,,OBC,accounting; audit; financial modeling; operations; presentation; procurement; reporting; tally,087576537892,Yes,No,Startup,Small,Tamil Nadu / Coimbatore,18-02-2025
1909,Raghav Gupta,Male,22,+917538857245,raghav.gupta242@outlook.com,No,Diploma,Science,5.44,Private,182242,KA-2022-06514818,No,Automotive; Software; Electrical; Finance,Hybrid,No,,OBC,accounting; algorithms; api design; data analysis; financial modeling; gst; pcb design; time management,977365936831,No,No,MSME,Small,Bihar / Gaya,01-07-2025
1910,Navya Chopra,Female,24,+919965827590,navya.chopra153@yahoo.com,No,12th,Pharmacy,8.01,Private,584031,DL-2022-71133773,No,Logistics; Telecom,In-person,No,,OBC,ms excel; networking; presentation; problem solving; rf planning; warehouse ops; writing,597044252285,No,No,Startup,Medium,Punjab / Chandigarh,14-11-2024
1911,Parth Bose,Male,23,+919475373432,parth.bose233@rediffmail.com,No,ITI,Arts,86%,Private,192003,OD-2025-72597967,No,Electrical; Healthcare; Education; Railway,In-person,No,,OBC,circuit analysis; first aid; maintenance; operations; power systems; teaching; writing,802411243342,Yes,No,MSME,Medium,Delhi / New Delhi,28-12-2024
1912,Tanvi Chopra,Female,22,+917202702595,tanvi.chopra@gmail.com,No,ITI,Design,9.69,Private,582596,HR-2022-90234787,No,Automotive; Finance; Software,In-person,Yes,Manufacturing,OBC,accounting; algorithms; assembly; communication; tally,202887680742,No,No,PSU,Small,Rajasthan / Jaipur,15-06-2025
1913,Rajat Kulkarni,Male,24,+918651422006,rajat.kulkarni@proton.me,No,12th,Medicine,79%,Private,268379,UP-2025-07044688,No,Automotive; Software,In-person,No,,OBC,api design; basic life support; cad; communication; lab safety; supply chain; time management; writing,745787556107,No,Yes,PSU,Small,Kerala / Kochi,08-01-2025
1914,Harsh Bhat,Male,24,+918942067209,harsh.bhat780@outlook.com,No,12th,Law,6.46,Private,374663,PB-2022-85544155,No,Manufacturing; IT,In-person,No,,OBC,git; presentation; react; sql; teamwork; testing,719990718106,Yes,No,PSU,Small,Odisha / Cuttack,02-12-2024
1915,Abdul Khan,Male,23,+916947789604,abdul.khan@proton.me,No,ITI,Commerce,76%,Govt.,80806,GJ-2024-15376009,No,IT; Telecom,In-person,No,,OBC,communication; excel; html; networking; presentation,141883175006,Yes,No,PSU,Medium,Gujarat / Surat,28-06-2025
1916,Sai Bose,Male,23,+918607028748,sai.bose@hotmail.com,No,Diploma,Management,5.63,Private,233438,TN-2024-22636860,No,Telecom; Finance; IT,Remote,Yes,Education,OBC,accounting; fiber splicing; ms excel; networking; testing; troubleshooting,308740588253,Yes,No,PSU,Medium,Karnataka / Mysuru,06-01-2025
1917,Sunil Das,Male,23,+916765133376,sunil.das@rediffmail.com,No,12th,Medicine,9.08,Private,106238,KA-2024-50169208,No,Healthcare; Software; Logistics; IT,In-person,No,,OBC,basic life support; css; data structures; docker; inventory; lab safety; lab techniques; sql,888638345801,Yes,No,PSU,Medium,Delhi / New Delhi,24-05-2025
1918,Niharika Shetty,Female,22,+919508973013,niharika.shetty@gmail.com,No,12th,Arts,52%,Govt.,338251,PB-2022-75520440,No,Railway; Automotive; IT; Manufacturing,In-person,No,,OBC,cnc; content writing; css; java; maintenance; python; sql,362649243895,Yes,No,MSME,Large,Tamil Nadu / Coimbatore,24-09-2024
1919,Ishani Shetty,Female,21,+916154780200,ishani.shetty485@rediffmail.com,No,12th,Education,7.46,Rural college,571984,GJ-2024-89369088,No,Manufacturing; Automotive,Remote,Yes,E-commerce,PwD,cad; cnc; lesson planning; presentation; six sigma; teaching,469466871680,Yes,Yes,PSU,Medium,Punjab / Ludhiana,15-09-2024
1920,Akanksha Malhotra,Female,22,+917026535986,akanksha.malhotra@outlook.com,No,12th,Medicine,63%,Govt.,335943,DL-2022-10901606,No,Automotive; Electrical,Remote,Yes,Telecom,OBC,embedded; pcb design; power systems; soldering,792029964337,Yes,No,MSME,Large,Tamil Nadu / Madurai,04-08-2025
1921,Kavya Srivastava,Female,24,+916240865747,kavya.srivastava@hotmail.com,No,12th,Pharmacy,6.72,Govt.,380298,TN-2025-88297751,No,Education; Logistics,Remote,Yes,Manufacturing,OBC,assessment; communication; gmp; ms excel; presentation; teamwork,333139172003,Yes,No,PSU,Medium,Punjab / Chandigarh,20-01-2025
1922,Azeem Bose,Male,22,+919268905640,azeem.bose@rediffmail.com,No,Graduation,Arts,59%,Private,100046,TN-2025-10242347,No,IT; Healthcare; Software,Remote,No,,OBC,communication; docker; html; lab techniques; python; research; unit testing; writing,690421769184,Yes,No,Startup,Large,Karnataka / Mangaluru,23-01-2025
1923,Aarav Bose,Male,22,+919262485713,aarav.bose@yahoo.com,No,Graduation,Management,64%,Private,270974,TS-2024-72103008,No,Logistics; Education; IT,Remote,No,,OBC,classroom management; communication; git; inventory; ms excel,339222232900,Yes,No,PSU,Small,Odisha / Cuttack,03-02-2025
1924,Divya Nair,Female,22,+918968347936,divya.nair@outlook.com,No,Graduation,Commerce,70%,Private,799202,HR-2025-14895889,No,IT; Manufacturing; Education,In-person,No,,OBC,cam; classroom management; react; six sigma; supply chain,669958247022,Yes,No,Corporate,Large,Haryana / Faridabad,11-07-2025
1925,Rupali Joshi,Female,21,+919137256040,rupali.joshi@proton.me,No,Diploma,Commerce,6.08,Tier-2,642546,WB-2022-44268211,No,Manufacturing; Railway; Healthcare; Automotive,In-person,No,,OBC,assembly; cad; lean; safety; six sigma; vehicle diagnostics,764274390262,No,No,MSME,Large,Delhi / New Delhi,12-08-2025
1926,Rajat Malhotra,Male,22,+916558558284,rajat.malhotra@hotmail.com,No,Graduation,Medicine,74%,Private,450226,DL-2023-44083005,No,Education; Logistics; Telecom; Automotive,In-person,Yes,Telecom,OBC,assembly; classroom management; problem solving; routing; supply chain; time management; vehicle diagnostics; writing,465576153742,No,No,PSU,Small,Odisha / Bhubaneswar,26-11-2024
1927,Rakesh Shetty,Male,23,+918849406344,rakesh.shetty414@outlook.com,No,Graduation,Engineering,6.09,Tier-2,270873,MP-2023-71965051,No,E-commerce; Manufacturing; Finance,In-person,Yes,E-commerce,OBC,cataloging; cnc; financial modeling; matlab; problem solving; project management,996680834064,No,No,Corporate,Large,West Bengal / Kolkata,10-07-2025
1928,Rupali Pillai,Female,23,+919169740277,rupali.pillai947@gmail.com,No,Graduation,Agriculture,7.01,Tier-3,108739,KA-2022-10627315,No,Software; Telecom,Remote,Yes,Finance,SC,algorithms; data structures; docker; fiber splicing; rf planning; soil testing,128851854216,Yes,No,Corporate,Medium,Telangana / Hyderabad,16-04-2025
1929,Yuvraj Tripathi,Male,23,+916861198391,yuvraj.tripathi@rediffmail.com,No,Graduation,Arts,5.98,Govt.,166072,TS-2024-21535645,No,Railway; E-commerce,In-person,No,,SC,communication; content writing; design basics; operations; signal systems,546244909784,Yes,No,PSU,Small,Rajasthan / Jaipur,24-11-2024
1930,Rupali Chopra,Female,24,+916395406662,rupali.chopra@yahoo.com,No,Graduation,Agriculture,9.76,Private,545013,PB-2025-29009291,No,Railway; Automotive; E-commerce; Electrical,In-person,Yes,IT,SC,assembly; cad; soil testing; soldering; writing,535191255621,Yes,No,Startup,Medium,Madhya Pradesh / Bhopal,04-04-2025
1931,Ritesh Das,Male,22,+918061809812,ritesh.das596@hotmail.com,No,Diploma,Commerce,7.37,Private,477864,GJ-2022-40377033,No,Finance; Healthcare,In-person,Yes,Software,OBC,biostatistics; communication; first aid; gst; lab techniques; problem solving,179898899565,Yes,No,MSME,Small,Rajasthan / Jaipur,26-11-2024
1932,Pranav Nair,Male,24,+916237294012,pranav.nair143@proton.me,No,Diploma,Science,5.69,Private,182510,OD-2025-69535471,No,Automotive; Healthcare,In-person,No,,SC,biostatistics; cad; record keeping; statistics; supply chain; teamwork; vehicle diagnostics,509483378165,Yes,No,PSU,Medium,Bihar / Patna,03-03-2025
1933,Nikhil Ghosh,Male,23,+919720986665,nikhil.ghosh173@yahoo.com,No,Diploma,Education,5.9,Private,479809,TS-2024-63905358,No,Automotive; IT; Railway; Telecom,Remote,No,,OBC,assembly; assessment; html; linux; python; quality checks; sql; teamwork,137065061956,Yes,No,PSU,Medium,Kerala / Thiruvananthapuram,21-12-2024
1934,Ayan Saxena,Male,21,+918215297401,ayan.saxena@yahoo.com,No,ITI,Design,8.53,Govt.,789978,KL-2025-51239137,No,Automotive; IT; Electrical,Hybrid,No,,OBC,circuit analysis; communication; sql; ui principles,088363970676,Yes,No,PSU,Medium,Bihar / Patna,14-09-2024
1935,Tarun Saxena,Male,24,+919684066976,tarun.saxena@gmail.com,No,ITI,Management,6.54,Private,246667,PB-2024-03014347,No,Automotive; Electrical,Remote,Yes,Automotive,OBC,assembly; circuit analysis; pcb design; power systems; supply chain,195443289872,Yes,No,MSME,Small,Rajasthan / Udaipur,07-06-2025
1936,Manisha Bose,Female,23,+917055564907,manisha.bose951@proton.me,No,Diploma,Engineering,95%,Govt.,791328,GJ-2023-81747097,No,Software; IT,In-person,No,,SC,docker; oop; react; sql; teamwork; testing,879664921857,No,No,PSU,Small,Delhi / New Delhi,16-02-2025
1937,Lavanya Gupta,Female,24,+918435992397,lavanya.gupta@outlook.com,No,Graduation,Commerce,9.53,Tier-3,671317,KA-2022-19657139,No,Railway; Healthcare; Manufacturing,In-person,Yes,Software,SC,cam; cnc; first aid; lab techniques,264348042801,Yes,No,Corporate,Medium,Punjab / Chandigarh,14-03-2025
1938,Radhika Gupta,Female,22,+919722376244,radhika.gupta@outlook.com,No,Graduation,Commerce,60%,Private,387045,KA-2022-15449717,No,Manufacturing; Healthcare; Electrical,Hybrid,No,,OBC,biostatistics; cad; first aid; presentation; quality control; record keeping; soldering; time management,451440095491,No,No,Corporate,Large,Gujarat / Vadodara,19-10-2024
1939,Siddharth Singh,Male,24,+916939667754,siddharth.singh953@yahoo.com,No,10th,Science,8.96,Private,566986,OD-2025-82704599,No,Healthcare; Automotive; Education; E-commerce,Remote,No,,SC,biostatistics; communication; problem solving; statistics; time management,459693839193,Yes,No,Corporate,Small,Punjab / Ludhiana,18-07-2025
1940,Meera Khan,Female,21,+918808779767,meera.khan570@proton.me,No,10th,Law,91%,Private,667320,UP-2022-35519801,No,Telecom; Railway; Automotive; IT,Remote,No,,OBC,documentation; javascript; legal research; linux; operations; python; troubleshooting; vehicle diagnostics,858841793276,No,No,PSU,Large,Haryana / Gurugram,21-02-2025
1941,Pranav Das,Male,24,+919783527226,pranav.das@hotmail.com,No,Diploma,Science,75%,Private,127659,PB-2022-79368953,No,Software; Finance,In-person,No,,OBC,data analysis; oop; statistics; teamwork,882624971576,No,No,Corporate,Small,Maharashtra / Mumbai,10-07-2025
1942,Nikita Joshi,Female,23,+919878123359,nikita.joshi@outlook.com,No,12th,Design,6.48,Private,297334,HR-2022-68283833,No,Finance; Education; Logistics; Manufacturing,Remote,No,,OBC,assessment; classroom management; communication; figma; gst; lesson planning; ui principles,617214928366,No,No,Corporate,Small,Haryana / Faridabad,02-04-2025
1943,Ojasvi Pillai,Female,24,+918549458649,ojasvi.pillai595@hotmail.com,No,12th,Education,90%,Private,721372,KA-2024-18398224,No,IT; E-commerce,Remote,No,,SC,git; html; java; presentation; problem solving; python; react; testing,819915711597,No,No,PSU,Medium,Kerala / Kozhikode,31-08-2025
1944,Farhan Mehta,Male,24,+917042749606,farhan.mehta@rediffmail.com,No,Diploma,Management,59%,Govt.,514826,TS-2025-12265933,No,IT; Automotive; Manufacturing; Railway,In-person,No,,OBC,cad; communication; javascript; signal systems; sql; supply chain; writing,586120605325,Yes,No,MSME,Medium,Uttar Pradesh / Kanpur,19-10-2024
1945,Lavanya Sharma,Female,22,+918639463237,lavanya.sharma@hotmail.com,No,Graduation,Pharmacy,6.93,Tier-2,689569,BR-2025-12929609,No,Finance; Railway; Manufacturing; IT,Hybrid,Yes,Healthcare,OBC,accounting; audit; financial modeling; presentation; qc; six sigma; sql; time management,830125266260,No,No,Corporate,Small,Rajasthan / Jaipur,17-07-2025
1946,Aisha Singh,Female,22,+916055712058,aisha.singh421@hotmail.com,No,Graduation,Commerce,5.78,Private,411637,TS-2022-69510638,No,Telecom; Healthcare; Automotive; E-commerce,Remote,Yes,Finance,ST,marketplace ops; networking; supply chain; teamwork,998511058725,Yes,No,MSME,Large,Uttar Pradesh / Lucknow,10-03-2025
1947,Yamini Pillai,Female,21,+918287713770,yamini.pillai540@rediffmail.com,No,10th,Pharmacy,9.78,Tier-3,62203,OD-2025-91253812,No,Telecom; Software,In-person,No,,OBC,algorithms; fiber splicing; networking; presentation; time management; writing,774656677967,No,No,PSU,Small,Punjab / Ludhiana,25-11-2024
1948,Jiya Das,Female,24,+916140436141,jiya.das@gmail.com,No,10th,Commerce,5.49,Private,73907,TN-2023-80790768,No,Electrical; Manufacturing; Software; Education,Hybrid,No,,PwD,algorithms; api design; classroom management; content creation; lean; supply chain; teaching; unit testing,515414429738,Yes,Yes,Corporate,Large,Odisha / Bhubaneswar,10-07-2025
1949,Venkatesh Tripathi,Male,24,+919627876471,venkatesh.tripathi991@proton.me,No,Diploma,Arts,7.62,Tier-3,131410,TS-2023-17625681,No,Electrical; Telecom; Healthcare,In-person,Yes,Finance,SC,biostatistics; communication; design basics; patient care; pcb design; research; time management; troubleshooting,610054523878,Yes,No,Startup,Large,Bihar / Gaya,05-09-2025
1950,Zubair Tiwari,Male,22,+918289397577,zubair.tiwari@outlook.com,No,12th,Science,5.4,Tier-2,177409,GJ-2022-86141657,No,Railway; E-commerce; Education,Remote,No,,SC,classroom management; communication; lesson planning; operations; teamwork; writing,700221625173,No,No,PSU,Large,Maharashtra / Mumbai,16-05-2025
1951,Swati Tripathi,Female,23,+917918891239,swati.tripathi@outlook.com,No,Graduation,Management,94%,Private,614746,OD-2025-33651226,No,Software; Manufacturing; Education; E-commerce,Remote,No,,OBC,cam; cataloging; cnc; communication; docker; lean,531657648410,Yes,No,Corporate,Small,Uttar Pradesh / Kanpur,20-06-2025
1952,Tanvi Tiwari,Female,21,+919744932595,tanvi.tiwari209@outlook.com,No,Diploma,Agriculture,8.71,Private,381094,TN-2022-45571253,No,Automotive; Logistics,Remote,Yes,E-commerce,OBC,assembly; communication; presentation; time management; writing,003464865640,Yes,No,Corporate,Small,Rajasthan / Jaipur,15-01-2025
1953,Vasudha Srivastava,Female,24,+918965909708,vasudha.srivastava660@hotmail.com,No,Graduation,Medicine,6.18,Govt.,614606,OD-2024-58021538,No,Education; Railway,In-person,No,,OBC,content creation; lesson planning; presentation; problem solving; signal systems,745181595283,Yes,No,Corporate,Small,Rajasthan / Jaipur,12-03-2025
1954,Swati Gupta,Female,23,+919964031925,swati.gupta@rediffmail.com,No,Graduation,Management,7.58,Private,338834,TN-2023-26783134,No,Education; Telecom; Automotive,Hybrid,Yes,IT,OBC,assessment; communication; content creation; lesson planning; networking; presentation; vehicle diagnostics,996885000514,No,No,PSU,Large,Kerala / Kozhikode,15-08-2025
1955,Pankaj Agarwal,Male,23,+919864467261,pankaj.agarwal@rediffmail.com,No,ITI,Science,9.8,Tier-3,428599,MH-2024-41157493,No,Finance; Electrical; E-commerce; IT,In-person,No,,SC,customer support; java; order management; problem solving,073820998302,Yes,No,Startup,Large,Gujarat / Vadodara,20-02-2025
1956,Zoya Pillai,Female,24,+919348020973,zoya.pillai27@outlook.com,No,10th,Arts,7.41,Govt.,343447,MH-2023-01111521,No,Healthcare; Electrical; Manufacturing; Logistics,In-person,No,,OBC,cad; cnc; content writing; patient care; writing,743027545583,No,No,Startup,Small,West Bengal / Siliguri,17-01-2025
1957,Tanya Bhat,Female,23,+916312402482,tanya.bhat@proton.me,No,12th,Pharmacy,77%,Tier-3,741921,TS-2022-92738656,No,Education; Finance,Remote,No,,PwD,accounting; lesson planning; pharmacology; teaching,582322037696,Yes,Yes,Corporate,Small,Bihar / Gaya,13-05-2025
1958,Ayan Saxena,Male,21,+918932338230,ayan.saxena@outlook.com,No,12th,Management,57%,Tier-3,246028,MH-2024-06425211,No,Software; Electrical; E-commerce,In-person,No,,OBC,data structures; marketplace ops; oop; operations,626449313074,No,No,PSU,Medium,West Bengal / Siliguri,05-08-2025
1959,Akhil Iyer,Male,22,+917099266751,akhil.iyer@gmail.com,No,12th,Management,9.64,Rural college,634751,HR-2022-89775758,No,Logistics; Finance; IT,In-person,No,,OBC,audit; communication; git; inventory; java; ms excel; time management; warehouse ops,528011271903,No,No,MSME,Medium,Telangana / Warangal,15-05-2025
1960,Supriya Saxena,Female,23,+917588135097,supriya.saxena@outlook.com,No,Diploma,Agriculture,9.33,Govt.,251355,BR-2023-00963593,No,Finance; Education,In-person,Yes,Automotive,OBC,audit; problem solving; supply chain; teamwork,901713447866,Yes,No,PSU,Small,Madhya Pradesh / Indore,08-08-2025
1961,Navya Joshi,Female,21,+917964895923,navya.joshi@rediffmail.com,No,12th,Management,7.92,Govt.,440362,GJ-2023-49438491,No,Logistics; E-commerce; Manufacturing; IT,Remote,No,,OBC,cam; communication; html; sql; supply chain,309916375211,Yes,No,Startup,Small,Karnataka / Mysuru,11-12-2024
1962,Shikha Singh,Female,22,+916960728559,shikha.singh443@hotmail.com,No,12th,Arts,83%,Rural college,676751,RJ-2022-63258450,No,Software; IT; E-commerce; Finance,Remote,No,,ST,api design; customer support; design basics; git; order management; react; tally; testing,153106623388,No,No,Startup,Medium,Gujarat / Surat,22-01-2025
1963,Yamini Kulkarni,Female,21,+917009387960,yamini.kulkarni@proton.me,No,ITI,Design,5.82,Private,648142,TS-2025-35511912,No,Telecom; Healthcare; Automotive,Remote,Yes,Finance,OBC,problem solving; rf planning; teamwork; vehicle diagnostics,188968204000,Yes,Yes,MSME,Medium,West Bengal / Siliguri,01-02-2025
1964,Ojasvi Singh,Female,23,+916949710398,ojasvi.singh@outlook.com,No,ITI,Arts,73%,Private,137125,KL-2025-39836971,No,Electrical; Healthcare; Manufacturing,Hybrid,No,,OBC,cnc; communication; first aid; lab techniques; research; soldering; writing,204802285038,Yes,No,Startup,Large,Delhi / New Delhi,19-08-2025
1965,Nandini Jain,Female,22,+916787316064,nandini.jain@proton.me,No,ITI,Agriculture,64%,Govt.,642995,OD-2025-08947396,No,Manufacturing; Railway; Finance; Telecom,In-person,Yes,Telecom,SC,financial modeling; maintenance; operations; problem solving; tally; teamwork; time management,141259363680,No,No,Startup,Large,Karnataka / Mangaluru,20-03-2025
1966,Madhuri Bose,Female,23,+916150378951,madhuri.bose@gmail.com,No,Diploma,Law,6.26,Tier-3,491303,TN-2025-36633019,No,Electrical; Healthcare; Railway; Logistics,Remote,No,,OBC,communication; first aid; patient care; procurement; record keeping; teamwork,840493612602,No,No,MSME,Small,Delhi / New Delhi,11-02-2025
1967,Lavanya Tripathi,Female,21,+918036191513,lavanya.tripathi@rediffmail.com,No,ITI,Management,5.59,Govt.,652870,GJ-2024-17187033,No,Automotive; IT; Software; Finance,Remote,Yes,Telecom,OBC,accounting; assembly; gst; problem solving; python; time management,485589096451,No,No,PSU,Large,Odisha / Bhubaneswar,20-04-2025
1968,Radhika Tiwari,Female,21,+916291179512,radhika.tiwari@hotmail.com,No,10th,Design,78%,Private,132448,TS-2024-68312209,No,Education; Healthcare; Manufacturing; IT,Hybrid,No,,OBC,biostatistics; first aid; lab techniques; presentation,105265152204,Yes,No,MSME,Small,Odisha / Cuttack,17-02-2025
1969,Bikram Malhotra,Male,22,+919665833554,bikram.malhotra@rediffmail.com,No,Graduation,Science,7.2,Private,223837,WB-2023-17391332,No,Telecom; Finance,Remote,No,,SC,audit; communication; statistics; tally; teamwork; troubleshooting,200681679816,Yes,No,Corporate,Small,Punjab / Chandigarh,24-09-2024
1970,Madhuri Joshi,Female,22,+919705471303,madhuri.joshi@proton.me,No,12th,Science,7.93,Private,371530,HR-2022-67872987,No,Healthcare; Electrical; Finance,Hybrid,Yes,Telecom,OBC,audit; financial modeling; first aid; patient care; pcb design; presentation; soldering; teamwork,122230666168,Yes,No,MSME,Small,Karnataka / Mysuru,25-09-2024
1971,Abdul Jain,Male,21,+917968580052,abdul.jain@yahoo.com,No,Diploma,Medicine,59%,Private,119514,DL-2025-62618348,No,Telecom; Electrical; IT,Hybrid,Yes,E-commerce,OBC,css; git; html; rf planning; time management,876443605819,Yes,No,MSME,Medium,Odisha / Cuttack,14-03-2025
1972,Chhavi Pillai,Female,24,+918534326434,chhavi.pillai589@rediffmail.com,No,10th,Science,56%,Private,672592,HR-2024-92311923,No,Automotive; Electrical,In-person,Yes,Manufacturing,SC,assembly; lab techniques; presentation; time management,368357913740,Yes,No,PSU,Large,Odisha / Bhubaneswar,17-05-2025
1973,Alok Joshi,Male,24,+916045705409,alok.joshi674@yahoo.com,No,Graduation,Science,73%,Govt.,510685,KL-2024-07629186,No,E-commerce; Software; IT,Hybrid,No,,SC,html; java; presentation; writing,369379061338,Yes,No,PSU,Small,Uttar Pradesh / Lucknow,07-11-2024
1974,Neha Nair,Female,22,+916613538287,neha.nair594@yahoo.com,No,Graduation,Education,5.37,Tier-2,631914,DL-2022-80929593,No,Education; Finance; IT,Remote,No,,OBC,assessment; css; gst; html; sql; writing,534061287981,Yes,No,Corporate,Medium,Punjab / Ludhiana,17-11-2024
1975,Pooja Tripathi,Female,22,+919902280309,pooja.tripathi@gmail.com,No,Graduation,Engineering,9.93,Private,644987,TN-2024-24229021,No,Education; Software; Telecom; E-commerce,Hybrid,Yes,Software,SC,algorithms; autocad; matlab; oop; rf planning; troubleshooting,635335247983,Yes,No,Startup,Large,Kerala / Kozhikode,14-09-2024
1976,Neha Ghosh,Female,22,+916754126537,neha.ghosh414@hotmail.com,No,12th,Medicine,75%,Private,783359,BR-2025-25430612,No,Software; E-commerce; Education; Automotive,In-person,Yes,Telecom,SC,marketplace ops; oop; teamwork; vehicle diagnostics; writing,134773216249,Yes,No,PSU,Small,Delhi / New Delhi,26-05-2025
1977,Mansi Joshi,Female,22,+918821874525,mansi.joshi@yahoo.com,No,Graduation,Agriculture,6.96,Govt.,502788,PB-2023-51655465,No,Electrical; Software; Telecom,Hybrid,No,,OBC,communication; presentation; soldering; time management; troubleshooting,583155358162,No,No,Startup,Large,Bihar / Patna,06-05-2025
1978,Ashish Mehta,Male,23,+916917282264,ashish.mehta@gmail.com,No,Diploma,Science,52%,Private,181899,KA-2024-46590534,No,Logistics; Telecom; Healthcare,In-person,No,,PwD,biostatistics; fiber splicing; rf planning; statistics; warehouse ops,239998631664,Yes,Yes,Startup,Medium,Odisha / Cuttack,17-04-2025
1979,Zoya Das,Female,24,+918157430187,zoya.das@yahoo.com,No,ITI,Pharmacy,61%,Govt.,203970,PB-2022-92831276,No,E-commerce; Automotive; Software,Remote,No,,OBC,api design; cataloging; docker; oop; unit testing,354275756553,No,No,MSME,Small,Rajasthan / Jaipur,23-07-2025
1980,Balaji Verma,Male,22,+918672533210,balaji.verma515@rediffmail.com,No,Graduation,Commerce,86%,Govt.,689568,KA-2025-42382067,No,IT; Telecom,In-person,No,,OBC,fiber splicing; html; networking; problem solving; react; writing,618186682534,No,No,PSU,Small,Madhya Pradesh / Indore,30-12-2024
1981,Tarun Tripathi,Male,24,+916164149293,tarun.tripathi@gmail.com,No,Diploma,Design,7.73,Govt.,591457,MP-2025-31124080,No,Logistics; Telecom; Healthcare,Hybrid,No,,OBC,adobe xd; ms excel; patient care; record keeping; routing; time management; warehouse ops; writing,602628660137,No,No,PSU,Small,West Bengal / Siliguri,30-07-2025
1982,Suresh Bhat,Male,21,+917956115198,suresh.bhat@yahoo.com,No,Diploma,Medicine,8.84,Private,398988,KL-2022-31892378,No,Railway; IT; Finance; Manufacturing,Hybrid,No,,OBC,accounting; cad; quality control; sql; tally; testing; writing,497040051706,Yes,No,Startup,Large,Gujarat / Ahmedabad,03-05-2025
1983,Nandini Nair,Female,22,+918247843612,nandini.nair@gmail.com,No,12th,Science,9.39,Tier-2,169035,WB-2023-45183636,No,Logistics; Education,Hybrid,No,,SC,assessment; inventory; ms excel; routing; statistics; writing,462062035531,No,No,MSME,Large,Punjab / Ludhiana,22-01-2025
1984,Ishani Jain,Female,23,+917065385260,ishani.jain@yahoo.com,No,10th,Management,9.98,Private,464930,TN-2024-90995000,No,Railway; E-commerce; Manufacturing,Remote,Yes,E-commerce,SC,cam; cnc; marketplace ops; quality control; reporting,456272829634,Yes,No,PSU,Large,Madhya Pradesh / Bhopal,21-10-2024
1985,Sneha Sharma,Female,23,+918761376143,sneha.sharma445@yahoo.com,No,Graduation,Engineering,50%,Private,597273,RJ-2025-62734415,No,E-commerce; Automotive; Education,Remote,No,,OBC,assessment; autocad; cataloging; communication; presentation; problem solving; project management; seo,898597294001,No,No,MSME,Medium,Madhya Pradesh / Bhopal,07-07-2025
1986,Gaurav Tripathi,Male,23,+916630226494,gaurav.tripathi@yahoo.com,No,12th,Management,83%,Private,145420,MH-2022-55097487,No,Automotive; E-commerce; Software,Hybrid,No,,OBC,cataloging; data structures; docker; oop,694747132308,Yes,No,PSU,Small,Uttar Pradesh / Kanpur,11-05-2025
1987,Ajay Chopra,Male,24,+917204918788,ajay.chopra394@rediffmail.com,No,Graduation,Design,94%,Govt.,299969,UP-2024-15081572,No,Automotive; Telecom,In-person,No,,OBC,assembly; cad; presentation; quality checks; rf planning; time management; vehicle diagnostics; writing,871021432953,Yes,No,Startup,Large,Maharashtra / Pune,19-02-2025
1988,Suresh Sharma,Male,23,+918909077772,suresh.sharma57@gmail.com,No,10th,Medicine,5.08,Rural college,522084,MP-2024-71708608,No,IT; Logistics; Software; Railway,In-person,Yes,Manufacturing,OBC,algorithms; communication; css; git; linux; safety; warehouse ops,103079441849,Yes,No,Corporate,Small,Gujarat / Vadodara,21-02-2025
1989,Swati Pillai,Female,24,+916030573202,swati.pillai70@hotmail.com,No,Graduation,Agriculture,5.55,Private,692107,HR-2024-10140558,No,Finance; Healthcare; IT; Manufacturing,Hybrid,Yes,Automotive,OBC,cnc; gst; patient care; record keeping; writing,282839231395,No,No,MSME,Large,Madhya Pradesh / Gwalior,18-07-2025
1990,Trisha Sharma,Female,23,+916943909300,trisha.sharma@rediffmail.com,No,Graduation,Arts,82%,Tier-3,453996,DL-2022-52164143,No,Software; IT; Manufacturing,In-person,No,,OBC,cnc; html; problem solving; six sigma; time management,101683095603,Yes,No,MSME,Small,Tamil Nadu / Chennai,13-08-2025
1991,Divya Das,Female,22,+919203768756,divya.das@outlook.com,No,Graduation,Medicine,9.85,Private,783949,GJ-2024-60531493,No,IT; Education; Finance; Railway,Remote,Yes,Healthcare,ST,lab safety; operations; python; time management,198396215992,No,No,Corporate,Large,Delhi / New Delhi,11-03-2025
1992,Tulsi Jain,Female,24,+916279230891,tulsi.jain672@rediffmail.com,No,12th,Commerce,94%,Rural college,500855,KA-2025-76571287,No,Healthcare; Manufacturing; Automotive; E-commerce,Remote,No,,SC,cnc; order management; patient care; problem solving,826818666988,Yes,No,PSU,Large,Tamil Nadu / Madurai,28-06-2025
1993,Hemant Mehta,Male,21,+916223989492,hemant.mehta@proton.me,No,Graduation,Engineering,7.71,Rural college,533863,UP-2025-68404402,No,Electrical; Healthcare; Education,In-person,No,,OBC,assessment; communication; first aid; presentation; problem solving; record keeping; writing,010439799655,Yes,No,Corporate,Medium,Uttar Pradesh / Kanpur,21-06-2025
1994,Sakshi Kapoor,Female,24,+917661837367,sakshi.kapoor56@yahoo.com,No,Graduation,Design,71%,Rural college,400119,PB-2023-45817912,No,IT; Logistics; Manufacturing,Remote,No,,OBC,inventory; routing; six sigma; writing,436906874001,Yes,No,PSU,Small,Tamil Nadu / Madurai,31-12-2024
1995,Yamini Saxena,Female,24,+916333317790,yamini.saxena@outlook.com,No,12th,Engineering,67%,Private,361702,UP-2025-70124349,No,Education; Railway; E-commerce; IT,In-person,No,,OBC,cataloging; classroom management; linux; project management; signal systems,424922074330,No,No,MSME,Small,Delhi / New Delhi,07-01-2025
1996,Seema Mehta,Female,22,+919664255227,seema.mehta128@rediffmail.com,No,10th,Law,70%,Rural college,219562,RJ-2025-21907786,No,Finance; Logistics; Automotive,Remote,Yes,IT,OBC,audit; quality checks; vehicle diagnostics; warehouse ops,481123050584,Yes,No,PSU,Large,Punjab / Chandigarh,08-05-2025
1997,Raghav Tripathi,Male,21,+917755751422,raghav.tripathi@hotmail.com,No,12th,Management,84%,Tier-2,614354,GJ-2025-67329824,No,Finance; Healthcare; Telecom; Electrical,Hybrid,No,,OBC,accounting; biostatistics; communication; excel; fiber splicing; networking; operations; power systems,411139784554,No,No,PSU,Medium,Madhya Pradesh / Indore,19-01-2025
1998,Yamini Srivastava,Female,24,+916221379028,yamini.srivastava@outlook.com,No,Graduation,Science,82%,Private,76322,WB-2024-18975465,No,Telecom; IT; Manufacturing,In-person,No,,OBC,fiber splicing; networking; quality control; six sigma; statistics; teamwork; time management,196160784508,Yes,No,MSME,Small,Kerala / Kozhikode,05-07-2025
1999,Trisha Tripathi,Female,22,+916817410703,trisha.tripathi@rediffmail.com,No,Graduation,Pharmacy,6.98,Private,324502,GJ-2024-48781670,No,Railway; Finance; Logistics; E-commerce,Hybrid,Yes,E-commerce,SC,documentation; gmp; gst; inventory; order management; problem solving,019727249988,Yes,No,PSU,Small,Delhi / New Delhi,13-12-2024
2000,Bhumi Iyer,Female,23,+916774732636,bhumi.iyer963@gmail.com,No,12th,Commerce,5.69,Tier-2,393094,HR-2022-30914019,No,Education; Telecom,In-person,No,,SC,accounting; classroom management; communication; market research; networking; teaching,583061780671,Yes,No,Startup,Medium,Madhya Pradesh / Gwalior,13-07-2025
