Applicant_ID,Sector_Preferences,Skills,Location_Preference,CGPA_or_Percentage_Normalized,Past_Participation_Encoded,Willingness_to_Relocate_Encoded,Preferred_Industry_Type_Corporate,Preferred_Industry_Type_MSME,Preferred_Industry_Type_PSU,Preferred_Industry_Type_Startup,Internship_Mode_Hybrid,Internship_Mode_In-person,Internship_Mode_Remote,Education_Level_Encoded
1001,Energy; IT; Telecom,communication; css; git; html; maintenance; react; teamwork; writing,Chandigarh,0.4500,1,1,0,1,0,0,0,1,0,3
1002,Healthcare; Automotive,assembly; assessment; patient care; problem solving; quality checks; teaching; time management; writing,Kanpur,0.2640,0,1,0,0,0,1,0,0,1,1
1003,Software; Finance; Logistics; Energy,accounting; adobe xd; algorithms; docker; problem solving; routing; ui principles; writing,Warangal,0.2211,1,1,0,0,1,0,0,0,1,4
1004,Energy; Banking; Finance,adobe xd; customer service; excel; gst; operations; tally; ui principles,Jaipur,0.6520,0,0,0,1,0,0,0,0,1,3
1005,Banking; Logistics; Electrical; Automotive,circuit analysis; content writing; design basics; embedded; excel; quality checks; soldering; teamwork,Ludhiana,0.5060,0,1,1,0,0,0,0,0,1,4
1006,Banking; Telecom; Education; Electrical,communication; content creation; embedded; fiber splicing; lesson planning; teaching; writing,Ahmedabad,0.6000,0,0,0,1,0,0,0,0,1,1
1007,Automotive; Railway; Banking,customer service; financial modeling; presentation; supply chain,Ahmedabad,0.0700,1,1,0,1,0,0,0,1,0,3
1008,Banking; Telecom; Logistics; Railway,fiber splicing; financial modeling; presentation; problem solving; safety; troubleshooting,Mumbai,0.9580,0,1,1,0,0,0,1,0,0,3
1009,Banking; Finance,audit; excel; gmp; gst; pharmacology; tally; teamwork,New Delhi,0.3880,1,1,0,0,1,0,0,0,1,1
1010,Banking; Finance; Telecom; Healthcare,biostatistics; fiber splicing; financial modeling; gst; patient care; presentation; problem solving; statistics,Nagpur,0.8526,0,1,0,0,0,1,0,1,0,1
1011,Energy; Logistics; E-commerce; Electrical,adobe xd; cataloging; customer support; inventory; problem solving; teamwork,Patna,0.7020,0,0,1,0,0,0,1,0,0,1
1012,IT; Railway,data analysis; javascript; lab techniques; python; sql; time management,Ludhiana,0.6211,0,1,0,0,1,0,0,1,0,3
1013,Banking; Healthcare,audit; biostatistics; customer service; excel; field work; patient care; soil testing; writing,Cuttack,0.7560,0,1,0,0,0,1,0,0,1,3
1014,Electrical; IT; Banking; Telecom,financial modeling; html; networking; python; rf planning; testing; time management,Mumbai,0.4820,0,0,0,1,0,0,1,0,0,2
1015,Telecom; Manufacturing; Finance; Healthcare,cam; communication; financial modeling; gst; legal research; writing,Gwalior,0.7684,0,0,1,0,0,0,0,1,0,3
1016,Energy; Automotive; Banking; Healthcare,assembly; assessment; biostatistics; excel; first aid; presentation; supply chain,Kochi,0.0080,0,1,0,0,0,1,0,1,0,4
1017,Manufacturing; Education,classroom management; cnc; field work; lesson planning; six sigma; teaching; time management; writing,Gaya,0.7895,1,1,0,1,0,0,1,0,0,2
1018,Logistics; Manufacturing; Telecom,cad; inventory; market research; procurement; rf planning; supply chain; writing,Jodhpur,0.7684,0,0,0,0,0,1,0,0,1,0
1019,Software; Automotive; Manufacturing; Railway,cad; docker; drafting; operations; problem solving; quality checks,Cuttack,0.5368,0,0,0,0,1,0,0,0,1,1
1020,Manufacturing; Software; Railway; Banking,algorithms; communication; documentation; operations,Hyderabad,0.8105,0,0,0,0,0,1,0,0,1,1
1021,Banking; Automotive; Healthcare; Education,cad; lab techniques; quality checks; teaching,Pune,0.5880,1,0,0,0,0,1,0,0,1,2
1022,Finance; Logistics; Energy,audit; communication; documentation; ms excel; safety; tally; teamwork; warehouse ops,Noida,0.4737,0,1,0,0,1,0,0,1,0,2
1023,Telecom; Education; Finance; E-commerce,communication; figma; marketplace ops; tally; troubleshooting; writing,Patna,0.7474,0,0,0,0,1,0,0,0,1,2
1024,Education; Healthcare; Logistics,biostatistics; classroom management; first aid; lab techniques; patient care,Indore,1.0000,0,1,0,1,0,0,1,0,0,1
1025,IT; Software,algorithms; html; java; javascript; teamwork,Hyderabad,0.5460,0,1,1,0,0,0,1,0,0,3
1026,E-commerce; Healthcare,communication; customer support; first aid; lab techniques; patient care; presentation; time management; writing,Kochi,0.5140,0,1,0,1,0,0,0,1,0,0
1027,Software; Automotive,algorithms; api design; communication; data structures; oop; reporting; teamwork; writing,Indore,0.5540,0,0,0,0,1,0,0,0,1,1
1028,Telecom; Software; Railway,api design; communication; data structures; fiber splicing; lesson planning; problem solving; writing,Mumbai,0.6842,0,1,0,0,0,1,0,0,1,2
1029,Logistics; Software; Healthcare,ms excel; presentation; problem solving; procurement; warehouse ops,Siliguri,0.5620,0,1,1,0,0,0,0,0,1,1
1030,Telecom; Healthcare,problem solving; record keeping; rf planning; teamwork; troubleshooting,Thiruvananthapuram,0.5720,0,0,1,0,0,0,0,1,0,1
1031,Telecom; Finance; Manufacturing,audit; excel; gst; lean; problem solving; supply chain; teamwork,Cuttack,0.8280,1,1,1,0,0,0,0,1,0,3
1032,Software; Education; IT,accounting; css; data structures; git; oop; problem solving; react; sql,Coimbatore,0.3380,1,1,0,1,0,0,0,0,1,1
1033,Automotive; Energy; Electrical,cad; power systems; problem solving; writing,Hyderabad,0.3280,0,0,1,0,0,0,0,1,0,1
1034,Telecom; IT; Education; Energy,java; linux; power systems; rf planning; teaching; time management,Kochi,0.3460,1,1,1,0,0,0,0,1,0,1
1035,Telecom; Automotive; Logistics; Education,cad; content creation; time management; troubleshooting,Thiruvananthapuram,0.2540,0,1,0,0,1,0,0,1,0,2
1036,Banking; Manufacturing,accounting; cad; cnc; customer service; six sigma,Bengaluru,0.9158,0,1,1,0,0,0,1,0,0,1
1037,Education; Banking,assessment; content creation; design basics; time management,Gurugram,0.3780,0,0,0,0,0,1,1,0,0,3
1038,Software; Banking; Manufacturing,api design; cad; cam; excel,Lucknow,0.5579,0,0,0,1,0,0,0,0,1,2
1039,Finance; Software,communication; docker; excel; market research; presentation; problem solving; teamwork,Kochi,0.9480,0,1,1,0,0,0,0,0,1,2
1040,Manufacturing; Electrical,presentation; problem solving; six sigma; supply chain; writing,Ludhiana,0.1579,0,1,0,0,1,0,0,0,1,3
1041,Healthcare; Software; Energy; Education,biostatistics; lesson planning; presentation; problem solving; time management; writing,Jaipur,0.6400,1,0,1,0,0,0,0,1,0,3
1042,Energy; Banking; Finance; Logistics,audit; financial modeling; power systems; procurement; warehouse ops; writing,Jodhpur,0.6000,0,1,0,0,0,1,0,1,0,3
1043,Automotive; Railway; Energy,accounting; presentation; problem solving; safety; signal systems; supply chain,Jaipur,0.6000,0,0,0,0,0,1,0,1,0,3
1044,Telecom; Manufacturing,cad; cnc; communication; problem solving; quality control; six sigma; writing,Indore,0.9320,0,1,0,0,1,0,0,0,1,3
1045,Finance; Railway,design basics; operations; presentation; problem solving,Ludhiana,0.6000,0,0,0,0,0,1,0,0,1,1
1046,Energy; Telecom; Electrical; Healthcare,lab safety; maintenance; patient care; writing,Chandigarh,0.0860,0,0,0,0,1,0,0,0,1,3
1047,Finance; IT; Software; Education,accounting; css; docker; excel; git; tally; teamwork,Ludhiana,0.2000,0,1,0,0,1,0,0,0,1,1
1048,Energy; Education; Finance,assessment; documentation; gst; safety; teamwork; writing,Bengaluru,0.4737,1,1,0,0,1,0,0,0,1,3
1049,IT; E-commerce,cataloging; communication; customer support; git; java; marketplace ops; order management,Pune,0.9420,1,1,0,0,0,1,0,1,0,0
1050,Banking; Energy,accounting; audit; gmp; time management,Siliguri,0.8400,0,0,0,0,0,1,1,0,0,2
1051,Healthcare; Software; Telecom,networking; time management; troubleshooting; writing,Gaya,0.6880,1,1,1,0,0,0,0,0,1,3
1052,Automotive; Electrical; Energy,assembly; circuit analysis; presentation; quality checks,Noida,1.0000,1,0,0,0,1,0,0,0,1,1
1053,E-commerce; Logistics; Banking; Automotive,assembly; cataloging; customer service; ms excel; warehouse ops,Faridabad,0.0600,1,0,1,0,0,0,1,0,0,4
1054,Automotive; Manufacturing; Education; Healthcare,biostatistics; cnc; lesson planning; patient care; presentation; problem solving; six sigma; time management,Kochi,0.5789,0,0,0,1,0,0,0,0,1,1
1055,Healthcare; Automotive; Banking,content writing; design basics; first aid; lab techniques; patient care; presentation,Vadodara,0.3860,1,1,0,0,1,0,0,1,0,3
1056,Logistics; Healthcare; Electrical; Manufacturing,cam; first aid; lean; qc; routing; time management,Warangal,0.7360,0,1,0,0,1,0,0,1,0,1
1057,Telecom; Software,data structures; lab techniques; problem solving; writing,Gurugram,0.7740,0,1,1,0,0,0,1,0,0,0
1058,Automotive; Logistics,communication; procurement; vehicle diagnostics; warehouse ops,Nagpur,0.9158,0,1,0,1,0,0,0,0,1,0
1059,Manufacturing; Software; Energy; Healthcare,cad; cam; cnc; lean; problem solving; statistics; writing,Cuttack,0.6760,0,0,0,1,0,0,0,0,1,3
1060,Manufacturing; Energy,cam; cnc; lean; problem solving; research; six sigma; supply chain,Bhopal,0.7260,1,1,0,1,0,0,0,1,0,3
1061,Telecom; Software,algorithms; data structures; fiber splicing; legal research; presentation; teamwork; troubleshooting,Jodhpur,0.0947,0,0,1,0,0,0,0,0,1,2
1062,Telecom; Logistics; Electrical; Railway,inventory; maintenance; time management; troubleshooting,Kanpur,0.6720,0,0,1,0,0,0,1,0,0,3
1063,Healthcare; Banking; E-commerce,assessment; cataloging; first aid; teaching; teamwork,New Delhi,0.5880,1,1,0,0,1,0,1,0,0,3
1064,Manufacturing; Banking; Healthcare; Logistics,cad; lab techniques; qc; supply chain; teamwork,Mangaluru,0.2000,0,1,0,0,0,1,0,1,0,3
1065,Electrical; Automotive,circuit analysis; communication; vehicle diagnostics; writing,Bengaluru,0.0860,0,1,0,0,0,1,1,0,0,1
1066,Automotive; Telecom,cad; fiber splicing; ms excel; networking; quality checks; reporting; writing,Vadodara,0.6600,0,1,0,0,1,0,0,0,1,1
1067,Energy; Software; Railway; Finance,documentation; power systems; signal systems; teamwork,Faridabad,0.1600,0,1,0,0,0,1,1,0,0,3
1068,Railway; E-commerce; Energy; Automotive,maintenance; quality checks; reporting; teamwork,Hyderabad,0.1620,0,1,0,1,0,0,0,0,1,3
1069,Healthcare; Electrical; Finance,accounting; biostatistics; embedded; financial modeling; patient care; presentation; record keeping; teaching,Warangal,0.7474,0,0,1,0,0,0,1,0,0,3
1070,IT; Telecom; Railway; Energy,adobe xd; git; power systems; presentation; safety,Siliguri,0.9579,0,1,0,0,0,1,0,1,0,3
1071,Energy; Software,communication; data structures; oop; safety,Lucknow,0.5580,0,0,0,0,0,1,1,0,0,1
1072,Finance; Healthcare; Logistics,audit; design basics; lab techniques; ms excel; problem solving; procurement; record keeping,Coimbatore,0.0780,1,1,0,0,0,1,0,0,1,1
1073,Manufacturing; Finance; Telecom; Software,accounting; audit; fiber splicing; gst; problem solving; rf planning,Bhopal,0.0100,0,0,0,1,0,0,0,0,1,1
1074,Logistics; Energy; Manufacturing,documentation; lean; ms excel; problem solving; six sigma; warehouse ops; writing,Udaipur,0.8540,0,0,0,1,0,0,0,0,1,4
1075,Banking; Railway; Education,customer service; excel; financial modeling; operations; safety; teamwork; time management; writing,Ludhiana,0.6842,0,1,0,0,0,1,0,0,1,2
1076,Logistics; Automotive,cad; operations; procurement; reporting; routing; teamwork,Nagpur,0.8960,0,1,0,1,0,0,1,0,0,0
1077,Finance; Education; E-commerce; Healthcare,audit; biostatistics; cataloging; content creation; customer support; gst; lab techniques; lesson planning,Madurai,0.5580,1,1,1,0,0,0,0,1,0,1
1078,Banking; Software; Telecom,api design; audit; data structures; docker; rf planning; teamwork,Gurugram,0.3895,0,0,0,0,1,0,0,0,1,2
1079,Banking; Software,accounting; api design; audit; data structures; time management; ui principles,Bhopal,0.3895,0,1,0,0,1,0,0,0,1,1
1080,Railway; Electrical,documentation; pharmacology; qc; time management,Gwalior,0.5240,1,1,1,0,0,0,1,0,0,3
1081,Education; Telecom; Logistics,assessment; presentation; teamwork; warehouse ops; writing,Pune,0.7280,0,0,0,0,0,1,0,0,1,1
1082,Railway; Automotive; Healthcare,communication; lab techniques; matlab; problem solving; signal systems,Bhubaneswar,0.3520,0,0,0,1,0,0,0,0,1,3
1083,Finance; Telecom; Automotive; Software,accounting; algorithms; data structures; financial modeling; teamwork,Ludhiana,0.1840,0,1,0,0,1,0,0,0,1,1
1084,Energy; E-commerce,cataloging; documentation; marketplace ops; operations; power systems; problem solving; teamwork,Noida,0.3040,0,0,0,1,0,0,1,0,0,1
1085,Logistics; Education; IT; Healthcare,biostatistics; classroom management; communication; css; lab techniques; problem solving; python; testing,Patna,0.4980,0,0,0,0,1,0,0,0,1,3
1086,IT; Manufacturing,cad; cam; git; lean; linux; problem solving; six sigma; writing,Gaya,0.3895,0,0,0,1,0,0,0,0,1,1
1087,Banking; Energy,audit; customer service; figma; power systems; problem solving; teamwork; time management,Chennai,0.5780,0,0,0,0,0,1,1,0,0,1
1088,Logistics; Manufacturing; Education; Banking,audit; content creation; customer service; problem solving; time management,Kolkata,0.4526,1,1,0,0,0,1,0,0,1,3
1089,Railway; Telecom,documentation; drafting; networking; operations; presentation; safety; signal systems,Jodhpur,0.7000,1,0,1,0,0,0,1,0,0,1
1090,Telecom; Software; Manufacturing,algorithms; api design; lesson planning; rf planning; time management; writing,Warangal,0.2421,0,1,0,1,0,0,0,1,0,3
1091,E-commerce; Software; IT; Telecom,customer support; git; oop; time management,Cuttack,0.6632,0,1,1,0,0,0,0,1,0,2
1092,Software; Energy; Healthcare,biostatistics; data structures; maintenance; soil testing,Coimbatore,0.4840,0,0,0,0,1,0,0,0,1,3
1093,Logistics; Software,adobe xd; api design; communication; routing,Patna,0.6211,0,1,0,0,1,0,0,1,0,1
1094,Energy; Railway; Education; E-commerce,assessment; cataloging; content creation; documentation; power systems; presentation; teaching; writing,Ludhiana,0.0620,0,1,0,0,1,0,0,1,0,1
1095,Energy; Logistics,communication; problem solving; warehouse ops; writing,Bhubaneswar,0.6960,0,1,0,0,1,0,0,1,0,4
1096,Electrical; Healthcare,biostatistics; circuit analysis; communication; embedded; first aid; patient care; problem solving; soldering,Jodhpur,0.8360,1,1,0,1,0,0,1,0,0,3
1097,IT; Manufacturing; Telecom,cnc; communication; git; javascript; networking; quality control; statistics; supply chain,New Delhi,0.1120,0,1,1,0,0,0,0,0,1,3
1098,Education; Software,algorithms; api design; data structures; docker; lesson planning; problem solving; time management,Kozhikode,0.2632,1,0,0,0,1,0,0,1,0,2
1099,Software; Finance; E-commerce,audit; cataloging; customer support; data analysis; excel; oop; presentation; time management,Ludhiana,0.2700,0,1,0,0,1,0,0,0,1,2
1100,Railway; E-commerce; Software,communication; customer support; lesson planning; order management; safety; signal systems; teaching; time management,New Delhi,0.4160,0,1,0,1,0,0,0,1,0,2
1101,Software; Telecom; Manufacturing,accounting; data structures; lean; market research; oop; six sigma,Kolkata,0.4737,0,1,0,1,0,0,0,1,0,3
1102,Automotive; Electrical; Railway,embedded; pcb design; presentation; quality checks; signal systems,Coimbatore,0.6000,0,0,0,0,0,1,0,0,1,1
1103,Education; Energy; Automotive; Healthcare,documentation; first aid; statistics; time management; vehicle diagnostics; writing,Jodhpur,0.0580,0,1,0,1,0,0,1,0,0,2
1104,IT; Education; Manufacturing,assessment; cad; cam; git; react; statistics,Jaipur,0.8140,0,0,0,1,0,0,0,0,1,1
1105,Manufacturing; Software,content writing; data structures; docker; problem solving; six sigma; supply chain; teamwork,Bhubaneswar,0.3540,0,1,0,0,1,0,0,1,0,2
1106,Railway; E-commerce,gmp; marketplace ops; operations; order management; presentation; qc; signal systems; teamwork,Coimbatore,0.7263,1,1,0,0,0,1,0,1,0,3
1107,Software; IT; Automotive,cad; drafting; git; vehicle diagnostics,Mangaluru,0.4316,1,1,0,0,1,0,0,0,1,2
1108,Railway; Automotive; Logistics,assembly; inventory; maintenance; safety; signal systems; soil testing; vehicle diagnostics; writing,Kolkata,0.1579,0,0,1,0,0,0,0,0,1,3
1109,Software; Automotive; Energy,assembly; basic life support; documentation; problem solving; quality checks; supply chain; time management; writing,Pune,0.1360,0,1,0,0,0,1,1,0,0,3
1110,Electrical; Banking; Manufacturing,excel; pcb design; six sigma; time management; writing,Mysuru,0.9368,0,1,0,0,0,1,1,0,0,3
1111,Railway; Software,api design; figma; signal systems; ui principles,Kochi,0.9158,0,0,1,0,0,0,0,0,1,1
1112,Manufacturing; Banking; Logistics,accounting; audit; excel; lean; procurement; six sigma; supply chain; teamwork,Mysuru,0.4500,1,1,0,1,0,0,0,0,1,1
1113,Logistics; Finance; Energy; Telecom,excel; inventory; teaching; troubleshooting; warehouse ops,Gwalior,0.6421,0,0,0,0,1,0,0,0,1,2
1114,IT; Education,content creation; javascript; problem solving; react; writing,Coimbatore,0.8640,0,0,0,0,0,1,0,0,1,1
1115,Software; Electrical; E-commerce,algorithms; api design; communication; marketplace ops; oop,Lucknow,0.4526,0,0,0,0,1,0,0,0,1,1
1116,Healthcare; Finance; Railway,documentation; excel; patient care; research,Kanpur,0.0140,1,1,1,0,0,0,0,0,1,3
1117,Telecom; Software; Finance; Healthcare,audit; biostatistics; communication; lab safety; patient care,Mangaluru,0.4380,1,0,0,0,0,1,0,1,0,1
1118,Banking; Manufacturing; Healthcare; Automotive,accounting; communication; customer service; design basics; lean; supply chain; writing,Faridabad,0.8737,0,1,1,0,0,0,0,0,1,3
1119,Logistics; E-commerce,adobe xd; communication; inventory; marketplace ops; order management; presentation; writing,Ludhiana,0.6000,0,1,0,1,0,0,1,0,0,3
1120,Finance; Manufacturing; Healthcare,audit; cnc; gst; lesson planning; patient care,Ludhiana,0.8526,0,1,0,1,0,0,0,1,0,2
1121,Software; Manufacturing; IT; Railway,cnc; data structures; javascript; presentation; six sigma; sql; teamwork; writing,Gwalior,0.4526,1,0,0,0,1,0,0,1,0,1
1122,Software; Railway; Electrical; Manufacturing,cam; docker; lean; quality control,Kanpur,0.7060,1,1,0,1,0,0,0,0,1,1
1123,Banking; Finance,data analysis; presentation; time management; writing,New Delhi,0.6421,0,1,0,0,0,1,1,0,0,3
1124,Banking; E-commerce; Software,accounting; customer service; customer support; data structures; oop; teamwork,Gaya,0.9789,0,0,0,0,1,0,0,0,1,3
1125,Electrical; Manufacturing; Automotive,cad; lab techniques; problem solving; quality checks; soldering,Thiruvananthapuram,0.6780,0,1,0,0,1,0,0,1,0,3
1126,IT; Logistics; Banking; Electrical,accounting; java; javascript; presentation; routing; soil testing; sql; teamwork,Warangal,0.9740,0,1,0,0,0,1,1,0,0,3
1127,Telecom; Software; E-commerce; Banking,accounting; algorithms; customer service; matlab; problem solving; teamwork; troubleshooting,Surat,0.6580,0,1,0,0,1,0,1,0,0,1
1128,Manufacturing; Healthcare,biostatistics; excel; first aid; market research; problem solving; time management,Noida,0.7880,1,0,0,0,1,0,1,0,0,3
1129,E-commerce; Software; Railway; Finance,api design; customer support; data structures; lab safety; presentation,Gaya,0.3060,0,1,0,0,0,1,0,1,0,2
1130,IT; Software; Healthcare; E-commerce,html; java; order management; problem solving; testing; writing,New Delhi,0.7500,1,0,1,0,0,0,1,0,0,3
1131,Healthcare; Education,assessment; biostatistics; classroom management; communication; documentation; lab techniques; record keeping; teamwork,Jaipur,0.5240,0,1,0,0,0,1,0,0,1,1
1132,Manufacturing; Automotive,assembly; basic life support; lean; quality control; vehicle diagnostics,Ahmedabad,0.6000,0,0,0,0,1,0,0,1,0,3
1133,Automotive; Banking,assembly; cad; content writing; research; time management,Mangaluru,0.3080,0,1,1,0,0,0,0,0,1,3
1134,Telecom; IT; Education; Energy,classroom management; communication; css; lesson planning; python,Gaya,0.9789,0,1,1,0,0,0,0,1,0,3
1135,Education; Banking; Railway; Healthcare,audit; first aid; lab techniques; ms excel; teamwork; writing,Chandigarh,0.1920,1,1,0,1,0,0,0,1,0,0
1136,Software; Logistics; Telecom; Finance,algorithms; docker; financial modeling; ms excel; procurement; tally; warehouse ops,Chandigarh,0.3080,0,1,1,0,0,0,0,1,0,3
1137,Telecom; Healthcare,communication; data analysis; networking; rf planning; statistics,Indore,0.5789,1,1,1,0,0,0,0,0,1,3
1138,IT; E-commerce,case analysis; git; order management; problem solving; python; teamwork; time management,Gwalior,0.3684,0,1,1,0,0,0,0,0,1,3
1139,Energy; Electrical; Education,classroom management; embedded; lesson planning; operations; reporting; teaching; teamwork; time management,Mangaluru,0.6842,0,1,0,1,0,0,0,1,0,1
1140,Telecom; Manufacturing; Electrical; E-commerce,cam; cnc; customer support; embedded; lean; six sigma; teamwork,Hyderabad,0.8520,0,0,0,0,0,1,0,1,0,1
1141,Manufacturing; Software,algorithms; cam; data structures; oop; presentation; teamwork,Mumbai,0.8040,1,1,1,0,0,0,1,0,0,1
1142,Banking; E-commerce,audit; customer service; figma; presentation; problem solving,Udaipur,0.8120,1,0,1,0,0,0,0,1,0,1
1143,Education; Telecom; Software; E-commerce,adobe xd; docker; figma; lesson planning; ui principles,New Delhi,0.3820,0,1,0,0,1,0,0,1,0,1
1144,Energy; Education; Automotive; E-commerce,content creation; customer support; documentation; marketplace ops; power systems; teaching; writing,Hyderabad,0.5789,0,1,1,0,0,0,0,1,0,3
1145,Education; Logistics; Manufacturing; Electrical,autocad; cnc; embedded; ms excel; power systems; project management; warehouse ops,Mysuru,0.2632,1,1,0,1,0,0,0,0,1,3
1146,Telecom; Healthcare; Software; Railway,algorithms; communication; lab techniques; troubleshooting,Ahmedabad,0.2840,0,1,0,1,0,0,0,1,0,1
1147,IT; Electrical; Manufacturing; Energy,basic life support; cam; circuit analysis; lab safety; presentation,Faridabad,0.6211,0,1,0,0,0,1,0,0,1,1
1148,Finance; Automotive; Telecom,accounting; assembly; communication; excel; financial modeling; gst; supply chain; time management,Madurai,0.7260,0,1,0,1,0,0,0,0,1,3
1149,Electrical; Software; IT; Automotive,api design; communication; java; matlab; quality checks,New Delhi,0.3684,0,1,0,1,0,0,1,0,0,1
1150,Banking; Software; Telecom; Manufacturing,cad; communication; data structures; docker; lean,Bhopal,0.1100,0,1,0,1,0,0,0,0,1,2
1151,Energy; IT,documentation; git; linux; presentation; python; safety; writing,Noida,0.6000,0,0,1,0,0,0,1,0,0,1
1152,Telecom; Banking,accounting; audit; presentation; problem solving; rf planning; teamwork; writing,Warangal,0.1158,0,1,0,0,0,1,0,0,1,2
1153,Banking; Manufacturing; Telecom; Finance,financial modeling; lean; supply chain; ui principles,Ahmedabad,0.2280,0,1,0,0,1,0,0,1,0,3
1154,Education; Banking; Automotive; Telecom,cad; customer service; drafting; legal research; networking; rf planning; time management; troubleshooting,Lucknow,0.7420,0,0,0,1,0,0,0,0,1,3
1155,E-commerce; Automotive,assembly; cad; cataloging; customer support; marketplace ops; problem solving; teamwork; vehicle diagnostics,Warangal,0.3640,0,0,1,0,0,0,0,0,1,3
1156,Automotive; Electrical,operations; pcb design; quality checks; soldering; teamwork,Coimbatore,0.2120,1,1,0,0,0,1,0,0,1,3
1157,Software; Banking; Logistics,customer service; market research; ms excel; oop; routing; time management; writing,Chandigarh,0.3263,0,0,0,0,1,0,0,1,0,3
1158,Healthcare; Energy,biostatistics; maintenance; operations; pharmacology; power systems; problem solving; qc; safety,Cuttack,0.3740,0,0,1,0,0,0,0,0,1,3
1159,Manufacturing; Finance,cad; communication; lean; quality control,Jodhpur,0.6520,1,1,0,1,0,0,1,0,0,3
1160,Railway; Logistics; Banking,content writing; design basics; inventory; operations; safety; time management,Chennai,0.0737,1,0,0,0,1,0,1,0,0,3
1161,Automotive; Railway; Banking; Energy,cad; drafting; operations; power systems,Indore,0.5680,1,0,0,0,1,0,0,0,1,0
1162,Telecom; IT,linux; presentation; testing; writing,Kozhikode,0.2240,0,0,0,1,0,0,0,0,1,3
1163,Healthcare; Education,biostatistics; communication; content creation; lab techniques; teaching,Bhubaneswar,0.8180,0,1,0,0,0,1,1,0,0,1
1164,Railway; Manufacturing; Education,documentation; lesson planning; signal systems; six sigma; teaching,Thiruvananthapuram,0.9158,0,1,0,0,1,0,0,1,0,2
1165,Electrical; Telecom; Software,fiber splicing; rf planning; troubleshooting; ui principles,Cuttack,0.7540,0,0,0,0,1,0,1,0,0,3
1166,IT; Finance,css; html; javascript; project management; python; writing,Cuttack,0.6860,0,1,0,0,1,0,0,0,1,1
1167,Electrical; Energy; Education; E-commerce,adobe xd; classroom management; maintenance; operations; pcb design; soldering; teaching,New Delhi,0.3140,1,1,0,0,1,0,0,1,0,1
1168,Railway; Healthcare,communication; lab techniques; ms excel; presentation; problem solving; signal systems; teamwork; time management,Cuttack,0.5060,1,0,1,0,0,0,0,1,0,1
1169,Healthcare; Telecom; Software,accounting; algorithms; data structures; excel,Nagpur,0.7620,0,0,1,0,0,0,0,1,0,1
1170,Software; Healthcare,data structures; oop; record keeping; teamwork; writing,New Delhi,0.6211,0,0,0,0,0,1,0,1,0,1
1171,Telecom; Energy; IT; Software,autocad; fiber splicing; oop; time management,Gwalior,0.2600,0,0,1,0,0,0,1,0,0,3
1172,Automotive; Education; Electrical; Healthcare,classroom management; first aid; patient care; power systems; soldering; supply chain,Udaipur,0.7520,0,1,1,0,0,0,0,1,0,2
1173,Logistics; Energy,communication; operations; procurement; routing; soil testing; writing,Warangal,0.8280,1,1,0,0,0,1,0,0,1,1
1174,E-commerce; Logistics; Software,api design; customer support; data structures; field work; procurement; warehouse ops,Chandigarh,0.3895,0,0,0,0,0,1,1,0,0,1
1175,Logistics; Energy; E-commerce; Software,cataloging; documentation; ms excel; procurement; teamwork,Kolkata,0.5368,0,1,0,0,0,1,1,0,0,1
1176,Healthcare; Finance,accounting; audit; excel; record keeping,Mumbai,0.3684,1,0,0,0,1,0,0,0,1,2
1177,Software; Railway; Banking,documentation; oop; problem solving; safety; signal systems,Kanpur,0.4380,0,1,0,0,1,0,1,0,0,3
1178,Automotive; Telecom; Logistics,assembly; cad; content writing; inventory; problem solving; supply chain; teamwork,Hyderabad,0.4320,1,1,0,1,0,0,0,1,0,3
1179,Automotive; Manufacturing; Software,algorithms; communication; data structures; docker; presentation; teaching; time management,Patna,0.3580,0,0,0,0,0,1,0,1,0,2
1180,Education; IT; Energy; Telecom,assessment; html; power systems; presentation,Nagpur,0.0500,0,0,1,0,0,0,1,0,0,3
1181,Energy; Education; Finance,classroom management; content creation; content writing; problem solving,Siliguri,0.4060,0,1,0,1,0,0,0,0,1,1
1182,Railway; Electrical,embedded; maintenance; pcb design; power systems; presentation; writing,Hyderabad,0.7480,0,0,0,0,1,0,0,1,0,1
1183,E-commerce; Automotive; Railway; Software,algorithms; assembly; communication; customer support; data structures; order management; safety; time management,Warangal,0.4526,0,0,0,1,0,0,0,1,0,1
1184,IT; Education; Finance; Software,accounting; api design; css; java; linux; testing,Kolkata,0.2842,1,1,0,0,1,0,0,1,0,1
1185,Manufacturing; Healthcare; Finance,accounting; cam; excel; financial modeling; problem solving; six sigma; teaching,Bhopal,0.4737,0,0,0,0,1,0,0,0,1,0
1186,Railway; Healthcare; Logistics; E-commerce,first aid; lab safety; maintenance; presentation; problem solving; signal systems,Chandigarh,0.2000,0,1,0,0,1,0,0,0,1,1
1187,E-commerce; Railway; Banking,audit; cataloging; customer service; documentation; gmp; maintenance; safety; teamwork,Noida,0.2440,0,0,0,1,0,0,0,0,1,3
1188,E-commerce; Banking,assessment; customer support; lesson planning; time management; writing,Gwalior,0.6211,0,1,0,0,1,0,1,0,0,3
1189,Electrical; Education; Logistics; E-commerce,cataloging; ms excel; pcb design; power systems,Nagpur,0.7820,0,1,0,0,0,1,0,1,0,2
1190,Automotive; Telecom; Manufacturing; Railway,autocad; fiber splicing; networking; quality checks; quality control; rf planning; supply chain; troubleshooting,Coimbatore,0.3720,0,1,1,0,0,0,1,0,0,2
1191,Finance; Logistics; Software; Manufacturing,accounting; autocad; inventory; presentation; procurement; teamwork,Hyderabad,0.3200,0,0,0,0,1,0,0,0,1,3
1192,Banking; Software; Finance; Automotive,accounting; assessment; cad; communication; gst; supply chain; tally,Lucknow,0.4737,0,0,1,0,0,0,0,0,1,3
1193,Energy; Railway,communication; maintenance; problem solving; reporting; safety; signal systems; teamwork; writing,Coimbatore,0.1120,0,1,0,0,1,0,1,0,0,3
1194,Automotive; Electrical; Healthcare,assembly; communication; field work; first aid; lab techniques; patient care; time management,Madurai,0.0360,0,1,1,0,0,0,0,1,0,3
1195,Finance; E-commerce,adobe xd; customer support; figma; gst; tally,Gurugram,0.3053,1,1,0,0,1,0,0,1,0,3
1196,Logistics; Banking; Electrical; Automotive,audit; communication; field work; pcb design; presentation; soldering; vehicle diagnostics; writing,Indore,0.0526,0,0,0,1,0,0,0,1,0,3
1197,IT; Telecom; Education,javascript; lesson planning; linux; python; teamwork; time management,Cuttack,0.3540,0,0,1,0,0,0,0,0,1,1
1198,Telecom; Banking; Software; Energy,data structures; documentation; fiber splicing; financial modeling; problem solving; safety; teamwork,Thiruvananthapuram,0.8105,0,1,0,0,0,1,1,0,0,3
1199,IT; E-commerce; Railway,git; lab techniques; operations; problem solving; safety; signal systems; teamwork; writing,Siliguri,0.8900,1,0,0,0,0,1,0,0,1,2
1200,E-commerce; Software; Telecom; Energy,algorithms; marketplace ops; oop; writing,Ludhiana,0.4460,1,0,0,0,1,0,0,1,0,3
1201,IT; Telecom; Healthcare,adobe xd; communication; git; lab techniques,Noida,0.9368,1,1,0,0,0,1,1,0,0,1
1202,IT; Energy; Education; Healthcare,javascript; python; safety; testing,Mangaluru,0.9740,0,1,1,0,0,0,0,0,1,3
1203,IT; Energy; Logistics; Software,git; java; linux; oop; safety,Jodhpur,0.7263,0,0,0,1,0,0,0,1,0,4
1204,Education; Automotive; Finance,assembly; audit; data analysis; lab techniques; presentation; writing,Warangal,0.4020,1,0,1,0,0,0,0,0,1,1
1205,Telecom; E-commerce; Railway; Banking,accounting; audit; documentation; ms excel; networking; reporting; safety; signal systems,Kozhikode,0.8105,1,1,0,0,1,0,0,1,0,1
1206,Software; IT,communication; data structures; design basics; linux; react; sql; teamwork; writing,New Delhi,0.1579,0,0,0,0,1,0,0,0,1,3
1207,Education; Software; Logistics,classroom management; communication; procurement; qc; routing,Udaipur,0.8105,0,1,1,0,0,0,0,0,1,3
1208,IT; Telecom; Software; E-commerce,algorithms; git; html; linux; writing,Kochi,0.3263,0,1,1,0,0,0,0,0,1,2
1209,E-commerce; Software,algorithms; communication; legal research; problem solving; time management,Cuttack,0.0280,0,0,0,0,0,1,0,1,0,0
1210,Finance; IT,audit; react; teamwork; testing; time management; writing,Kanpur,0.5200,1,1,1,0,0,0,0,1,0,3
1211,Railway; Automotive; E-commerce,assembly; maintenance; presentation; problem solving; time management; writing,Madurai,0.0526,0,1,1,0,0,0,0,1,0,3
1212,Energy; Education; Banking; Software,classroom management; docker; financial modeling; power systems; writing,Noida,0.1100,1,1,0,1,0,0,0,0,1,2
1213,Healthcare; Finance; Logistics,accounting; communication; excel; gst; inventory; matlab; patient care,Siliguri,0.1368,1,0,1,0,0,0,1,0,0,3
1214,Railway; E-commerce,gmp; maintenance; marketplace ops; qc; time management,Patna,0.1080,1,1,0,0,1,0,0,1,0,1
1215,Manufacturing; Energy; IT,javascript; presentation; react; supply chain,Mangaluru,0.1180,0,1,1,0,0,0,0,0,1,3
1216,IT; Telecom; E-commerce; Banking,git; html; java; marketplace ops; react; teamwork,Bhubaneswar,0.2380,1,0,0,0,0,1,0,0,1,2
1217,Education; IT,git; lesson planning; python; teaching; time management,Gaya,0.4947,0,0,0,1,0,0,0,1,0,2
1218,E-commerce; Automotive; Manufacturing; Banking,customer support; excel; financial modeling; operations; presentation; teamwork; vehicle diagnostics,Faridabad,0.7320,0,1,0,1,0,0,0,0,1,0
1219,Software; Telecom,algorithms; data structures; oop; rf planning; time management,Hyderabad,0.4980,1,1,1,0,0,0,0,1,0,1
1220,Railway; Energy; Education,assessment; documentation; lesson planning; operations; power systems; safety; writing,Faridabad,0.4700,1,0,0,1,0,0,1,0,0,1
1221,Healthcare; Software; Telecom,api design; ms excel; networking; teamwork; time management; troubleshooting,Gurugram,0.1789,1,1,1,0,0,0,0,0,1,1
1222,Logistics; Manufacturing; IT,javascript; presentation; procurement; time management,Hyderabad,0.0420,1,1,0,0,0,1,0,0,1,0
1223,E-commerce; Energy; Healthcare,biostatistics; case analysis; cataloging; communication; safety,Pune,0.6480,0,1,1,0,0,0,1,0,0,3
1224,Railway; Healthcare; IT,basic life support; git; java; safety; testing; time management; writing,Gaya,0.8860,1,1,0,0,0,1,0,1,0,1
1225,E-commerce; Software,case analysis; data structures; order management; presentation; writing,Cuttack,0.1579,0,1,0,0,0,1,0,1,0,2
1226,Manufacturing; Banking; Electrical; Finance,communication; design basics; embedded; excel; financial modeling; gst; quality control; writing,Kochi,0.4526,0,1,0,0,0,1,1,0,0,2
1227,E-commerce; Manufacturing; Telecom,cataloging; cnc; communication; networking; presentation; supply chain,Bhubaneswar,0.4100,1,1,1,0,0,0,0,1,0,1
1228,Software; Logistics; Electrical; Finance,algorithms; circuit analysis; content writing; data structures; docker; research; routing; teamwork,Kochi,0.8780,0,1,1,0,0,0,0,0,1,1
1229,Finance; E-commerce,excel; gst; order management; tally; teamwork,Gaya,0.6000,0,1,0,0,0,1,1,0,0,1
1230,Electrical; Education; Automotive; Telecom,case analysis; classroom management; content creation; embedded; presentation; soldering; teamwork; time management,Warangal,0.8105,0,0,0,0,0,1,0,0,1,1
1231,E-commerce; IT; Energy; Manufacturing,excel; lean; linux; market research; presentation,New Delhi,0.3620,0,0,0,0,1,0,0,0,1,1
1232,Software; Healthcare,docker; first aid; presentation; qc; record keeping; teamwork; writing,Pune,0.5579,0,1,0,0,0,1,0,1,0,2
1233,Healthcare; Logistics; Manufacturing,communication; lab safety; patient care; problem solving; quality control,Gurugram,0.9160,1,1,0,1,0,0,0,0,1,1
1234,Software; Energy; E-commerce; Telecom,api design; basic life support; communication; data structures; fiber splicing; maintenance; operations; problem solving,Faridabad,0.6060,0,0,0,1,0,0,0,1,0,1
1235,Logistics; Healthcare; IT,autocad; html; lab techniques; linux; matlab; patient care; problem solving; react,Cuttack,0.9100,1,0,0,0,1,0,1,0,0,1
1236,Manufacturing; Banking; Automotive,cam; excel; lean; supply chain; teamwork; time management; vehicle diagnostics,Udaipur,0.5680,0,0,1,0,0,0,0,1,0,3
1237,E-commerce; Education; Railway,classroom management; communication; operations; presentation; writing,Gwalior,0.3140,1,1,0,0,0,1,0,1,0,3
1238,Railway; Software,docker; lab techniques; oop; operations; problem solving; safety,Thiruvananthapuram,0.7474,0,1,0,1,0,0,0,1,0,1
1239,Software; Healthcare; IT,api design; data structures; lab techniques; record keeping; sql,Hyderabad,0.4737,1,0,0,0,0,1,1,0,0,3
1240,Education; Finance,accounting; assessment; classroom management; field work; gst; soil testing; teaching; teamwork,Bengaluru,0.4737,1,1,1,0,0,0,0,0,1,3
1241,Software; Energy,autocad; data structures; docker; writing,New Delhi,0.1368,1,0,0,1,0,0,0,0,1,3
1242,Manufacturing; E-commerce; IT,cam; cnc; html; quality control; testing; time management; writing,Madurai,0.0526,0,1,0,0,0,1,1,0,0,3
1243,Telecom; IT; Healthcare,communication; css; lab techniques; linux; presentation; python; time management,Patna,0.7895,0,0,0,1,0,0,0,0,1,3
1244,Healthcare; Telecom,basic life support; documentation; lab safety; networking; patient care,Indore,0.2000,0,0,0,0,0,1,0,0,1,1
1245,Electrical; Healthcare; Finance,circuit analysis; communication; excel; financial modeling; patient care; problem solving; record keeping,Kozhikode,0.2800,0,0,0,1,0,0,0,0,1,1
1246,E-commerce; Healthcare,communication; customer support; record keeping; writing,Gurugram,0.4720,0,0,0,0,1,0,0,0,1,2
1247,IT; Automotive; Finance,audit; communication; linux; reporting; sql; testing,Ludhiana,0.2632,1,1,0,1,0,0,0,0,1,3
1248,IT; Logistics,git; linux; presentation; sql; teamwork; testing; warehouse ops; writing,Faridabad,0.8316,0,1,0,0,1,0,0,0,1,3
1249,Automotive; Electrical; Energy; Telecom,cad; communication; documentation; maintenance; problem solving; quality checks; vehicle diagnostics; writing,Coimbatore,0.8060,0,1,0,0,0,1,0,0,1,0
1250,Manufacturing; Railway,documentation; maintenance; signal systems; six sigma; supply chain; teamwork,Ahmedabad,0.8560,0,1,0,0,0,1,0,0,1,1
1251,Manufacturing; Finance; Railway; Electrical,audit; cam; communication; excel; operations; safety; signal systems; teamwork,New Delhi,0.5368,1,0,0,0,0,1,0,1,0,1
1252,Energy; Logistics; Finance; Software,accounting; data structures; docker; presentation; supply chain; time management; warehouse ops; writing,Cuttack,0.3684,1,0,0,0,1,0,1,0,0,2
1253,Manufacturing; Electrical,adobe xd; cad; figma; power systems; presentation; six sigma; soldering,Warangal,0.8380,0,1,0,1,0,0,1,0,0,1
1254,Finance; Energy; Education; Software,algorithms; audit; communication; content creation; excel; financial modeling; power systems; presentation,Thiruvananthapuram,0.6260,0,1,0,0,1,0,0,0,1,1
1255,Manufacturing; Healthcare,biostatistics; cad; lab techniques; presentation; problem solving; supply chain; teamwork,New Delhi,0.8947,0,1,0,0,0,1,1,0,0,1
1256,Healthcare; Energy; Education; Logistics,communication; drafting; inventory; lesson planning; power systems; presentation,Gaya,0.1460,1,1,0,0,1,0,0,0,1,1
1257,Railway; Healthcare; IT,biostatistics; first aid; linux; problem solving; qc; record keeping; time management,New Delhi,0.8947,0,1,0,0,0,1,0,1,0,0
1258,Manufacturing; Automotive; Logistics,communication; ms excel; procurement; routing,Lucknow,0.0526,1,0,1,0,0,0,0,0,1,3
1259,Finance; Energy,assessment; presentation; safety; tally,Indore,0.3474,0,1,0,0,0,1,0,1,0,3
1260,Energy; IT; E-commerce,documentation; java; javascript; power systems; qc; safety; sql; writing,Kolkata,0.8526,1,0,1,0,0,0,0,1,0,1
1261,Logistics; Software; Automotive; Banking,adobe xd; customer service; excel; supply chain; writing,Surat,0.5420,0,0,0,0,0,1,0,0,1,2
1262,Railway; Healthcare; E-commerce,communication; lab safety; operations; record keeping; teamwork; writing,Mumbai,0.9020,0,0,0,0,0,1,0,0,1,3
1263,Banking; Software; IT,api design; docker; statistics; teamwork,Gaya,0.3260,0,1,0,1,0,0,0,0,1,0
1264,Railway; Software; IT; Healthcare,communication; docker; lab techniques; teamwork; testing; writing,Surat,0.6320,1,0,0,0,1,0,1,0,0,2
1265,Healthcare; Education,adobe xd; assessment; biostatistics; classroom management; lab techniques; problem solving; teaching; ui principles,Vadodara,1.0000,0,1,1,0,0,0,0,1,0,1
1266,Software; Healthcare,communication; docker; oop; patient care; problem solving; record keeping; teamwork,Mysuru,0.8700,0,0,0,0,0,1,0,0,1,3
1267,Telecom; Software; Healthcare,api design; data structures; oop; operations,Noida,0.8316,0,1,0,0,0,1,0,1,0,1
1268,Education; IT; E-commerce; Banking,assessment; classroom management; communication; css; financial modeling; order management; testing,Bengaluru,0.1579,0,1,1,0,0,0,1,0,0,4
1269,Healthcare; Software; IT; E-commerce,api design; git; patient care; presentation; problem solving,Coimbatore,0.6600,0,1,1,0,0,0,0,1,0,1
1270,Healthcare; Electrical,biostatistics; case analysis; communication; lab techniques; patient care,Surat,0.6842,0,1,0,0,0,1,0,1,0,1
1271,Manufacturing; Software; Telecom; IT,cnc; java; problem solving; teamwork,Warangal,0.4500,1,1,0,0,0,1,0,1,0,3
1272,IT; Finance,gst; html; tally; testing,Jodhpur,0.5860,0,0,0,0,1,0,0,1,0,2
1273,Automotive; E-commerce; Energy; Electrical,assembly; communication; customer support; documentation; pcb design; soldering,Siliguri,0.1789,0,1,0,0,1,0,0,1,0,1
1274,Banking; Education,communication; drafting; teaching; teamwork,Chandigarh,0.7380,1,1,0,0,0,1,0,0,1,3
1275,E-commerce; Railway; IT,customer support; documentation; maintenance; ms excel; python,Pune,0.9368,0,1,0,1,0,0,0,0,1,1
1276,Manufacturing; Railway; Software; IT,api design; css; data structures; presentation; six sigma; teamwork,Kanpur,0.2632,0,0,0,0,1,0,1,0,0,1
1277,Software; Energy; Automotive,api design; assembly; assessment; docker; oop; operations; writing,Kolkata,0.8040,1,1,0,0,0,1,0,0,1,1
1278,Energy; Software; Education,communication; documentation; ms excel; oop; teamwork,Ahmedabad,0.3260,0,1,0,1,0,0,0,0,1,2
1279,Banking; Manufacturing,cnc; excel; problem solving; quality control,Pune,0.5180,0,1,1,0,0,0,0,0,1,3
1280,Electrical; Energy; Logistics,lesson planning; maintenance; presentation; procurement,Udaipur,0.3895,0,1,0,0,1,0,0,1,0,0
1281,Electrical; Railway; IT,assessment; css; git; pcb design; problem solving; safety; soldering; teamwork,Kanpur,0.7263,1,0,1,0,0,0,1,0,0,0
1282,Automotive; Banking,adobe xd; communication; problem solving; ui principles; vehicle diagnostics,Gaya,0.5579,1,1,0,0,1,0,0,1,0,4
1283,Finance; Energy,accounting; communication; operations; power systems; presentation; safety; statistics; time management,Pune,0.7520,1,0,0,1,0,0,0,1,0,3
1284,IT; Software; E-commerce,communication; data structures; presentation; react,Kolkata,0.4600,0,1,0,0,1,0,0,1,0,3
1285,Telecom; Banking; Software,algorithms; communication; fiber splicing; networking; presentation; problem solving,Kochi,0.7120,1,1,0,0,0,1,0,0,1,2
1286,Telecom; Energy; IT; Manufacturing,cnc; data analysis; documentation; javascript; lean; problem solving; react,Bhubaneswar,0.3684,0,1,1,0,0,0,0,0,1,1
1287,Healthcare; Software,design basics; lab techniques; patient care; record keeping,Surat,0.7320,0,1,0,1,0,0,1,0,0,4
1288,IT; Finance,autocad; communication; presentation; project management; writing,Siliguri,0.4480,1,0,0,0,0,1,0,1,0,3
1289,Manufacturing; Energy; Finance,gst; quality control; safety; six sigma; supply chain; tally,Kolkata,0.3380,0,1,0,0,1,0,0,1,0,3
1290,IT; Manufacturing; Logistics; Railway,html; lean; operations; teamwork; time management,Bhopal,0.9579,0,1,0,1,0,0,0,1,0,3
1291,Electrical; Education; IT; Healthcare,assessment; pcb design; problem solving; teaching; teamwork,Coimbatore,0.0960,1,1,0,0,1,0,1,0,0,3
1292,Manufacturing; Energy; Banking,cam; communication; gmp; maintenance; pharmacology; power systems; qc; teamwork,Faridabad,0.2632,1,0,1,0,0,0,0,1,0,1
1293,Telecom; IT,fiber splicing; java; javascript; writing,Surat,0.0880,0,1,0,0,1,0,0,1,0,1
1294,Banking; Electrical; Manufacturing; E-commerce,accounting; financial modeling; lesson planning; marketplace ops,Kolkata,0.1368,1,1,1,0,0,0,0,0,1,3
1295,Electrical; Automotive; Healthcare,problem solving; record keeping; supply chain; writing,Bhubaneswar,0.5579,0,1,0,0,0,1,0,0,1,2
1296,Energy; Automotive; Software; Education,lesson planning; operations; problem solving; supply chain; teaching; writing,Mysuru,0.7180,1,0,0,0,0,1,0,0,1,2
1297,Telecom; Energy,communication; fiber splicing; power systems; problem solving; troubleshooting,Vadodara,0.1220,0,1,0,0,0,1,0,0,1,4
1298,Energy; Automotive,assembly; cad; case analysis; presentation; time management; vehicle diagnostics,Kanpur,0.2421,0,0,0,1,0,0,0,1,0,2
1299,Healthcare; IT; Electrical; Software,basic life support; docker; html; java; teamwork; writing,Mumbai,0.7200,0,1,0,1,0,0,1,0,0,3
1300,Healthcare; Telecom,communication; first aid; lab techniques; record keeping; time management; writing,Mangaluru,0.7080,0,0,0,0,1,0,0,1,0,3
1301,E-commerce; Manufacturing; Healthcare,cam; lean; quality control; six sigma; supply chain; writing,Ahmedabad,0.6620,0,1,0,1,0,0,1,0,0,1
1302,Finance; Software,algorithms; audit; docker; excel; gst; oop; presentation; reporting,Thiruvananthapuram,0.5660,0,1,0,0,1,0,0,1,0,2
1303,Education; IT; E-commerce,classroom management; communication; lesson planning; ms excel; problem solving; react; teamwork,Mysuru,0.1579,0,1,0,0,0,1,0,1,0,2
1304,Electrical; IT; Logistics,communication; embedded; inventory; lab techniques; python,Kochi,0.5789,0,1,0,0,1,0,1,0,0,3
1305,Education; Telecom,assessment; networking; problem solving; time management; writing,Bhubaneswar,0.2780,1,1,0,0,0,1,1,0,0,0
1306,IT; Healthcare; Automotive; Manufacturing,cad; css; gmp; html; javascript; patient care; six sigma,New Delhi,0.6940,0,0,0,1,0,0,0,1,0,3
1307,Automotive; Software; Education,algorithms; classroom management; communication; content creation; content writing; problem solving; research; vehicle diagnostics,Gurugram,0.6211,0,0,0,1,0,0,0,0,1,3
1308,Healthcare; Banking,communication; customer service; financial modeling; first aid; lab techniques; patient care; soil testing; teamwork,Jaipur,0.2842,1,0,1,0,0,0,0,0,1,1
1309,Automotive; Software; Banking,accounting; communication; quality checks; vehicle diagnostics; writing,Gaya,0.1720,0,1,0,1,0,0,1,0,0,3
1310,Healthcare; IT; Automotive; Software,assembly; java; presentation; record keeping,Warangal,0.1840,0,0,0,1,0,0,0,1,0,3
1311,Railway; Electrical; IT,assessment; circuit analysis; documentation; javascript; maintenance; signal systems; teaching; testing,Vadodara,0.8500,0,1,1,0,0,0,0,0,1,0
1312,Manufacturing; Automotive; Healthcare; Logistics,assembly; cnc; ms excel; six sigma; supply chain; time management; writing,Chandigarh,0.2000,1,1,0,1,0,0,0,1,0,1
1313,Healthcare; Railway; Finance,basic life support; communication; excel; teamwork,Chandigarh,0.7263,0,0,1,0,0,0,0,0,1,3
1314,Automotive; Finance; Healthcare,communication; lab techniques; record keeping; supply chain; time management; vehicle diagnostics,Ludhiana,0.6632,1,0,0,0,1,0,0,1,0,1
1315,Logistics; Automotive; Software,algorithms; ms excel; oop; operations; supply chain; teamwork; writing,Kanpur,0.6800,0,1,1,0,0,0,0,0,1,3
1316,Software; Telecom; Railway; Automotive,cad; field work; networking; oop,Kochi,0.6842,0,1,0,0,1,0,0,1,0,2
1317,Software; Railway,algorithms; gmp; maintenance; operations; problem solving; safety,Kochi,0.5789,1,1,0,0,0,1,1,0,0,3
1318,Electrical; Healthcare; Automotive; Software,api design; assembly; embedded; first aid; oop; patient care; problem solving; teaching,Ludhiana,0.9700,0,1,1,0,0,0,0,0,1,1
1319,Finance; Education; IT; Electrical,css; pcb design; pharmacology; react; sql,Mangaluru,0.7880,0,1,1,0,0,0,1,0,0,2
1320,Telecom; Manufacturing,presentation; problem solving; six sigma; teamwork; writing,Chandigarh,0.0737,0,1,0,1,0,0,0,1,0,0
1321,Manufacturing; Banking; Healthcare; Education,audit; biostatistics; cnc; lean; ms excel; operations; patient care; reporting,Pune,0.3280,1,1,1,0,0,0,0,1,0,3
1322,Banking; Software; Energy; Manufacturing,audit; market research; oop; quality control; supply chain; teamwork,Bengaluru,0.0737,0,0,0,1,0,0,0,0,1,1
1323,IT; Automotive; Healthcare; Logistics,assembly; patient care; react; sql; supply chain,Kanpur,0.2460,0,0,0,1,0,0,1,0,0,3
1324,Banking; E-commerce; Automotive; IT,cad; financial modeling; linux; presentation; python; react; supply chain,Faridabad,0.9579,1,1,0,0,1,0,0,1,0,3
1325,Healthcare; Software; Electrical,api design; biostatistics; reporting; soldering; writing,Indore,0.8300,0,1,0,1,0,0,1,0,0,1
1326,IT; Education,accounting; content creation; problem solving; react,Kanpur,0.0780,0,1,0,1,0,0,0,0,1,1
1327,Energy; Electrical; Telecom; Railway,accounting; market research; problem solving; rf planning,Cuttack,0.1100,0,1,0,1,0,0,1,0,0,3
1328,Manufacturing; E-commerce,operations; problem solving; quality control; teamwork; writing,Patna,0.6520,1,1,0,1,0,0,0,1,0,3
1329,Telecom; IT,basic life support; communication; html; linux; networking,Ahmedabad,0.3474,0,1,0,0,1,0,0,0,1,3
1330,IT; E-commerce,css; customer support; java; problem solving; python,Mumbai,0.0080,0,1,0,0,0,1,1,0,0,3
1331,IT; Healthcare; Railway,documentation; html; lab techniques; linux; operations; safety,Lucknow,0.4105,0,1,0,0,0,1,0,0,1,0
1332,Manufacturing; Healthcare; IT,excel; html; record keeping; six sigma; supply chain; teamwork; writing,New Delhi,0.7474,1,1,0,0,1,0,0,1,0,0
1333,Finance; Railway; Logistics; Banking,audit; excel; signal systems; time management,Vadodara,0.2842,0,0,0,0,0,1,0,1,0,3
1334,E-commerce; Energy; Electrical; Logistics,cataloging; lab techniques; operations; order management; problem solving; procurement; soldering; writing,Ludhiana,0.1579,0,1,0,0,1,0,1,0,0,3
1335,Telecom; Manufacturing; E-commerce,communication; operations; order management; teamwork,New Delhi,0.8316,0,1,0,0,1,0,1,0,0,1
1336,Logistics; Education,assessment; content creation; inventory; pharmacology; presentation; problem solving; procurement; warehouse ops,Hyderabad,0.0280,0,0,0,1,0,0,0,1,0,1
1337,Energy; Electrical; Healthcare; Banking,communication; embedded; financial modeling; pcb design; power systems; presentation; safety; writing,Noida,0.0540,0,1,0,0,0,1,1,0,0,3
1338,Software; Energy; Manufacturing,algorithms; cam; docker; maintenance; quality control; safety,Pune,0.8200,0,1,1,0,0,0,0,0,1,1
1339,Finance; Healthcare,accounting; communication; patient care; problem solving; tally,Noida,0.4316,0,0,1,0,0,0,0,1,0,0
1340,Finance; IT; Telecom,communication; fiber splicing; git; linux; react; supply chain,Bengaluru,0.6842,0,1,0,1,0,0,0,1,0,3
1341,Manufacturing; Electrical,basic life support; cam; quality control; soldering; supply chain; time management; writing,Hyderabad,0.1760,0,1,0,0,0,1,0,0,1,2
1342,Software; Automotive,presentation; quality checks; supply chain; teamwork; writing,Patna,0.6980,0,1,1,0,0,0,0,0,1,3
1343,Healthcare; Energy,documentation; first aid; maintenance; power systems,Patna,0.4105,0,1,0,1,0,0,0,0,1,3
1344,IT; Railway,documentation; linux; problem solving; signal systems; sql,Hyderabad,0.5789,0,1,1,0,0,0,0,0,1,0
1345,E-commerce; Finance; Automotive,audit; case analysis; customer support; problem solving; quality checks,New Delhi,0.4947,0,1,1,0,0,0,0,0,1,1
1346,Healthcare; Automotive; E-commerce,cad; communication; marketplace ops; order management; record keeping; supply chain,Faridabad,0.7474,0,1,0,1,0,0,1,0,0,2
1347,Telecom; Energy,documentation; fiber splicing; presentation; teamwork; writing,Hyderabad,0.2620,1,1,0,0,1,0,0,0,1,0
1348,Finance; Healthcare,audit; biostatistics; excel; first aid; gst; problem solving; research,Chandigarh,0.9360,0,1,0,1,0,0,0,1,0,3
1349,Manufacturing; Automotive; IT,cad; communication; html; linux; problem solving; supply chain,Mysuru,0.8740,1,0,1,0,0,0,1,0,0,2
1350,Telecom; Healthcare; E-commerce,biostatistics; lab techniques; networking; patient care; pharmacology; rf planning; troubleshooting,Kozhikode,0.5789,1,0,0,0,1,0,1,0,0,1
1351,Banking; Software; Automotive; Energy,algorithms; assembly; financial modeling; quality checks; time management,Bhubaneswar,0.0947,0,1,0,1,0,0,1,0,0,2
1352,Automotive; Energy,assembly; operations; problem solving; reporting; supply chain; teamwork,Chandigarh,0.0526,1,1,0,1,0,0,0,0,1,2
1353,Railway; Automotive,autocad; cad; matlab; presentation; supply chain; teamwork; time management; vehicle diagnostics,Madurai,0.6500,0,1,0,0,0,1,0,0,1,3
1354,Railway; Automotive; Energy; Healthcare,accounting; biostatistics; communication; documentation; maintenance; supply chain; writing,Udaipur,0.3684,1,1,0,0,1,0,0,1,0,0
1355,Telecom; Railway; Energy,data analysis; documentation; presentation; signal systems; statistics; teamwork; time management,Warangal,0.3684,1,0,0,1,0,0,0,0,1,3
1356,Banking; Energy; Electrical; E-commerce,accounting; basic life support; circuit analysis; lab safety; problem solving; safety; time management; writing,Bhubaneswar,0.5520,1,0,0,0,0,1,1,0,0,2
1357,E-commerce; Electrical,accounting; cataloging; circuit analysis; market research; marketplace ops; power systems; presentation; writing,Ahmedabad,0.0120,0,0,0,0,0,1,0,1,0,3
1358,Education; Finance,accounting; content creation; excel; financial modeling; tally; teamwork; time management,Nagpur,0.4200,1,0,1,0,0,0,0,0,1,2
1359,Automotive; Finance,cad; gst; legal research; writing,Noida,0.7420,1,1,0,0,1,0,1,0,0,2
1360,Finance; IT; Logistics,audit; communication; documentation; procurement; react; routing; tally; testing,Kolkata,0.4947,0,1,0,0,0,1,0,1,0,1
1361,Energy; Manufacturing; Electrical,communication; documentation; maintenance; power systems; presentation; quality control; soldering; time management,New Delhi,0.5368,1,1,1,0,0,0,0,0,1,0
1362,Energy; Finance,accounting; audit; documentation; field work; gst; problem solving,Vadodara,0.8600,0,0,0,0,1,0,1,0,0,3
1363,Banking; Healthcare; Electrical,accounting; communication; embedded; patient care; pcb design,Pune,0.2632,1,0,0,0,0,1,0,1,0,3
1364,Railway; Software,algorithms; documentation; maintenance; oop; presentation; signal systems; teamwork; time management,Siliguri,0.4737,1,1,0,0,1,0,0,0,1,3
1365,Automotive; Healthcare,cad; lab techniques; patient care; presentation; time management,Pune,0.8600,1,0,0,1,0,0,0,0,1,3
1366,Energy; Finance,financial modeling; operations; power systems; writing,Lucknow,0.7053,0,0,1,0,0,0,0,0,1,3
1367,Energy; Manufacturing; Electrical; E-commerce,cad; documentation; embedded; problem solving; safety; teamwork,Patna,0.4480,0,0,0,0,1,0,1,0,0,3
1368,Finance; Logistics,audit; communication; problem solving; procurement; teamwork; warehouse ops,Warangal,0.4526,0,0,0,0,0,1,0,1,0,3
1369,Software; Energy; Banking,accounting; algorithms; maintenance; operations; power systems; writing,Faridabad,0.4000,0,0,0,0,0,1,1,0,0,3
1370,Manufacturing; Education; Electrical; Automotive,circuit analysis; content creation; embedded; power systems; quality checks; quality control; time management; writing,Siliguri,0.2120,0,1,0,0,1,0,0,1,0,3
1371,Finance; Banking; Electrical; Logistics,circuit analysis; excel; pcb design; problem solving; tally; warehouse ops,Gurugram,0.5300,0,1,0,1,0,0,0,1,0,3
1372,Banking; Software; Energy,communication; docker; operations; power systems; teamwork; time management; writing,Kanpur,0.9660,0,1,0,0,0,1,0,1,0,1
1373,Healthcare; Railway; Logistics,assessment; first aid; record keeping; time management,Gwalior,0.4520,1,1,0,1,0,0,0,0,1,2
1374,Software; IT; Railway; Finance,accounting; gst; presentation; problem solving; tally,Madurai,0.2421,0,1,0,0,1,0,0,0,1,1
1375,E-commerce; Automotive,customer support; design basics; marketplace ops; order management; presentation,Udaipur,0.3474,0,1,0,1,0,0,0,1,0,3
1376,Software; Manufacturing; Logistics; Banking,cam; financial modeling; warehouse ops; writing,Mysuru,0.2211,1,1,0,0,1,0,0,1,0,3
1377,Education; Energy,assessment; communication; documentation; matlab; problem solving; teaching,Gurugram,0.3895,0,0,0,0,1,0,1,0,0,2
1378,Healthcare; Energy; Railway,communication; first aid; lab techniques; operations; patient care; power systems; presentation,Ludhiana,0.4105,1,1,0,0,1,0,1,0,0,0
1379,Education; Manufacturing; Healthcare,cam; cnc; legal research; patient care; presentation; six sigma; teamwork,Noida,0.7320,1,1,1,0,0,0,1,0,0,1
1380,Automotive; Telecom; Software,algorithms; cad; communication; networking,Patna,0.9368,1,1,0,1,0,0,1,0,0,1
1381,Electrical; Software; Healthcare; Education,algorithms; circuit analysis; content creation; first aid; lab safety; lesson planning; patient care; teaching,Udaipur,0.1020,0,1,0,0,0,1,0,0,1,2
1382,Railway; Telecom; Software,docker; field work; oop; soil testing; supply chain; time management; writing,Gwalior,0.6000,1,1,0,1,0,0,0,1,0,2
1383,IT; Education,assessment; content creation; field work; java; problem solving; sql; time management,Hyderabad,0.7684,0,1,0,0,0,1,0,0,1,1
1384,IT; Railway; Automotive; Logistics,assembly; git; javascript; procurement; react; safety; signal systems,Gurugram,0.8200,1,1,1,0,0,0,0,0,1,3
1385,Banking; Railway; Manufacturing,audit; cam; cnc; customer service; documentation; excel; financial modeling; safety,Cuttack,0.2820,0,1,0,0,1,0,0,1,0,0
1386,Education; Railway; Finance; Logistics,assessment; audit; classroom management; gst; operations; routing; safety; time management,Bhopal,0.7474,0,1,1,0,0,0,0,0,1,3
1387,Telecom; Software; Railway; Finance,api design; communication; data structures; fiber splicing; networking; rf planning; teamwork; troubleshooting,Gaya,0.8526,0,1,0,1,0,0,0,0,1,3
1388,Healthcare; Electrical; IT; Logistics,biostatistics; circuit analysis; communication; git; presentation; react; record keeping; warehouse ops,Madurai,0.5360,1,1,1,0,0,0,0,0,1,1
1389,Logistics; Railway; Finance,project management; routing; tally; teamwork,Gaya,0.1789,0,0,0,0,1,0,0,0,1,3
1390,Finance; Education; Energy,audit; documentation; financial modeling; matlab; problem solving; time management; writing,Kolkata,0.8526,1,1,1,0,0,0,0,1,0,2
1391,Education; Automotive,cad; classroom management; drafting; legal research; presentation,Pune,0.3160,0,1,0,1,0,0,0,0,1,2
1392,Education; Banking; Software; E-commerce,accounting; cataloging; order management; problem solving,Jaipur,0.8316,0,1,1,0,0,0,0,0,1,4
1393,Software; Healthcare,algorithms; biostatistics; docker; first aid; lab techniques; ms excel; operations; time management,New Delhi,0.7400,0,0,0,1,0,0,0,1,0,3
1394,Automotive; Banking; Logistics; Railway,customer service; ms excel; presentation; procurement; safety; time management; writing,Coimbatore,0.9380,1,0,1,0,0,0,0,0,1,1
1395,Software; IT,api design; css; data structures; pharmacology; testing; time management,Mysuru,0.6000,0,1,0,1,0,0,1,0,0,3
1396,Energy; Education,communication; maintenance; ms excel; presentation; reporting; teamwork,Patna,0.2211,0,0,0,1,0,0,0,0,1,3
1397,IT; Logistics,figma; git; inventory; javascript,Bhubaneswar,0.7053,0,1,0,0,1,0,1,0,0,1
1398,Manufacturing; Finance; Energy,lesson planning; presentation; safety; tally,Kolkata,0.5160,1,1,1,0,0,0,0,1,0,2
1399,Logistics; Electrical; Railway,adobe xd; embedded; inventory; pcb design; safety,Hyderabad,0.3640,0,1,0,0,0,1,0,1,0,3
1400,Healthcare; Manufacturing,cad; lab techniques; presentation; record keeping; reporting; writing,Faridabad,0.7460,1,1,1,0,0,0,0,0,1,3
1401,Automotive; Education; Railway,assessment; basic life support; cad; classroom management; presentation; writing,Kanpur,0.8737,1,1,0,0,0,1,0,0,1,3
1402,Healthcare; Telecom; Finance; Automotive,accounting; assembly; gst; presentation; rf planning,Chandigarh,0.0737,1,1,0,0,1,0,0,0,1,3
1403,E-commerce; Automotive,cad; communication; supply chain; teamwork; vehicle diagnostics,Cuttack,0.7280,0,0,0,0,0,1,0,0,1,0
1404,Railway; Energy,maintenance; presentation; safety; soil testing; time management,Warangal,0.5040,0,1,1,0,0,0,0,1,0,3
1405,Logistics; Software,data structures; field work; ms excel; routing; supply chain; writing,Hyderabad,0.4737,0,0,0,0,0,1,1,0,0,2
1406,Railway; Automotive,assembly; cad; communication; maintenance; signal systems; supply chain; time management,Ludhiana,0.1420,1,1,0,0,0,1,0,1,0,3
1407,Logistics; Education; Electrical,data analysis; embedded; power systems; presentation; procurement; teamwork; warehouse ops; writing,Lucknow,0.3720,0,0,1,0,0,0,0,1,0,1
1408,Healthcare; E-commerce; Software,algorithms; biostatistics; data structures; record keeping,Bhubaneswar,0.1660,0,1,0,0,0,1,0,0,1,1
1409,Education; Logistics; Telecom; Automotive,routing; supply chain; vehicle diagnostics; warehouse ops,Lucknow,0.1840,1,1,1,0,0,0,0,0,1,4
1410,Education; IT; Banking,assessment; financial modeling; git; teaching,Bhubaneswar,0.0737,0,1,0,1,0,0,1,0,0,3
1411,Education; Railway; E-commerce,classroom management; presentation; signal systems; teamwork; time management,Madurai,0.4660,0,0,0,0,1,0,0,0,1,2
1412,IT; Banking; Healthcare,audit; linux; patient care; problem solving; writing,Warangal,0.5640,0,0,0,1,0,0,0,0,1,1
1413,Energy; Automotive,communication; operations; teamwork; vehicle diagnostics,Kochi,0.1000,1,0,0,0,1,0,0,0,1,1
1414,Automotive; Energy; Manufacturing; Banking,audit; cad; financial modeling; lean; maintenance; supply chain; teaching; vehicle diagnostics,Hyderabad,0.2600,0,1,0,0,0,1,0,1,0,3
1415,Finance; IT; Education; Railway,data analysis; java; problem solving; python; safety; signal systems; teamwork; writing,Pune,0.1120,0,1,0,0,0,1,0,1,0,1
1416,Manufacturing; Banking; Electrical,accounting; cam; operations; problem solving; reporting; teamwork; time management; writing,Patna,0.4480,0,0,0,0,0,1,0,1,0,3
1417,Railway; Manufacturing,cad; lean; market research; teamwork; time management; writing,Thiruvananthapuram,0.2000,1,1,0,0,1,0,1,0,0,2
1418,Electrical; Software; Education; Manufacturing,data structures; embedded; oop; power systems; problem solving; quality control; six sigma,Mysuru,0.1789,1,0,0,1,0,0,0,0,1,3
1419,Railway; Automotive,communication; problem solving; vehicle diagnostics; writing,Warangal,0.2842,1,0,0,0,0,1,1,0,0,3
1420,Education; Software; Railway; Energy,data structures; lesson planning; maintenance; operations; teamwork,Indore,0.6360,1,0,0,1,0,0,0,1,0,2
1421,Railway; E-commerce,cataloging; marketplace ops; presentation; problem solving; signal systems,Kolkata,0.9400,0,1,1,0,0,0,1,0,0,1
1422,IT; Railway; E-commerce; Banking,customer support; linux; presentation; safety; statistics,Vadodara,0.8737,1,1,0,1,0,0,0,0,1,3
1423,Software; IT,communication; data structures; java; linux; oop; python; writing,Patna,0.8240,0,0,0,0,1,0,1,0,0,2
1424,Telecom; Banking; Energy,communication; operations; presentation; problem solving; writing,Warangal,0.2160,1,0,1,0,0,0,0,0,1,2
1425,Manufacturing; Electrical; E-commerce,cam; customer support; six sigma; soldering; writing,Faridabad,0.3895,1,1,0,1,0,0,0,1,0,3
1426,Banking; Software; Manufacturing,api design; customer service; data structures; field work; financial modeling; oop; soil testing,Jaipur,0.1368,1,0,0,1,0,0,0,0,1,2
1427,Finance; Education; Energy,accounting; classroom management; communication; drafting; excel; financial modeling; maintenance; tally,Surat,0.4820,0,1,1,0,0,0,0,1,0,3
1428,Healthcare; Logistics,lab techniques; record keeping; routing; supply chain,New Delhi,0.7684,1,1,0,0,0,1,1,0,0,1
1429,Energy; Electrical,circuit analysis; lab safety; power systems; soldering,Warangal,0.9900,0,0,0,0,1,0,0,0,1,1
1430,Automotive; Energy,assembly; cad; power systems; teamwork; vehicle diagnostics,Bhopal,0.6640,0,1,0,0,1,0,0,0,1,3
1431,Finance; Electrical; Banking,accounting; audit; embedded; financial modeling; lesson planning; problem solving; tally; teaching,Hyderabad,0.9300,0,0,1,0,0,0,1,0,0,3
1432,Telecom; Education; Logistics,classroom management; lesson planning; rf planning; teamwork,Nagpur,0.6421,0,1,1,0,0,0,0,0,1,3
1433,Automotive; Finance; Logistics,gst; matlab; project management; supply chain; warehouse ops,Kanpur,0.2000,0,1,1,0,0,0,0,0,1,3
1434,Energy; IT,communication; css; html; operations,Lucknow,0.6140,1,1,1,0,0,0,0,1,0,1
1435,Finance; Electrical; Telecom,audit; communication; embedded; financial modeling; gst; networking; teamwork,Kolkata,0.7474,0,1,0,0,1,0,1,0,0,3
1436,Manufacturing; Healthcare; E-commerce,cataloging; gmp; patient care; record keeping; supply chain,Siliguri,0.5620,1,1,0,0,1,0,0,1,0,1
1437,Finance; Education; Electrical,circuit analysis; classroom management; gst; power systems; problem solving; teamwork,Bhopal,0.9460,1,1,0,1,0,0,0,1,0,3
1438,Manufacturing; Electrical; Railway,gmp; problem solving; safety; soldering; teamwork; time management,Mumbai,0.7880,0,1,1,0,0,0,1,0,0,3
1439,Software; Automotive,communication; data structures; supply chain; vehicle diagnostics,New Delhi,0.7040,0,1,0,0,0,1,1,0,0,1
1440,Electrical; Telecom; Manufacturing; Healthcare,cad; cam; circuit analysis; cnc; communication; record keeping; supply chain; teamwork,Faridabad,0.8947,0,0,0,0,0,1,1,0,0,3
1441,Logistics; Electrical; Manufacturing,cad; case analysis; communication; inventory; supply chain,Cuttack,0.3820,0,0,0,0,0,1,0,1,0,3
1442,Automotive; Software; Railway,api design; oop; presentation; writing,Mangaluru,0.2820,0,1,0,0,0,1,0,0,1,4
1443,Logistics; IT; Healthcare,html; inventory; javascript; problem solving; procurement; teamwork,Mumbai,0.2211,0,0,0,0,0,1,1,0,0,2
1444,IT; Software; Manufacturing,css; data structures; docker; html; javascript; linux; operations; presentation,Gwalior,0.1579,1,0,1,0,0,0,1,0,0,2
1445,Banking; Electrical; Healthcare,audit; case analysis; excel; legal research; pcb design; problem solving; record keeping; time management,Noida,0.0000,0,1,0,1,0,0,0,1,0,4
1446,E-commerce; Railway; Healthcare; Energy,cataloging; communication; lab techniques; order management; power systems; teamwork; writing,New Delhi,0.5200,0,0,0,0,1,0,0,0,1,3
1447,Logistics; Finance; Software,accounting; communication; data structures; financial modeling; gmp; inventory; problem solving; teamwork,Hyderabad,0.1400,1,0,1,0,0,0,0,0,1,2
1448,Healthcare; E-commerce; Manufacturing,biostatistics; communication; customer support; field work; quality control; record keeping; soil testing,Cuttack,0.7684,0,0,0,0,1,0,0,1,0,3
1449,Education; IT,assessment; case analysis; classroom management; drafting; lesson planning; linux; react; teamwork,Mangaluru,0.6800,0,1,0,0,1,0,0,1,0,3
1450,Manufacturing; Railway,autocad; documentation; operations; presentation; problem solving; quality control; safety; teamwork,Vadodara,0.8105,0,1,0,0,1,0,1,0,0,2
1451,E-commerce; Banking,customer service; financial modeling; ms excel; writing,Gurugram,0.1640,0,1,1,0,0,0,0,0,1,3
1452,Logistics; Electrical,content writing; power systems; presentation; soldering; teamwork; time management; warehouse ops; writing,Coimbatore,0.2000,0,0,0,0,1,0,0,0,1,2
1453,Telecom; Banking; IT; Railway,assessment; lesson planning; networking; presentation; signal systems,New Delhi,0.1460,0,0,0,0,1,0,0,1,0,3
1454,IT; Energy; E-commerce,communication; javascript; lab safety; maintenance; problem solving; teamwork,Kolkata,0.0440,1,0,0,0,0,1,1,0,0,1
1455,Banking; Energy,audit; operations; power systems; presentation; time management,Chandigarh,0.0180,0,1,0,0,0,1,0,0,1,3
1456,Logistics; IT,drafting; git; inventory; legal research; procurement; teamwork; time management; warehouse ops,Bhopal,0.8180,0,0,0,0,0,1,0,0,1,3
1457,IT; Telecom,communication; java; research; troubleshooting; writing,Siliguri,0.3040,1,1,0,0,1,0,0,0,1,3
1458,Healthcare; E-commerce; Electrical,circuit analysis; marketplace ops; pcb design; power systems; soldering; time management,Chennai,0.3100,1,0,0,0,1,0,0,1,0,1
1459,Energy; Electrical; Finance,communication; lesson planning; operations; presentation,Bengaluru,0.8620,1,0,0,1,0,0,0,1,0,3
1460,Healthcare; Telecom; Software; Railway,basic life support; docker; first aid; networking; presentation; safety; troubleshooting,Chandigarh,0.6000,0,1,0,0,1,0,1,0,0,2
1461,Electrical; IT; Education; Telecom,assessment; classroom management; documentation; power systems; python; teamwork; testing; time management,Chandigarh,0.1980,0,1,0,1,0,0,1,0,0,2
1462,Energy; Manufacturing; IT,operations; power systems; sql; testing,Pune,0.5220,0,1,1,0,0,0,1,0,0,0
1463,Energy; E-commerce; Banking; Healthcare,maintenance; patient care; power systems; record keeping,Warangal,0.1620,0,1,0,0,0,1,0,0,1,1
1464,Logistics; E-commerce; Education; Software,algorithms; autocad; data structures; matlab; problem solving; procurement; project management; routing,Kolkata,0.3660,0,0,0,1,0,0,1,0,0,1
1465,Healthcare; Automotive; Education; Logistics,routing; supply chain; teamwork; writing,Siliguri,0.5860,0,0,1,0,0,0,1,0,0,1
1466,Healthcare; Education,communication; first aid; presentation; teaching; time management; writing,Vadodara,0.2620,0,1,0,0,0,1,1,0,0,3
1467,Manufacturing; Telecom; Healthcare; IT,cad; html; lab techniques; lean; reporting,Gaya,0.3340,1,0,0,1,0,0,0,1,0,2
1468,IT; Software; Railway; Education,communication; css; data structures; documentation; java; lesson planning; signal systems; ui principles,Chennai,0.9620,0,1,0,0,1,0,0,0,1,0
1469,Telecom; IT,fiber splicing; java; rf planning; time management,Mysuru,0.0920,0,1,0,0,1,0,0,0,1,3
1470,IT; E-commerce; Healthcare; Electrical,communication; embedded; react; record keeping; soldering; teamwork; testing; writing,Ahmedabad,0.0300,0,1,1,0,0,0,0,0,1,1
1471,Energy; Logistics; IT; E-commerce,html; inventory; lesson planning; presentation; teamwork; warehouse ops,Indore,0.1820,0,1,0,0,1,0,0,1,0,1
1472,Education; Electrical; Finance; Railway,accounting; documentation; embedded; operations; presentation; problem solving; signal systems; soldering,Bhubaneswar,0.9480,1,0,1,0,0,0,0,1,0,4
1473,Software; Finance; Automotive,basic life support; financial modeling; lab safety; quality checks,Jodhpur,0.9100,0,0,0,1,0,0,1,0,0,2
1474,Railway; Manufacturing; Automotive,cnc; communication; documentation; problem solving; signal systems; six sigma; supply chain,Cuttack,0.4760,1,1,0,0,1,0,0,1,0,3
1475,Electrical; Energy; Software,algorithms; autocad; communication; documentation; pcb design; presentation; safety; soldering,Indore,1.0000,0,1,0,0,0,1,0,1,0,1
1476,Railway; E-commerce,accounting; cataloging; maintenance; market research; operations; order management; presentation,Kochi,0.8580,0,1,1,0,0,0,0,0,1,1
1477,Software; Electrical,api design; circuit analysis; communication; power systems; time management,Udaipur,0.4800,1,0,0,0,0,1,0,1,0,0
1478,Railway; Manufacturing,cam; documentation; presentation; reporting; teamwork,Siliguri,0.5500,0,1,1,0,0,0,0,0,1,1
1479,Automotive; Electrical; Logistics; IT,assembly; css; embedded; java; market research; ms excel; soldering; vehicle diagnostics,Mangaluru,0.3895,1,0,0,0,0,1,0,1,0,3
1480,Finance; Automotive; Telecom; Energy,fiber splicing; financial modeling; gst; operations; rf planning; teaching; troubleshooting,Nagpur,0.8947,0,0,1,0,0,0,0,1,0,2
1481,IT; Logistics; Banking; Education,lesson planning; problem solving; procurement; teaching,Patna,0.4737,0,0,0,0,0,1,1,0,0,3
1482,Banking; E-commerce,audit; communication; excel; financial modeling,Surat,0.7600,0,0,0,1,0,0,0,1,0,3
1483,Telecom; Education; Railway; IT,content creation; fiber splicing; figma; javascript; lesson planning; testing,Noida,0.4700,0,0,0,0,0,1,0,1,0,4
1484,Railway; Education; Manufacturing,communication; problem solving; safety; time management,Gwalior,0.0520,1,1,0,0,1,0,1,0,0,2
1485,Manufacturing; Energy; Telecom,data analysis; maintenance; power systems; presentation; problem solving; quality control; rf planning,Lucknow,0.5020,1,0,1,0,0,0,1,0,0,2
1486,Education; Telecom; Automotive,accounting; assembly; classroom management; communication; fiber splicing; lesson planning; market research,Lucknow,0.6500,1,1,1,0,0,0,0,1,0,3
1487,Healthcare; Education; Automotive,assessment; communication; gmp; presentation; qc; vehicle diagnostics,Madurai,0.2280,0,1,0,0,1,0,0,1,0,3
1488,Software; Finance; Banking,api design; communication; docker; gst; oop; presentation,Bhubaneswar,0.6360,0,1,0,0,1,0,0,1,0,1
1489,Electrical; IT; Telecom,css; fiber splicing; java; react,Madurai,0.0260,0,1,0,0,0,1,0,1,0,3
1490,E-commerce; Manufacturing,cam; cataloging; marketplace ops; time management,Chennai,0.6000,0,1,0,0,1,0,1,0,0,1
1491,IT; Energy,css; javascript; python; react,Mumbai,0.6560,1,0,0,0,1,0,1,0,0,3
1492,Education; Telecom,classroom management; lesson planning; presentation; time management,Bhubaneswar,0.3980,1,0,0,1,0,0,0,1,0,2
1493,Banking; Automotive; Education; Healthcare,content creation; content writing; design basics; financial modeling; first aid; lesson planning; supply chain,Hyderabad,0.6000,0,0,1,0,0,0,1,0,0,1
1494,Electrical; Healthcare; Telecom,biostatistics; communication; networking; problem solving; qc,Hyderabad,0.3060,0,0,0,0,1,0,0,0,1,1
1495,Logistics; Manufacturing,cad; lean; legal research; supply chain; teamwork; time management,Siliguri,0.1158,0,1,0,1,0,0,0,0,1,1
1496,Education; Healthcare; Railway; Electrical,assessment; biostatistics; circuit analysis; operations,Ahmedabad,0.6421,0,0,0,0,0,1,1,0,0,1
1497,Healthcare; Telecom; Energy; Manufacturing,assessment; cad; first aid; patient care; problem solving; quality control; six sigma; teaching,Madurai,0.9940,0,1,0,0,0,1,1,0,0,3
1498,Healthcare; Logistics,communication; first aid; lab techniques; presentation; problem solving; procurement; record keeping; routing,Gurugram,0.3340,0,0,1,0,0,0,0,1,0,3
1499,Railway; Software; Finance,audit; data structures; excel; operations; presentation; problem solving; signal systems; writing,Gaya,0.6960,0,1,0,1,0,0,0,0,1,2
1500,Telecom; Energy,drafting; fiber splicing; maintenance; networking; rf planning; troubleshooting; writing,Gurugram,0.5140,0,0,0,1,0,0,0,0,1,1
1501,Manufacturing; E-commerce; Logistics,presentation; procurement; six sigma; teamwork,Jodhpur,0.7263,0,1,0,1,0,0,1,0,0,3
1502,Software; Energy; E-commerce; Automotive,algorithms; field work; marketplace ops; oop; teamwork,Udaipur,0.6040,1,1,0,1,0,0,0,1,0,3
1503,Finance; IT,css; linux; teamwork; time management,Jaipur,0.3895,1,1,1,0,0,0,0,1,0,4
1504,Automotive; IT; E-commerce; Education,assembly; content creation; data analysis; html; lesson planning; sql,Kanpur,0.7560,0,1,0,0,0,1,0,1,0,1
1505,Electrical; Railway; E-commerce,documentation; maintenance; operations; pcb design; safety; statistics,Cuttack,0.6060,1,1,1,0,0,0,1,0,0,1
1506,Banking; Logistics,accounting; presentation; procurement; time management; warehouse ops,Lucknow,0.3140,0,1,0,0,1,0,0,1,0,3
1507,Telecom; Healthcare,basic life support; biostatistics; documentation; lab safety; patient care; time management,Kozhikode,0.8105,0,1,0,0,1,0,1,0,0,3
1508,Manufacturing; Automotive,autocad; communication; lean; matlab; problem solving; quality checks; supply chain; teamwork,Cuttack,0.1158,0,0,0,0,1,0,0,1,0,1
1509,E-commerce; Software; IT,api design; communication; docker; html; javascript; linux; marketplace ops; react,Udaipur,0.7480,1,0,0,0,1,0,1,0,0,3
1510,E-commerce; Energy,cataloging; problem solving; safety; time management; writing,Kozhikode,0.5240,0,1,1,0,0,0,0,1,0,3
1511,Energy; Manufacturing,communication; lean; operations; time management; ui principles; writing,Patna,0.4526,1,1,0,0,1,0,0,0,1,2
1512,Railway; Healthcare; Electrical; Energy,embedded; operations; patient care; presentation; problem solving; record keeping; teamwork,Vadodara,0.5300,1,0,0,0,0,1,1,0,0,1
1513,Manufacturing; Telecom; Automotive,problem solving; quality checks; supply chain; time management; writing,Faridabad,0.9880,0,1,0,0,1,0,0,0,1,1
1514,Finance; Software; Telecom; Logistics,algorithms; api design; basic life support; gst; ms excel; networking; troubleshooting; writing,Chennai,0.8316,0,1,0,0,1,0,0,1,0,1
1515,Banking; Healthcare; Manufacturing; Energy,cnc; lean; operations; patient care; teamwork,Madurai,0.4600,0,0,1,0,0,0,1,0,0,2
1516,IT; Electrical; Logistics; Education,figma; power systems; python; react; testing; warehouse ops,Thiruvananthapuram,0.9660,1,1,1,0,0,0,1,0,0,3
1517,Manufacturing; Software; Electrical; Logistics,algorithms; cad; cnc; data structures; presentation; problem solving; soldering; time management,Cuttack,0.7860,1,0,0,0,1,0,1,0,0,2
1518,Education; Healthcare; Finance; Telecom,classroom management; communication; lab techniques; matlab; project management; record keeping; tally,Siliguri,0.7980,1,0,1,0,0,0,0,0,1,3
1519,Banking; Finance; Electrical,accounting; data analysis; excel; financial modeling; problem solving; soldering,Pune,0.7474,0,1,1,0,0,0,1,0,0,2
1520,Railway; Software,docker; maintenance; ms excel; operations; reporting,Mysuru,0.9680,0,0,1,0,0,0,0,1,0,2
1521,E-commerce; Education; Software; IT,api design; assessment; git; reporting; teamwork,Patna,0.6340,0,1,1,0,0,0,1,0,0,2
1522,Finance; IT,accounting; excel; financial modeling; git; problem solving; testing; time management; writing,Gaya,0.7263,0,0,0,1,0,0,1,0,0,2
1523,Manufacturing; Telecom,cad; cnc; communication; lean; networking; problem solving; six sigma; writing,Bhubaneswar,0.8316,1,1,1,0,0,0,0,0,1,2
1524,Energy; Finance; E-commerce,communication; financial modeling; market research; problem solving; time management; writing,Siliguri,0.1158,1,1,0,1,0,0,0,1,0,3
1525,IT; Education; Software,content writing; git; problem solving; research; teaching; teamwork,Kolkata,0.4947,0,1,1,0,0,0,0,0,1,2
1526,Banking; Finance; Manufacturing; Healthcare,excel; lab techniques; lean; record keeping; teamwork,Indore,0.7895,0,1,0,0,1,0,0,0,1,3
1527,E-commerce; Manufacturing; IT; Logistics,problem solving; procurement; qc; teamwork,Jodhpur,0.9368,0,0,0,0,1,0,0,1,0,4
1528,Manufacturing; Logistics; Energy; E-commerce,documentation; inventory; marketplace ops; ms excel; operations; six sigma; supply chain,Patna,0.3684,1,0,0,0,0,1,0,0,1,3
1529,Electrical; Automotive; Healthcare,accounting; first aid; pcb design; record keeping; soldering; teamwork; time management; vehicle diagnostics,Warangal,0.5260,1,0,0,1,0,0,0,0,1,2
1530,Banking; Energy; Finance,communication; documentation; presentation; problem solving; safety; time management,Ahmedabad,0.0520,0,1,0,0,1,0,0,1,0,4
1531,Railway; Telecom; Education,assessment; content creation; documentation; gmp; signal systems; troubleshooting,Gaya,0.1020,0,0,0,0,0,1,0,0,1,3
1532,Banking; Finance,audit; customer service; presentation; writing,Surat,0.5368,0,1,1,0,0,0,0,0,1,3
1533,Education; Energy; Healthcare; Banking,accounting; documentation; first aid; patient care; record keeping,Coimbatore,0.7895,0,1,0,1,0,0,0,0,1,3
1534,IT; E-commerce,communication; customer support; field work; java; python; time management,Kozhikode,0.2840,0,0,1,0,0,0,1,0,0,1
1535,Telecom; Electrical; IT,drafting; fiber splicing; javascript; python; teamwork; troubleshooting,Chandigarh,0.8316,0,1,0,1,0,0,0,0,1,3
1536,Railway; Automotive; Healthcare; Logistics,autocad; biostatistics; lab techniques; problem solving; time management; vehicle diagnostics; warehouse ops,New Delhi,0.3474,0,1,1,0,0,0,0,0,1,3
1537,Manufacturing; Logistics; Healthcare; Banking,customer service; first aid; lean; ms excel; procurement; time management,New Delhi,0.9368,0,1,0,0,1,0,0,1,0,2
1538,E-commerce; Automotive,communication; marketplace ops; ms excel; vehicle diagnostics,Jodhpur,0.0947,0,1,0,0,1,0,0,0,1,3
1539,Energy; Education; Railway; E-commerce,classroom management; customer support; drafting; safety; signal systems,Nagpur,0.2480,0,0,0,0,0,1,0,1,0,1
1540,Manufacturing; Banking; Energy; Software,api design; presentation; supply chain; teamwork,Surat,0.8737,1,0,0,0,0,1,0,1,0,2
1541,Software; Healthcare,communication; data structures; first aid; oop; writing,Gurugram,0.0500,0,1,0,0,0,1,0,0,1,3
1542,Education; Logistics,content creation; inventory; lab techniques; presentation; writing,Siliguri,0.2632,0,1,1,0,0,0,1,0,0,1
1543,Energy; Healthcare; Education; Electrical,circuit analysis; content creation; lesson planning; patient care; record keeping; writing,Gurugram,0.4737,1,1,0,0,1,0,0,0,1,3
1544,Electrical; Energy,data analysis; power systems; presentation; problem solving; safety; soldering,Madurai,0.1158,0,1,0,0,1,0,0,1,0,1
1545,IT; Software; Banking; Finance,javascript; python; react; time management,Cuttack,0.6140,0,1,0,0,1,0,1,0,0,3
1546,Telecom; E-commerce; IT,fiber splicing; html; java; order management; problem solving; troubleshooting; writing,Patna,0.6600,1,1,0,0,1,0,1,0,0,1
1547,Automotive; IT; Energy,javascript; linux; operations; python; statistics,Kozhikode,0.3263,0,1,1,0,0,0,0,0,1,0
1548,IT; Telecom,presentation; python; qc; testing; writing,Kozhikode,0.8700,0,0,1,0,0,0,0,1,0,1
1549,IT; Finance; E-commerce; Automotive,presentation; python; time management; vehicle diagnostics,Mangaluru,0.5860,1,0,0,1,0,0,0,1,0,1
1550,E-commerce; Automotive; Railway; Finance,cad; quality checks; signal systems; supply chain; writing,Surat,0.5158,0,0,0,0,1,0,0,1,0,1
1551,Education; Healthcare,accounting; biostatistics; communication; first aid; record keeping; writing,Mysuru,0.4526,0,1,0,1,0,0,0,0,1,4
1552,Electrical; Education; Telecom,assessment; communication; documentation; lesson planning; pcb design; troubleshooting,Ludhiana,0.2640,0,1,0,0,1,0,1,0,0,1
1553,Manufacturing; Logistics; Electrical; Software,cam; inventory; pcb design; procurement; six sigma,Nagpur,0.1360,0,1,0,0,0,1,0,0,1,3
1554,Education; IT; Electrical; Railway,communication; embedded; git; lab safety; operations; problem solving; react; safety,Pune,0.7880,1,1,0,1,0,0,0,0,1,3
1555,Electrical; Education; Automotive; Telecom,classroom management; networking; presentation; rf planning; soil testing,Chandigarh,0.9520,0,0,0,0,0,1,0,1,0,0
1556,Software; Automotive; Banking,accounting; audit; field work; writing,Thiruvananthapuram,0.5789,1,0,1,0,0,0,0,0,1,1
1557,E-commerce; Automotive; Railway,communication; documentation; order management; research,Bengaluru,0.5158,0,1,1,0,0,0,1,0,0,2
1558,Software; Healthcare; Education,api design; biostatistics; communication; content creation,Patna,0.7160,0,0,0,0,1,0,0,1,0,0
1559,Finance; Healthcare,assessment; communication; first aid; gst; lab techniques; presentation,Warangal,0.9500,0,1,0,0,0,1,0,1,0,1
1560,Automotive; E-commerce; Logistics; Healthcare,adobe xd; assembly; customer support; inventory; presentation; quality checks; routing,Chandigarh,0.2360,1,0,0,1,0,0,1,0,0,3
1561,Education; Railway; Automotive; E-commerce,cad; customer support; lesson planning; marketplace ops; soil testing; time management,Mumbai,0.2340,0,0,0,0,1,0,0,0,1,1
1562,Telecom; Software,api design; communication; docker; networking; operations; teamwork; time management; writing,New Delhi,0.7280,0,1,0,1,0,0,0,0,1,1
1563,Software; Finance; Automotive,data structures; financial modeling; gst; lesson planning; presentation; teamwork; vehicle diagnostics,Jodhpur,0.7340,0,1,0,0,1,0,0,1,0,0
1564,Electrical; Education,assessment; classroom management; communication; ms excel; soldering,Ahmedabad,0.3474,1,1,0,0,0,1,0,0,1,3
1565,Telecom; Manufacturing,fiber splicing; lean; pharmacology; presentation; qc; rf planning; supply chain,Patna,0.3684,0,1,0,0,1,0,0,1,0,3
1566,Railway; Banking; Education,classroom management; content creation; customer service; excel; legal research; time management,Ahmedabad,0.8105,1,1,0,0,0,1,0,1,0,1
1567,Education; Finance; Railway; Software,communication; data structures; docker; lab safety; maintenance; teamwork,Chandigarh,0.9080,0,0,0,1,0,0,0,0,1,3
1568,E-commerce; Education; Banking,audit; communication; lesson planning; statistics; time management; writing,Patna,0.6842,0,1,0,0,0,1,0,1,0,2
1569,Automotive; Railway,maintenance; ms excel; operations; problem solving; reporting; teamwork; time management,Ahmedabad,0.8480,0,1,1,0,0,0,0,0,1,1
1570,Healthcare; Banking; E-commerce,accounting; communication; customer service; qc,New Delhi,0.8180,0,1,1,0,0,0,1,0,0,2
1571,IT; Logistics; Finance; Energy,audit; documentation; html; maintenance; ms excel; testing; warehouse ops,Nagpur,0.5368,0,1,0,0,0,1,1,0,0,2
1572,Railway; Banking; Manufacturing,audit; lean; problem solving; quality control,Gwalior,0.6000,1,0,0,0,1,0,0,0,1,1
1573,Energy; IT; Manufacturing; Automotive,cad; javascript; quality control; vehicle diagnostics,Coimbatore,0.3053,1,1,0,1,0,0,1,0,0,0
1574,Electrical; Education,autocad; pcb design; project management; teaching; teamwork; writing,Bhubaneswar,0.0060,0,1,0,0,1,0,1,0,0,3
1575,Healthcare; Railway,drafting; record keeping; safety; writing,Faridabad,0.4500,1,1,1,0,0,0,0,1,0,3
1576,Electrical; IT; Software; Logistics,css; embedded; html; python; sql; teamwork; warehouse ops,Mumbai,0.6421,1,1,1,0,0,0,0,0,1,2
1577,Electrical; Automotive,assembly; circuit analysis; ui principles; writing,Kochi,0.8120,0,1,0,0,1,0,0,0,1,1
1578,Finance; Energy; Education; Software,classroom management; docker; power systems; problem solving; safety,Noida,0.6421,0,1,1,0,0,0,0,1,0,1
1579,Manufacturing; Software,cnc; oop; presentation; six sigma; supply chain,Bengaluru,0.3474,1,1,0,1,0,0,0,0,1,2
1580,Education; Automotive; E-commerce,assembly; assessment; customer support; order management,Coimbatore,0.9780,0,1,1,0,0,0,0,1,0,0
1581,Energy; Banking,accounting; operations; presentation; problem solving,Cuttack,0.0526,0,1,0,0,1,0,0,0,1,0
1582,Banking; Finance,communication; financial modeling; pharmacology; presentation; qc; writing,Udaipur,0.8947,0,1,1,0,0,0,0,0,1,1
1583,Education; Software; Electrical,api design; assessment; classroom management; power systems; teamwork; writing,Warangal,0.3684,0,1,0,1,0,0,0,1,0,3
1584,IT; Manufacturing; Automotive; Finance,git; java; ms excel; problem solving; sql,Kolkata,0.3895,0,1,0,0,0,1,1,0,0,3
1585,Finance; Education; Banking; Healthcare,assessment; content creation; patient care; tally; teaching,Mangaluru,0.7240,0,0,0,0,0,1,0,1,0,1
1586,Education; Electrical,assessment; communication; gmp; presentation; soldering; teamwork,Gwalior,0.9760,0,1,0,0,1,0,1,0,0,2
1587,E-commerce; Electrical,embedded; marketplace ops; order management; presentation,Kolkata,0.1580,0,1,0,0,0,1,0,0,1,1
1588,Automotive; Electrical,assembly; cad; communication; pcb design; presentation; problem solving; teamwork,Bhopal,0.7474,0,1,0,0,1,0,0,0,1,1
1589,Banking; Railway; Automotive,assembly; excel; pharmacology; presentation; signal systems; time management,Lucknow,0.9000,0,1,0,0,0,1,0,1,0,3
1590,Healthcare; Energy,biostatistics; first aid; lab techniques; operations; teamwork,Kolkata,0.7263,0,0,0,0,0,1,0,0,1,1
1591,Railway; Education; Telecom; Software,algorithms; communication; data structures; operations; presentation; signal systems; teaching; teamwork,Bengaluru,0.2980,0,0,0,0,1,0,0,0,1,1
1592,Finance; Software,basic life support; documentation; financial modeling; presentation; writing,Ludhiana,0.9520,0,1,0,0,1,0,0,0,1,0
1593,Manufacturing; E-commerce; Automotive,customer support; lab techniques; lean; statistics; supply chain,Gurugram,0.3684,1,1,0,0,0,1,0,0,1,2
1594,IT; Finance; Healthcare; Banking,accounting; biostatistics; communication; customer service; patient care; pharmacology; record keeping; writing,Kozhikode,0.2000,1,1,1,0,0,0,0,1,0,3
1595,Logistics; Manufacturing; IT,content writing; java; linux; teamwork; time management,Mumbai,0.7260,1,0,0,0,1,0,1,0,0,2
1596,Automotive; Electrical; Banking; Healthcare,accounting; embedded; presentation; problem solving; supply chain; vehicle diagnostics,Warangal,0.1789,1,1,1,0,0,0,0,0,1,4
1597,Telecom; IT; Healthcare,communication; css; java; javascript; lab techniques; python; time management,Patna,0.2900,0,0,0,1,0,0,0,0,1,2
1598,Manufacturing; Telecom; Energy,communication; networking; rf planning; safety; teamwork; writing,Noida,0.7600,1,1,0,1,0,0,0,0,1,2
1599,Energy; Logistics,communication; maintenance; problem solving; safety; teamwork; warehouse ops,Hyderabad,0.3240,1,0,1,0,0,0,0,1,0,3
1600,Energy; Banking,documentation; financial modeling; power systems; presentation,Gurugram,0.7580,1,0,0,0,1,0,0,1,0,3
1601,Software; Railway; Electrical; Automotive,algorithms; circuit analysis; communication; embedded; oop; power systems; presentation; writing,Ludhiana,0.4260,0,1,1,0,0,0,0,0,1,3
1602,Banking; Software; Electrical,accounting; api design; audit; basic life support; circuit analysis; embedded; excel; presentation,Vadodara,0.9579,0,1,0,0,1,0,0,0,1,3
1603,Automotive; IT,accounting; html; market research; testing; time management,Chandigarh,0.6211,0,0,0,0,0,1,0,1,0,3
1604,Telecom; Healthcare,biostatistics; networking; record keeping; rf planning; teaching; writing,Bhopal,0.1100,0,0,0,1,0,0,0,0,1,3
1605,Logistics; Healthcare,ms excel; patient care; teamwork; warehouse ops,Warangal,0.0947,0,0,0,0,0,1,1,0,0,1
1606,Education; Energy; Software; Manufacturing,cad; content creation; excel; market research; problem solving; teamwork,Madurai,0.1060,1,1,1,0,0,0,0,1,0,1
1607,Finance; Banking; IT; Electrical,audit; figma; git; gst; pcb design; presentation; tally,Kanpur,0.3684,0,0,0,0,1,0,1,0,0,1
1608,Logistics; Telecom; Railway,design basics; documentation; fiber splicing; signal systems; teamwork,Ludhiana,0.6211,0,0,0,0,0,1,0,1,0,3
1609,IT; Telecom,git; networking; python; research; rf planning; sql; teamwork; troubleshooting,New Delhi,0.6220,0,0,1,0,0,0,0,1,0,2
1610,Education; Telecom; IT,classroom management; content creation; field work; java,Hyderabad,0.2421,0,0,0,0,1,0,0,0,1,1
1611,Healthcare; Software; Railway,algorithms; docker; oop; signal systems; teamwork,Patna,0.6421,1,0,0,1,0,0,0,0,1,1
1612,Education; Healthcare; Manufacturing,cam; classroom management; first aid; lab techniques; lean; lesson planning; patient care; teamwork,Bengaluru,0.2240,0,1,0,0,0,1,0,0,1,4
1613,Electrical; Energy,documentation; reporting; soldering; time management,Nagpur,0.8316,0,1,0,0,0,1,1,0,0,1
1614,Software; Automotive,algorithms; data structures; oop; presentation; time management,Chennai,0.2000,0,1,0,0,1,0,1,0,0,2
1615,Software; E-commerce; Manufacturing; Healthcare,communication; first aid; quality control; supply chain,Ahmedabad,0.5158,0,0,0,0,0,1,0,0,1,2
1616,Software; Logistics; Railway,algorithms; documentation; excel; maintenance; ms excel; procurement; safety; time management,Siliguri,0.7895,0,1,0,1,0,0,0,0,1,0
1617,Railway; Healthcare,documentation; lab techniques; maintenance; operations; patient care; presentation; record keeping; signal systems,Patna,0.7895,0,0,1,0,0,0,0,1,0,4
1618,E-commerce; Education,communication; content creation; excel; teaching; teamwork; time management; writing,Lucknow,0.7920,1,1,1,0,0,0,1,0,0,3
1619,Banking; Railway,communication; maintenance; operations; safety; soil testing; teamwork; writing,Ludhiana,0.7520,0,0,0,0,1,0,0,1,0,3
1620,Manufacturing; Telecom,cnc; field work; quality control; six sigma,Ludhiana,0.7053,0,1,0,0,1,0,0,0,1,3
1621,Education; Railway; Finance,classroom management; financial modeling; lesson planning; presentation; safety; ui principles,Mangaluru,0.0440,0,0,0,0,1,0,0,0,1,3
1622,Finance; Telecom; Energy; Railway,audit; problem solving; time management; writing,Hyderabad,0.4240,1,1,0,1,0,0,0,1,0,1
1623,Banking; Electrical,autocad; customer service; embedded; excel; problem solving; soldering,Bengaluru,0.3053,0,0,0,0,1,0,1,0,0,4
1624,Electrical; Healthcare; Telecom; Automotive,lab techniques; patient care; power systems; soldering,Kanpur,0.2620,1,0,0,1,0,0,0,1,0,2
1625,Software; Telecom; Automotive; IT,api design; gmp; pharmacology; qc; quality checks; react,Kanpur,0.3100,1,1,0,1,0,0,0,1,0,3
1626,Software; Healthcare,accounting; algorithms; communication; data structures; lab techniques; presentation; record keeping,Warangal,0.8660,1,1,0,1,0,0,0,0,1,3
1627,Education; Logistics,communication; teamwork; time management; warehouse ops,Mysuru,0.8526,0,1,0,0,0,1,0,0,1,4
1628,Logistics; IT; E-commerce; Railway,java; procurement; warehouse ops; writing,Nagpur,0.1158,1,1,1,0,0,0,1,0,0,2
1629,Electrical; Automotive; Manufacturing; Software,cam; communication; oop; quality checks; soldering; supply chain; teamwork; time management,New Delhi,0.0737,1,1,0,0,1,0,0,1,0,3
1630,Manufacturing; Electrical,accounting; circuit analysis; embedded; excel; market research; problem solving; six sigma,Noida,0.3180,0,1,0,1,0,0,1,0,0,1
1631,Automotive; Logistics,presentation; procurement; routing; supply chain; time management; vehicle diagnostics,Kanpur,0.6842,0,1,1,0,0,0,1,0,0,3
1632,Railway; Automotive; Software,docker; operations; teamwork; time management,Indore,0.6400,0,1,0,0,0,1,0,1,0,1
1633,Banking; IT; E-commerce,accounting; customer support; python; writing,Hyderabad,0.6000,1,1,0,0,0,1,0,1,0,2
1634,Banking; Manufacturing; Electrical,audit; cad; circuit analysis; customer service; financial modeling; time management,Cuttack,0.9158,0,0,0,0,1,0,1,0,0,0
1635,Healthcare; Railway,documentation; record keeping; safety; writing,Bhubaneswar,0.6760,0,1,0,0,0,1,0,1,0,1
1636,Finance; Automotive; Telecom; Banking,audit; customer service; networking; tally; troubleshooting; writing,Warangal,0.4100,0,1,1,0,0,0,1,0,0,2
1637,Logistics; Banking,basic life support; communication; inventory; presentation; problem solving,New Delhi,0.3180,0,1,1,0,0,0,1,0,0,1
1638,Finance; Automotive; IT; Railway,css; java; javascript; market research; react; tally; teamwork; time management,Bhopal,0.6211,0,0,0,0,1,0,0,0,1,4
1639,Healthcare; E-commerce,biostatistics; customer support; marketplace ops; patient care; teamwork,Lucknow,0.7053,1,1,0,0,0,1,1,0,0,1
1640,Energy; Software,communication; data structures; operations; presentation; teamwork,Gwalior,0.5400,0,1,1,0,0,0,1,0,0,3
1641,Railway; Energy; Finance,communication; power systems; safety; time management; writing,Ludhiana,0.8316,1,1,1,0,0,0,1,0,0,3
1642,Manufacturing; Railway; Telecom; Logistics,cnc; fiber splicing; lean; supply chain,Jaipur,0.7053,1,0,0,0,0,1,1,0,0,3
1643,Finance; E-commerce; Railway,audit; cataloging; customer support; gst; maintenance; operations; tally; teamwork,Surat,0.6500,0,0,0,0,1,0,0,0,1,2
1644,Electrical; Railway; Banking,accounting; audit; lab techniques; pcb design; signal systems; time management,Pune,0.2240,0,1,0,0,1,0,0,0,1,3
1645,Manufacturing; Automotive,cad; cam; communication; quality checks; teamwork,Ludhiana,0.7053,0,1,0,0,1,0,0,1,0,3
1646,Logistics; Energy; Education,communication; content writing; design basics; documentation; inventory; routing; teamwork; writing,New Delhi,0.3460,1,0,0,0,0,1,0,0,1,3
1647,Education; Automotive; IT,field work; html; lesson planning; problem solving; soil testing; teaching; time management; writing,Mangaluru,0.4820,0,1,0,0,0,1,1,0,0,0
1648,E-commerce; Electrical; Education; Banking,communication; financial modeling; lesson planning; marketplace ops; order management; power systems,New Delhi,0.1400,1,1,0,0,1,0,1,0,0,3
1649,Logistics; Telecom; Manufacturing,inventory; rf planning; six sigma; teamwork; warehouse ops,Faridabad,0.3660,0,1,0,0,0,1,0,1,0,1
1650,Energy; Education,assessment; classroom management; communication; content writing; design basics; maintenance; time management; writing,Faridabad,0.8316,0,0,0,0,0,1,0,1,0,3
1651,Logistics; Energy; Telecom,communication; documentation; inventory; ms excel; networking; operations; procurement; troubleshooting,Thiruvananthapuram,0.8120,1,1,1,0,0,0,0,0,1,0
1652,Logistics; Energy; Education,maintenance; safety; statistics; teaching,Kolkata,0.5158,0,1,0,0,1,0,0,0,1,3
1653,Manufacturing; E-commerce,cnc; communication; lean; ms excel; operations; quality control; supply chain,Gaya,0.6842,0,1,0,0,1,0,0,1,0,3
1654,Logistics; Telecom; Banking,field work; inventory; procurement; rf planning; routing; soil testing; teamwork,Hyderabad,0.0737,1,1,1,0,0,0,0,1,0,4
1655,IT; Automotive; Electrical,cad; git; javascript; testing,Faridabad,0.8580,0,0,0,0,0,1,1,0,0,2
1656,Finance; Healthcare; Logistics; Automotive,assembly; excel; ms excel; presentation; problem solving; routing; warehouse ops; writing,Lucknow,0.9789,0,1,0,0,0,1,0,1,0,1
1657,IT; Manufacturing; Railway,cad; cam; css; documentation; operations; presentation; safety; teamwork,Udaipur,0.4200,1,0,0,1,0,0,0,1,0,1
1658,Railway; Banking; Automotive; Energy,documentation; quality checks; signal systems; time management; writing,Patna,0.3895,1,1,0,1,0,0,0,1,0,2
1659,Banking; E-commerce; Manufacturing,assessment; audit; customer service; lean; order management; problem solving; six sigma,Lucknow,0.7263,0,1,0,0,1,0,1,0,0,3
1660,Finance; Education; Manufacturing,content creation; lean; supply chain; tally,New Delhi,0.3960,0,0,0,1,0,0,1,0,0,2
1661,Banking; Manufacturing; Electrical,accounting; audit; cad; excel; financial modeling; quality control; writing,Jaipur,0.9579,0,0,1,0,0,0,0,0,1,3
1662,Energy; Manufacturing,autocad; cam; maintenance; power systems; presentation; quality control; safety; teamwork,Ludhiana,0.8760,0,1,0,0,0,1,0,0,1,3
1663,Manufacturing; Electrical; Education; Railway,assessment; cam; embedded; lean; lesson planning; quality control; signal systems,Cuttack,0.4100,0,1,0,0,1,0,0,0,1,0
1664,Education; Banking; Railway; Finance,assessment; classroom management; content creation; excel; financial modeling; lesson planning; signal systems; teamwork,Mangaluru,0.3474,1,1,0,1,0,0,1,0,0,3
1665,Banking; Telecom; Education,assessment; classroom management; communication; content creation; presentation; problem solving; teamwork,Patna,0.8737,0,0,1,0,0,0,0,0,1,3
1666,Finance; Software,algorithms; docker; gst; teamwork,Cuttack,0.0620,1,0,0,0,1,0,0,1,0,4
1667,Software; Manufacturing; Education; E-commerce,assessment; customer support; quality control; teaching,Gurugram,0.8420,1,0,0,1,0,0,0,1,0,4
1668,Railway; E-commerce; Electrical,communication; operations; order management; time management; writing,Kozhikode,0.6421,0,0,0,0,1,0,1,0,0,1
1669,Finance; IT; Banking,accounting; field work; java; linux; python; sql; testing; time management,Thiruvananthapuram,0.7680,0,0,0,1,0,0,0,1,0,1
1670,E-commerce; IT; Electrical,assessment; circuit analysis; marketplace ops; power systems; presentation; soldering,Noida,0.6211,1,1,0,0,1,0,0,1,0,1
1671,Logistics; Finance,content writing; design basics; gst; problem solving; research; routing,Mysuru,0.7263,1,0,0,0,0,1,0,1,0,1
1672,E-commerce; Telecom; Finance; Logistics,customer support; gst; inventory; market research; procurement; teamwork,New Delhi,0.3080,0,1,0,0,0,1,0,1,0,1
1673,Banking; Energy; E-commerce,audit; cataloging; customer service; order management; presentation; problem solving; writing,Siliguri,0.6211,1,1,0,0,0,1,0,0,1,3
1674,IT; Telecom,css; fiber splicing; java; rf planning,Warangal,0.5060,0,1,0,0,0,1,0,1,0,1
1675,Telecom; Energy; Healthcare; Education,adobe xd; communication; fiber splicing; rf planning; safety,Gwalior,0.4980,0,0,1,0,0,0,0,0,1,1
1676,Electrical; Healthcare; Manufacturing; Energy,biostatistics; cnc; first aid; pcb design; six sigma; teamwork; writing,Chennai,0.6280,0,1,0,0,1,0,0,1,0,1
1677,Manufacturing; Automotive,assembly; assessment; teaching; teamwork; writing,Warangal,0.4737,1,0,0,1,0,0,0,1,0,2
1678,Software; Finance; Telecom; E-commerce,assessment; fiber splicing; gst; time management,Bhopal,0.5880,1,1,0,1,0,0,0,0,1,3
1679,Education; Logistics; Automotive,content creation; ms excel; problem solving; quality checks,Gwalior,0.5280,0,1,1,0,0,0,0,0,1,3
1680,Electrical; IT; E-commerce; Healthcare,biostatistics; html; linux; order management; presentation; soldering; writing,Vadodara,0.7820,0,1,0,0,1,0,1,0,0,1
1681,Railway; Logistics,drafting; inventory; legal research; ms excel; presentation; problem solving; procurement; safety,Jaipur,0.6940,1,0,0,1,0,0,0,0,1,3
1682,E-commerce; Electrical; Railway; Finance,cataloging; communication; excel; marketplace ops; presentation; soldering; time management,Warangal,0.6632,0,1,0,0,0,1,0,0,1,0
1683,Energy; Railway; Electrical,communication; lab safety; safety; signal systems; soldering,Mangaluru,0.3263,0,1,0,0,1,0,1,0,0,0
1684,Automotive; Railway,cad; soil testing; supply chain; writing,Indore,0.1560,0,0,0,1,0,0,1,0,0,3
1685,E-commerce; Banking,accounting; cataloging; customer service; financial modeling; market research; presentation; problem solving; teamwork,Mysuru,0.8737,1,1,0,0,1,0,0,0,1,2
1686,Education; E-commerce; Software; Finance,accounting; cataloging; classroom management; data structures; excel; gst; project management; writing,Siliguri,0.2160,0,1,1,0,0,0,1,0,0,2
1687,Energy; Education,lesson planning; maintenance; power systems; problem solving; teaching; time management; writing,Bhubaneswar,0.1440,0,1,0,1,0,0,1,0,0,1
1688,Logistics; IT,java; linux; pharmacology; sql; teamwork; testing; writing,Siliguri,0.1700,0,0,1,0,0,0,0,1,0,1
1689,Railway; IT; Education; Banking,classroom management; content creation; java; javascript; lesson planning; linux; safety; signal systems,Bhubaneswar,0.6140,0,0,0,0,1,0,0,1,0,1
1690,IT; Healthcare,first aid; html; javascript; ui principles,Cuttack,0.6842,1,1,1,0,0,0,0,1,0,0
1691,Railway; E-commerce; Banking,adobe xd; customer service; figma; presentation; time management,Coimbatore,0.1368,0,1,1,0,0,0,0,0,1,1
1692,IT; Education; Railway; Energy,assessment; content creation; lesson planning; presentation; python; signal systems; sql; teaching,Udaipur,0.8640,0,0,0,0,1,0,0,1,0,2
1693,Finance; Automotive; Software,cad; docker; figma; gst; quality checks; tally; teamwork; writing,Faridabad,0.6040,1,0,0,1,0,0,1,0,0,1
1694,Healthcare; Energy; Finance,accounting; power systems; problem solving; record keeping,Chennai,0.9580,0,1,1,0,0,0,0,1,0,1
1695,IT; Energy,communication; documentation; git; linux; power systems; presentation,Gaya,0.6421,0,0,0,0,1,0,1,0,0,1
1696,Energy; Logistics; IT; Software,algorithms; documentation; javascript; maintenance; sql; teaching,Patna,0.4737,0,0,0,0,1,0,0,0,1,1
1697,E-commerce; Healthcare; Banking,audit; communication; customer support; documentation; order management,Cuttack,0.7980,0,1,0,1,0,0,0,0,1,3
1698,Software; Automotive,communication; market research; problem solving; supply chain,Mangaluru,0.6211,1,0,1,0,0,0,0,1,0,3
1699,Healthcare; Electrical; Energy; Railway,circuit analysis; lab techniques; power systems; problem solving; safety; writing,Nagpur,0.9960,1,0,0,0,0,1,1,0,0,3
1700,Logistics; Banking; Education; IT,classroom management; java; linux; testing; warehouse ops,Mysuru,0.6842,1,0,0,1,0,0,1,0,0,1
1701,Healthcare; Automotive; Electrical,assessment; first aid; power systems; quality checks; vehicle diagnostics,Lucknow,0.1789,0,1,0,1,0,0,1,0,0,3
1702,E-commerce; Logistics; Electrical,marketplace ops; pcb design; presentation; procurement; warehouse ops,Kanpur,0.3053,0,1,1,0,0,0,0,1,0,4
1703,Education; Energy; Healthcare,documentation; lab techniques; lesson planning; presentation,Gaya,0.9860,1,0,1,0,0,0,0,1,0,2
1704,Finance; Education; Logistics,accounting; lesson planning; warehouse ops; writing,Udaipur,0.5220,0,1,0,0,0,1,0,1,0,1
1705,Logistics; Telecom,data analysis; lab techniques; procurement; rf planning; warehouse ops; writing,Gwalior,0.2842,0,1,0,1,0,0,1,0,0,2
1706,Automotive; Banking,customer service; financial modeling; operations; quality checks; supply chain; teamwork; writing,Nagpur,0.4020,0,0,0,0,1,0,0,0,1,3
1707,Education; Software; E-commerce; IT,classroom management; css; html; javascript; linux; time management,Mangaluru,0.8420,0,0,1,0,0,0,0,1,0,2
1708,Finance; Telecom; Electrical; Automotive,audit; circuit analysis; gst; legal research; networking; power systems; teamwork,Gwalior,0.4800,0,0,0,1,0,0,1,0,0,3
1709,IT; Banking; Automotive; E-commerce,assembly; html; order management; sql; supply chain; time management,Gurugram,0.1080,1,1,0,0,0,1,0,0,1,3
1710,IT; Telecom; Railway,excel; fiber splicing; html; maintenance; networking; safety; signal systems,Indore,0.5520,1,0,1,0,0,0,0,0,1,1
1711,Banking; Manufacturing; Education,accounting; excel; presentation; teamwork,Mangaluru,0.9860,1,0,1,0,0,0,0,1,0,3
1712,IT; Banking; Education; Electrical,accounting; customer service; drafting; embedded; pcb design; problem solving; sql; writing,Jaipur,0.0160,0,1,0,1,0,0,0,1,0,2
1713,Logistics; Electrical; Railway; Automotive,assembly; power systems; problem solving; soil testing; soldering; teamwork,Bhubaneswar,0.1800,1,1,1,0,0,0,0,1,0,3
1714,E-commerce; Automotive,cataloging; lab techniques; problem solving; statistics; supply chain,Indore,0.4780,1,0,0,1,0,0,1,0,0,3
1715,Software; Education; Energy,algorithms; api design; communication; power systems,Kochi,0.0737,1,1,0,0,1,0,0,0,1,3
1716,Banking; Energy; Finance; Telecom,accounting; communication; problem solving; safety,Kochi,0.0526,1,1,0,0,1,0,0,0,1,2
1717,Automotive; Banking,assembly; financial modeling; problem solving; quality checks,Ludhiana,0.3180,0,0,0,1,0,0,0,0,1,1
1718,Education; Electrical; Banking; Energy,circuit analysis; content creation; documentation; lesson planning; maintenance; presentation; problem solving; writing,Hyderabad,0.7263,1,0,0,1,0,0,1,0,0,2
1719,Railway; Software; Telecom,api design; communication; docker; market research; operations; rf planning; signal systems,Bhopal,0.0960,0,1,1,0,0,0,0,0,1,1
1720,Manufacturing; Finance; Railway,cam; signal systems; supply chain; writing,Surat,0.2211,0,1,0,0,0,1,0,1,0,1
1721,Automotive; IT; Railway; Electrical,html; pcb design; sql; testing,Pune,0.4500,0,1,0,0,1,0,1,0,0,0
1722,Finance; Railway; Automotive; Energy,assembly; presentation; safety; signal systems,Jaipur,0.9080,0,1,0,1,0,0,0,0,1,3
1723,Education; IT; Telecom,assessment; classroom management; html; linux; react; sql; testing; writing,Jaipur,0.9158,0,1,0,0,1,0,0,1,0,3
1724,Automotive; Software; Finance; Energy,accounting; gst; oop; problem solving; quality checks; time management,Indore,0.7053,0,1,0,0,0,1,0,1,0,3
1725,Education; Electrical; Automotive,assembly; circuit analysis; classroom management; communication; ui principles; writing,Siliguri,0.2880,0,1,0,0,0,1,0,1,0,3
1726,Electrical; Finance; IT,audit; documentation; java; lab safety; presentation; sql; writing,Lucknow,0.0540,1,1,0,1,0,0,0,0,1,2
1727,Electrical; Energy; Finance; Railway,basic life support; operations; power systems; presentation; problem solving; tally; writing,Gurugram,0.8300,0,1,0,0,1,0,0,1,0,1
1728,E-commerce; Electrical; Manufacturing,cam; communication; operations; problem solving; teamwork,Gaya,0.3200,1,0,0,1,0,0,0,0,1,3
1729,IT; Energy; Healthcare,data analysis; documentation; linux; power systems; writing,Vadodara,0.2800,1,0,0,1,0,0,0,0,1,3
1730,Railway; Education; Logistics,inventory; ms excel; routing; signal systems; supply chain; teaching,Bhopal,0.3640,0,0,0,1,0,0,0,0,1,3
1731,Telecom; Manufacturing,matlab; problem solving; quality control; writing,Patna,0.4737,0,1,1,0,0,0,0,1,0,3
1732,E-commerce; Software,adobe xd; communication; data structures; figma; presentation; problem solving; time management; writing,Hyderabad,0.2632,1,1,0,1,0,0,1,0,0,1
1733,Education; Logistics,assessment; communication; operations; procurement; routing,Faridabad,0.6632,1,1,0,1,0,0,0,1,0,2
1734,Education; Energy; IT,basic life support; content creation; css; lab safety; operations; power systems; sql; writing,Ludhiana,0.7895,0,0,0,0,0,1,0,1,0,1
1735,Manufacturing; Healthcare; Railway,biostatistics; first aid; lab techniques; lean; market research; presentation; record keeping; teamwork,Mysuru,0.1300,0,1,1,0,0,0,0,1,0,0
1736,Automotive; Banking; Energy,accounting; assembly; problem solving; safety; vehicle diagnostics,Chandigarh,0.5368,1,1,1,0,0,0,0,0,1,3
1737,Software; IT; Railway; Telecom,data analysis; linux; networking; react,Cuttack,0.0740,0,1,0,0,1,0,0,0,1,1
1738,Telecom; Healthcare; Electrical; IT,case analysis; fiber splicing; first aid; lab techniques; presentation; record keeping; soldering; testing,Gaya,0.1220,0,1,0,0,1,0,0,1,0,1
1739,Manufacturing; Energy; Healthcare,autocad; cnc; documentation; lab techniques; patient care; presentation; safety,Chandigarh,0.4260,0,0,0,0,1,0,0,1,0,3
1740,Electrical; IT; Automotive; Education,assembly; java; react; soldering; testing; time management; vehicle diagnostics,Kanpur,0.9579,0,0,0,0,0,1,0,1,0,2
1741,IT; Finance; Railway; Manufacturing,accounting; html; lab techniques; safety; supply chain; testing,New Delhi,0.0780,0,0,0,0,1,0,0,1,0,3
1742,Finance; Electrical; Education; E-commerce,accounting; assessment; classroom management; marketplace ops; order management; project management; tally,Thiruvananthapuram,0.4960,0,0,0,0,1,0,1,0,0,3
1743,Healthcare; Telecom,communication; gmp; pharmacology; problem solving; qc; teamwork; writing,Mumbai,0.6211,0,0,0,0,1,0,0,0,1,3
1744,Healthcare; Automotive; Finance; Logistics,audit; gst; teamwork; warehouse ops,Indore,0.4380,1,1,1,0,0,0,1,0,0,3
1745,E-commerce; Telecom,cataloging; customer support; fiber splicing; rf planning; soil testing,Cuttack,0.3053,1,0,0,1,0,0,0,1,0,3
1746,Education; Telecom; Software,api design; data analysis; data structures; networking; presentation; time management; writing,Vadodara,0.8440,0,1,0,0,1,0,0,1,0,0
1747,E-commerce; Automotive; Railway,assembly; cataloging; ms excel; order management; problem solving; safety; vehicle diagnostics; writing,Madurai,0.1579,0,0,1,0,0,0,1,0,0,0
1748,Software; Logistics; Telecom,problem solving; reporting; teamwork; warehouse ops,Gwalior,0.3580,0,1,0,1,0,0,0,1,0,1
1749,Manufacturing; Banking; Software,audit; docker; financial modeling; gmp,Warangal,0.3860,0,1,0,0,1,0,0,1,0,1
1750,Education; Software,api design; assessment; classroom management; content creation; data structures; figma; presentation; teamwork,Kochi,0.0420,0,1,0,0,0,1,1,0,0,3
1751,Electrical; Telecom; Railway,communication; networking; power systems; qc; rf planning; soldering; teamwork; troubleshooting,Gaya,0.2632,0,1,0,1,0,0,0,1,0,1
1752,Manufacturing; E-commerce,cam; customer support; order management; qc; six sigma; writing,Kolkata,0.3053,1,1,0,0,1,0,1,0,0,3
1753,Electrical; Education; Healthcare,classroom management; lab techniques; record keeping; soldering; teaching; teamwork,Warangal,0.9789,0,1,1,0,0,0,0,0,1,0
1754,Railway; IT; Manufacturing; Software,git; oop; problem solving; signal systems; writing,Bhopal,0.7420,1,1,0,0,0,1,0,0,1,3
1755,Automotive; Logistics; Railway,assembly; autocad; documentation; ms excel; safety; supply chain; vehicle diagnostics; warehouse ops,Pune,0.6440,0,1,0,0,1,0,0,1,0,1
1756,Healthcare; Automotive; Education; Energy,classroom management; content creation; lab techniques; record keeping; teamwork; vehicle diagnostics,Jaipur,0.7440,0,1,0,0,1,0,0,0,1,3
1757,Healthcare; Telecom,excel; lab techniques; market research; presentation; problem solving; record keeping; teamwork; troubleshooting,Jodhpur,0.6000,0,0,0,0,0,1,0,0,1,3
1758,Banking; Telecom; Manufacturing; Software,cam; communication; content writing; excel; presentation; problem solving,Cuttack,0.5020,1,0,0,0,1,0,0,0,1,2
1759,Logistics; Automotive; Energy,assembly; documentation; procurement; routing; warehouse ops,Bengaluru,0.0600,0,0,0,0,0,1,0,0,1,3
1760,Telecom; Software,communication; data structures; ms excel; operations; teamwork,Kanpur,0.6580,0,1,0,0,1,0,1,0,0,3
1761,Logistics; Finance; Software; IT,communication; javascript; testing; warehouse ops,Vadodara,0.4040,1,1,0,0,1,0,0,1,0,1
1762,Banking; Education,accounting; assessment; data analysis; lab techniques; statistics; teamwork; time management; writing,Madurai,0.1260,1,1,0,0,1,0,1,0,0,4
1763,Railway; IT; Finance; Healthcare,communication; java; patient care; record keeping; sql; testing,Pune,0.1560,1,1,0,0,0,1,0,0,1,3
1764,E-commerce; Railway,communication; customer support; documentation; marketplace ops; presentation; problem solving; safety,Jaipur,0.7053,0,0,0,0,0,1,0,1,0,1
1765,Energy; IT; Railway; Automotive,cad; content writing; design basics; html; operations; signal systems; vehicle diagnostics; writing,Patna,0.0947,1,1,1,0,0,0,0,0,1,1
1766,Electrical; Energy; Software; Railway,algorithms; data structures; documentation; maintenance; oop; problem solving; safety; teamwork,Gurugram,0.6000,0,1,0,0,0,1,0,0,1,3
1767,Logistics; Education; Railway,assessment; operations; presentation; routing; safety; time management; warehouse ops,Jaipur,0.7474,1,1,1,0,0,0,1,0,0,3
1768,Energy; Electrical,communication; embedded; operations; problem solving; safety; soldering; supply chain; time management,Patna,0.5700,0,1,0,0,0,1,0,0,1,3
1769,Healthcare; Energy; Electrical,biostatistics; embedded; patient care; pharmacology; presentation; record keeping; time management,Siliguri,0.8316,0,0,0,0,0,1,1,0,0,3
1770,IT; Telecom; Electrical; Education,communication; embedded; gmp; linux; networking; teaching; teamwork,Chandigarh,0.5789,1,0,0,0,1,0,1,0,0,4
1771,Manufacturing; Railway; Education; Telecom,communication; content creation; presentation; safety; teamwork; troubleshooting,Gurugram,0.4737,1,1,0,0,0,1,1,0,0,1
1772,Manufacturing; Railway; IT,documentation; lean; research; safety; six sigma; sql; supply chain,Gwalior,0.4737,1,0,0,0,0,1,0,0,1,2
1773,Software; Banking; IT,data structures; linux; sql; time management; writing,Siliguri,0.7440,0,0,0,0,1,0,0,0,1,3
1774,Healthcare; Software,api design; data structures; docker; drafting; first aid; patient care; presentation,Gurugram,0.6840,0,1,0,0,0,1,0,1,0,1
1775,Healthcare; Telecom; Automotive,first aid; networking; problem solving; rf planning,Bhopal,0.0720,0,1,1,0,0,0,0,1,0,3
1776,Healthcare; E-commerce; Energy,autocad; first aid; maintenance; marketplace ops; operations; presentation; record keeping; safety,Mangaluru,0.4737,1,0,1,0,0,0,0,0,1,1
1777,Automotive; IT; Telecom; Finance,accounting; communication; git; java; quality checks; sql; teamwork; time management,Bhubaneswar,0.3684,0,0,0,1,0,0,0,0,1,1
1778,IT; Education,assessment; classroom management; teaching; teamwork,New Delhi,0.6421,0,1,1,0,0,0,0,0,1,1
1779,Banking; Telecom; Logistics; Finance,audit; excel; ms excel; networking; procurement; time management; troubleshooting,Gurugram,0.0020,1,0,0,1,0,0,0,0,1,1
1780,Manufacturing; Education,cad; cam; content creation; presentation; quality control; six sigma; supply chain; writing,Bhubaneswar,0.3263,0,0,1,0,0,0,0,0,1,1
1781,IT; Electrical; Healthcare,biostatistics; presentation; soldering; time management,Kolkata,0.6000,0,1,0,1,0,0,0,1,0,3
1782,E-commerce; Education; Telecom; Logistics,qc; rf planning; routing; teaching; time management; warehouse ops,Chandigarh,0.9560,0,1,0,0,1,0,0,0,1,3
1783,Electrical; Automotive,assembly; autocad; embedded; presentation; soldering; time management,Nagpur,0.9960,0,1,0,0,1,0,1,0,0,1
1784,Finance; Telecom; IT,html; java; problem solving; time management,Faridabad,0.1789,0,0,0,0,1,0,0,1,0,1
1785,Manufacturing; Telecom,communication; lab techniques; lean; networking; writing,Chandigarh,0.1579,0,1,0,0,1,0,0,0,1,3
1786,Healthcare; Electrical,data analysis; embedded; patient care; presentation; statistics; teamwork; time management; writing,Hyderabad,0.6842,0,1,0,0,1,0,1,0,0,1
1787,Manufacturing; Energy,cnc; lean; maintenance; time management,Vadodara,0.1060,0,1,0,0,0,1,0,1,0,1
1788,Healthcare; Software; Banking,accounting; data structures; excel; field work; first aid; problem solving; supply chain,Thiruvananthapuram,0.0020,0,1,0,1,0,0,0,1,0,1
1789,Healthcare; Education,accounting; assessment; biostatistics; excel; first aid; patient care; record keeping,Bhubaneswar,0.1380,0,1,0,0,0,1,0,1,0,3
1790,IT; E-commerce; Automotive,assembly; quality checks; react; writing,Lucknow,0.9180,1,1,0,0,0,1,1,0,0,1
1791,Energy; E-commerce,assessment; cataloging; customer support; documentation; lesson planning; writing,Gaya,0.7660,0,1,0,1,0,0,0,1,0,4
1792,Banking; Education; Telecom; Manufacturing,financial modeling; lesson planning; six sigma; time management,New Delhi,0.5920,0,0,1,0,0,0,0,0,1,3
1793,Electrical; Telecom,gmp; pharmacology; power systems; presentation; qc; time management,Mysuru,0.2211,0,0,0,1,0,0,1,0,0,1
1794,Automotive; Education; Railway; Electrical,classroom management; embedded; operations; problem solving; signal systems; teamwork; writing,Faridabad,0.3263,0,0,0,0,0,1,0,0,1,1
1795,IT; Banking,communication; design basics; html; java; javascript; problem solving; react; teamwork,Ludhiana,0.9540,0,1,1,0,0,0,0,1,0,1
1796,Automotive; Manufacturing,assembly; basic life support; cad; documentation; presentation; six sigma; supply chain,Pune,0.3684,0,1,0,0,1,0,1,0,0,2
1797,Finance; Railway; E-commerce,cataloging; gst; order management; supply chain,Mysuru,0.0960,0,1,0,1,0,0,0,1,0,3
1798,Railway; Education,assessment; market research; safety; signal systems; teaching; teamwork,Vadodara,0.3895,0,0,1,0,0,0,0,0,1,4
1799,Banking; E-commerce; Software,audit; customer support; financial modeling; marketplace ops; oop; teamwork,Faridabad,0.1560,0,1,0,1,0,0,1,0,0,1
1800,Education; Electrical,communication; content creation; excel; presentation; problem solving; teaching; teamwork; writing,Mysuru,0.4526,1,0,0,0,1,0,1,0,0,3
1801,Manufacturing; Energy,ms excel; operations; power systems; time management,Patna,0.5789,1,0,0,1,0,0,0,0,1,1
1802,Logistics; Telecom; Manufacturing; Railway,cad; lean; maintenance; market research; procurement; safety; time management; troubleshooting,Cuttack,0.8960,0,1,0,1,0,0,0,1,0,3
1803,Banking; IT; Energy; Automotive,java; quality checks; safety; teamwork; time management,New Delhi,0.3460,1,1,0,0,1,0,0,1,0,1
1804,Education; E-commerce; Railway,assessment; communication; teamwork; time management,Ludhiana,0.6960,1,1,0,1,0,0,1,0,0,3
1805,Education; Energy; Railway; Banking,audit; financial modeling; maintenance; safety; teaching,Mumbai,0.3820,0,0,0,0,0,1,0,0,1,1
1806,Banking; Software,accounting; api design; customer service; data structures; excel; oop; writing,Ahmedabad,0.3474,0,1,0,1,0,0,0,0,1,1
1807,Healthcare; Manufacturing; Railway; Software,algorithms; api design; biostatistics; lean; oop; safety; teaching,Kolkata,0.8880,0,0,1,0,0,0,0,0,1,1
1808,Manufacturing; Finance; Healthcare; Energy,biostatistics; cnc; drafting; financial modeling; maintenance; quality control; supply chain,Ludhiana,0.2480,1,0,0,0,0,1,0,0,1,3
1809,Education; Logistics; Finance; Electrical,content creation; excel; problem solving; soldering; teaching,Gaya,0.7700,0,0,1,0,0,0,0,0,1,3
1810,Energy; Logistics; Healthcare; Finance,assessment; audit; excel; teamwork; writing,Gaya,0.3053,1,0,0,0,0,1,0,1,0,3
1811,Logistics; Electrical; Healthcare; IT,first aid; html; patient care; problem solving,Gwalior,0.5158,1,1,0,1,0,0,0,0,1,3
1812,Logistics; Automotive; Education; Energy,assessment; cad; content creation; gmp; problem solving; time management,New Delhi,0.9500,0,1,1,0,0,0,1,0,0,1
1813,Energy; Software; IT,api design; css; git; react; time management,Cuttack,0.4316,0,1,1,0,0,0,0,1,0,2
1814,Logistics; Electrical; Education,circuit analysis; classroom management; lesson planning; ms excel; presentation; teamwork; time management; writing,Warangal,0.7220,0,0,0,1,0,0,0,0,1,3
1815,Telecom; Energy,communication; fiber splicing; networking; problem solving; rf planning; teamwork,Mumbai,0.9540,0,1,0,0,1,0,0,0,1,0
1816,Education; Logistics; Telecom,classroom management; lesson planning; presentation; soil testing; troubleshooting,Indore,0.3684,0,0,1,0,0,0,0,1,0,3
1817,E-commerce; Education; Energy; IT,classroom management; customer support; documentation; maintenance; react,Madurai,0.6421,0,0,0,0,1,0,0,0,1,4
1818,E-commerce; Healthcare; Telecom; Electrical,assessment; cataloging; first aid; lab techniques; power systems; record keeping,Kozhikode,0.3474,0,1,0,0,1,0,0,1,0,2
1819,Manufacturing; Electrical; Software,cad; circuit analysis; operations; presentation,Bhubaneswar,0.1158,0,1,0,1,0,0,0,0,1,0
1820,Energy; Railway; E-commerce; Software,communication; lesson planning; power systems; presentation,Jodhpur,0.4480,1,1,1,0,0,0,0,1,0,2
1821,Software; Electrical; Finance,docker; embedded; oop; pcb design; power systems; time management,Patna,0.2620,0,0,0,0,0,1,0,0,1,1
1822,IT; Telecom; Education; Software,algorithms; api design; communication; data structures; javascript; lesson planning; rf planning,Thiruvananthapuram,0.4840,1,1,0,1,0,0,1,0,0,3
1823,IT; Banking; Energy; Software,audit; customer service; oop; presentation; testing,Bhubaneswar,0.2842,0,0,0,0,0,1,1,0,0,1
1824,Railway; Education; Finance; Telecom,assessment; classroom management; communication; documentation; excel; fiber splicing; safety; teamwork,New Delhi,0.6000,0,0,0,1,0,0,0,1,0,0
1825,Logistics; Healthcare; Energy,documentation; lab safety; operations; procurement; warehouse ops; writing,Mangaluru,0.4560,0,1,0,0,1,0,0,0,1,1
1826,Software; Healthcare; IT; Manufacturing,cad; linux; presentation; python,Indore,0.0660,0,1,0,0,0,1,1,0,0,1
1827,IT; E-commerce; Energy; Banking,accounting; audit; linux; python,Chennai,0.0780,1,1,0,1,0,0,0,1,0,1
1828,E-commerce; Railway; Electrical; Healthcare,assessment; cataloging; customer support; first aid; lesson planning; order management; signal systems; time management,Siliguri,0.3895,0,0,0,1,0,0,0,1,0,1
1829,E-commerce; Automotive; Software; Railway,accounting; algorithms; api design; cataloging; communication; supply chain; time management,Vadodara,0.6400,1,0,0,1,0,0,0,0,1,2
1830,Electrical; Finance; Manufacturing; Software,algorithms; api design; data structures; embedded,Chennai,0.4900,1,0,0,0,1,0,0,1,0,1
1831,Energy; Electrical; Railway,circuit analysis; communication; presentation; soldering; ui principles,Bhubaneswar,0.1579,1,0,0,0,1,0,0,1,0,2
1832,Manufacturing; Healthcare; Education,cad; cam; lab techniques; lean; problem solving; teamwork,Warangal,0.8105,1,1,1,0,0,0,1,0,0,4
1833,E-commerce; Railway; IT,gmp; java; javascript; linux; order management; presentation; qc; testing,Bhubaneswar,0.9579,0,0,0,0,1,0,0,1,0,3
1834,Banking; Healthcare; Electrical; Software,accounting; api design; data structures; lab techniques; patient care,Patna,0.9789,0,0,1,0,0,0,0,0,1,3
1835,IT; Healthcare; Automotive,biostatistics; javascript; ms excel; python,Bhubaneswar,0.0526,0,1,0,0,1,0,1,0,0,0
1836,Manufacturing; Education; Banking; Software,api design; cam; communication; data analysis; data structures; excel; writing,Madurai,0.4120,0,1,0,0,0,1,1,0,0,3
1837,Railway; Education,assessment; communication; content creation; lesson planning; operations; problem solving,Warangal,0.4316,0,1,1,0,0,0,0,0,1,1
1838,Software; Manufacturing; Electrical; Finance,accounting; audit; data structures; embedded; excel; oop; problem solving; writing,Bhubaneswar,0.1789,0,0,0,1,0,0,0,0,1,3
1839,Healthcare; E-commerce; Automotive; Banking,cad; content writing; excel; patient care; supply chain,Coimbatore,0.0500,1,1,1,0,0,0,1,0,0,4
1840,E-commerce; Logistics,adobe xd; customer support; order management; warehouse ops,Thiruvananthapuram,0.4600,1,1,0,0,0,1,0,1,0,1
1841,Automotive; Railway; Education; Healthcare,assessment; biostatistics; documentation; patient care; safety; signal systems,Siliguri,0.6000,1,1,1,0,0,0,0,0,1,1
1842,Education; Energy,assessment; classroom management; documentation; lesson planning; power systems; presentation; teaching,Kanpur,0.3380,1,1,0,0,0,1,0,1,0,3
1843,Electrical; Energy,documentation; embedded; pcb design; power systems; safety; writing,Indore,0.2632,0,1,0,0,1,0,0,0,1,2
1844,Electrical; IT; Software,docker; presentation; sql; teamwork,Mangaluru,0.7474,1,1,0,1,0,0,0,0,1,3
1845,Railway; Software; Banking; Telecom,accounting; algorithms; audit; networking,Gaya,0.8040,1,1,0,0,0,1,0,1,0,3
1846,Healthcare; Manufacturing,biostatistics; cnc; gmp; lean; record keeping; supply chain; teamwork; writing,Gaya,0.9368,1,1,0,0,1,0,0,1,0,0
1847,Finance; Telecom,communication; gst; problem solving; rf planning; troubleshooting,Faridabad,0.7474,1,1,0,0,1,0,0,1,0,3
1848,Electrical; E-commerce,cataloging; communication; embedded; power systems; writing,Surat,0.0737,0,1,0,0,1,0,1,0,0,2
1849,Railway; Finance; Banking,documentation; excel; operations; presentation,Gurugram,0.7820,1,1,0,0,1,0,0,0,1,2
1850,Healthcare; IT; Automotive,communication; first aid; record keeping; testing; ui principles,Hyderabad,0.7895,1,0,0,0,0,1,1,0,0,2
1851,Railway; Education; Electrical; Automotive,cad; content creation; pcb design; pharmacology; qc; signal systems; teaching,Gwalior,0.1280,1,0,1,0,0,0,0,0,1,1
1852,Logistics; Telecom,problem solving; routing; teamwork; warehouse ops,Ahmedabad,0.2000,0,0,0,1,0,0,1,0,0,0
1853,Finance; Automotive; Software,audit; communication; excel; time management; vehicle diagnostics,Jodhpur,0.8840,1,1,0,1,0,0,1,0,0,1
1854,Electrical; Railway; Telecom,data analysis; fiber splicing; maintenance; networking; operations; presentation; safety; time management,Mumbai,0.6100,0,0,0,1,0,0,1,0,0,1
1855,Logistics; Electrical; Railway,drafting; inventory; legal research; safety; time management,Udaipur,0.0540,0,1,0,0,0,1,0,0,1,2
1856,Healthcare; Electrical; Energy; Software,biostatistics; circuit analysis; design basics; first aid; maintenance; research; time management,Lucknow,0.1280,0,0,0,0,0,1,0,0,1,2
1857,Energy; Telecom; Automotive; Electrical,assembly; soil testing; soldering; supply chain; teamwork; time management,Kochi,0.3060,0,0,0,0,1,0,0,1,0,3
1858,Education; E-commerce; IT,cataloging; javascript; linux; marketplace ops; pharmacology; qc; sql; teaching,Cuttack,0.8500,0,1,1,0,0,0,1,0,0,0
1859,Logistics; Electrical; Finance,data analysis; embedded; lab techniques; teamwork; warehouse ops,Warangal,0.8560,1,1,1,0,0,0,0,1,0,3
1860,Automotive; Software; Banking,assembly; cad; docker; lab safety; presentation; time management,Noida,0.8947,0,0,0,0,1,0,0,1,0,2
1861,Healthcare; Railway; Banking; Automotive,accounting; financial modeling; ms excel; record keeping; signal systems; supply chain; teamwork; writing,Siliguri,0.1368,0,0,0,0,1,0,0,1,0,3
1862,IT; Railway,communication; content writing; html; java; operations; research,Kanpur,0.4040,0,1,0,1,0,0,1,0,0,4
1863,Railway; Manufacturing,adobe xd; maintenance; supply chain; writing,Mangaluru,0.5560,1,1,0,0,1,0,0,1,0,1
1864,Energy; Finance; Electrical; Banking,communication; data analysis; pcb design; presentation; soldering; teamwork,Bhubaneswar,0.0760,0,0,1,0,0,0,1,0,0,1
1865,Energy; Banking; Automotive; Logistics,communication; documentation; excel; power systems; presentation; quality checks; supply chain,Gaya,0.9200,0,1,0,1,0,0,0,0,1,3
1866,Education; Finance; Automotive; IT,cad; content creation; financial modeling; supply chain,Ludhiana,0.0160,0,1,0,0,1,0,0,1,0,3
1867,Manufacturing; Logistics; Finance; Banking,audit; cad; communication; problem solving; procurement; quality control; routing; tally,Ahmedabad,0.0100,1,0,1,0,0,0,0,1,0,3
1868,Electrical; Education; Software,data analysis; lab techniques; lesson planning; oop,Surat,0.1579,0,1,0,0,0,1,0,0,1,3
1869,Energy; Banking; Electrical,communication; soil testing; soldering; supply chain,New Delhi,0.7120,1,1,0,0,0,1,1,0,0,3
1870,Energy; Manufacturing; Banking; Finance,cad; communication; customer service; gst; problem solving; tally,Ahmedabad,0.2000,0,1,0,0,1,0,0,0,1,1
1871,Telecom; Education; Railway; Logistics,maintenance; reporting; rf planning; routing; warehouse ops,Faridabad,0.5240,1,1,0,0,0,1,0,1,0,1
1872,IT; Electrical,git; html; linux; ms excel; python; react; reporting; writing,Ludhiana,0.9220,0,1,0,1,0,0,0,0,1,3
1873,Energy; Healthcare; Software; Finance,communication; data structures; documentation; gst; problem solving; record keeping; safety; supply chain,Noida,0.0500,0,0,0,0,1,0,0,1,0,1
1874,Finance; Education; Banking; Healthcare,financial modeling; lab techniques; presentation; record keeping; soil testing,Gaya,0.6632,0,0,0,1,0,0,0,1,0,4
1875,Automotive; Railway; Energy; Education,assessment; basic life support; cad; classroom management; lesson planning; maintenance; power systems; problem solving,Kochi,0.2180,1,1,0,0,0,1,1,0,0,3
1876,Manufacturing; Automotive; E-commerce; Finance,communication; excel; gmp; vehicle diagnostics,Bhubaneswar,0.1640,0,1,0,0,1,0,0,1,0,0
1877,Manufacturing; IT; E-commerce,cad; css; presentation; python; teamwork; testing,Bhubaneswar,0.9160,0,0,0,0,0,1,0,0,1,3
1878,Manufacturing; Banking; Automotive; E-commerce,accounting; cad; lean; order management; presentation; writing,Bengaluru,0.0947,1,0,0,0,0,1,0,1,0,1
1879,Logistics; E-commerce,procurement; project management; teamwork; warehouse ops,Bengaluru,0.8316,0,1,0,0,0,1,0,1,0,3
1880,Healthcare; Energy,basic life support; communication; power systems; record keeping; safety,Ahmedabad,0.8526,1,0,1,0,0,0,1,0,0,1
1881,Energy; Manufacturing; Railway,cnc; documentation; quality control; six sigma; supply chain,Chennai,0.5100,0,0,0,0,0,1,0,0,1,1
1882,Manufacturing; Automotive; Finance,assembly; cam; cnc; financial modeling,Chandigarh,0.5579,1,0,1,0,0,0,0,0,1,3
1883,Automotive; IT,assembly; communication; git; presentation; sql; teamwork,Faridabad,0.1579,1,1,0,0,1,0,0,0,1,3
1884,Education; Automotive,presentation; problem solving; quality checks; statistics; teaching; vehicle diagnostics,Bengaluru,0.2360,0,1,0,0,1,0,0,1,0,3
1885,Logistics; IT; Education,case analysis; css; drafting; java; ms excel; procurement; sql,Kochi,0.2000,0,0,0,0,0,1,1,0,0,3
1886,Manufacturing; Telecom; Electrical,design basics; embedded; fiber splicing; power systems; rf planning; writing,Kolkata,0.9380,0,1,0,1,0,0,0,1,0,1
1887,IT; E-commerce; Automotive; Finance,assembly; customer support; field work; quality checks; react,Surat,0.8200,1,1,0,0,0,1,0,1,0,3
1888,Finance; Healthcare,communication; presentation; problem solving; teamwork; time management,Hyderabad,0.7895,0,1,0,1,0,0,0,0,1,1
1889,IT; Telecom; Software; Electrical,circuit analysis; communication; field work; networking; presentation; soil testing,Jaipur,0.7860,0,0,0,1,0,0,0,0,1,1
1890,Software; Education; Finance,assessment; communication; docker; excel; gst; lesson planning; oop; tally,Lucknow,0.4526,0,1,0,0,0,1,0,0,1,1
1891,Healthcare; Education; Logistics,assessment; autocad; communication; lab techniques; procurement; project management; teamwork; time management,Siliguri,0.7420,0,1,0,0,1,0,0,0,1,1
1892,Telecom; Software; Railway; E-commerce,docker; oop; operations; pharmacology; signal systems,Kolkata,0.3684,0,1,0,0,0,1,0,1,0,2
1893,IT; Education; Software; Logistics,communication; data structures; docker; git; linux,Chennai,0.7920,0,1,0,1,0,0,1,0,0,0
1894,Logistics; E-commerce; Automotive,documentation; ms excel; procurement; time management; warehouse ops,Indore,0.7520,0,0,0,0,1,0,0,1,0,1
1895,IT; Software; Railway; E-commerce,cataloging; communication; git; lab safety; maintenance; python; teamwork; testing,New Delhi,0.3320,0,1,1,0,0,0,0,1,0,1
1896,IT; Energy,communication; java; javascript; safety,Faridabad,0.6040,1,1,0,0,1,0,0,0,1,1
1897,Energy; Telecom,adobe xd; communication; maintenance; teamwork,Bhopal,0.3640,0,1,0,0,1,0,0,1,0,3
1898,Banking; Software; Healthcare; Manufacturing,api design; audit; cnc; problem solving; supply chain,Pune,0.0947,0,1,0,0,0,1,0,1,0,1
1899,Logistics; Manufacturing,communication; lean; operations; procurement; routing; teamwork; warehouse ops; writing,Surat,0.6960,1,1,0,0,0,1,0,0,1,2
1900,Banking; Healthcare; Education; Finance,accounting; content creation; lesson planning; patient care; presentation; problem solving; teaching; time management,Cuttack,0.0240,0,1,0,0,1,0,0,0,1,3
1901,Railway; Automotive; Banking; Telecom,content writing; presentation; rf planning; teamwork,Jodhpur,0.5158,0,0,1,0,0,0,1,0,0,1
1902,Healthcare; Banking; Software,audit; biostatistics; excel; record keeping,Pune,0.8060,0,0,0,1,0,0,0,1,0,1
1903,Railway; Electrical; Logistics,circuit analysis; documentation; inventory; operations; pcb design; soldering,Hyderabad,0.7540,0,1,0,0,0,1,0,0,1,0
1904,Automotive; Electrical; Software; Railway,api design; autocad; circuit analysis; embedded; oop; power systems; supply chain,Indore,0.6620,0,1,1,0,0,0,0,0,1,1
1905,Manufacturing; Banking; Telecom,communication; lean; networking; supply chain,Ludhiana,0.7700,0,1,0,0,1,0,1,0,0,2
1906,Software; Education; Electrical,algorithms; api design; circuit analysis; problem solving,Jodhpur,0.5158,0,0,0,0,0,1,0,1,0,1
1907,Education; Logistics,communication; ms excel; teaching; warehouse ops,Mysuru,0.4560,0,0,0,1,0,0,0,0,1,1
1908,Education; Software; Energy,assessment; communication; documentation; maintenance; qc; safety; teamwork; time management,Gwalior,0.5780,0,0,0,0,0,1,1,0,0,1
1909,Healthcare; Software; Automotive,api design; communication; supply chain; teamwork; writing,Pune,0.9180,0,1,0,0,1,0,1,0,0,3
1910,Education; Logistics; Healthcare,biostatistics; communication; content creation; drafting; lab techniques; legal research; patient care,Lucknow,0.1158,0,0,0,0,1,0,0,1,0,2
1911,Logistics; Railway; Software; Telecom,ms excel; networking; oop; operations; presentation; procurement; troubleshooting,Patna,0.8180,1,1,0,0,0,1,0,1,0,3
1912,Education; Banking; Telecom,assessment; lesson planning; operations; rf planning; writing,Indore,0.2000,0,0,1,0,0,0,0,1,0,3
1913,Logistics; Banking,accounting; audit; communication; inventory; ms excel; procurement; teamwork; time management,Indore,0.3140,0,1,0,0,1,0,0,1,0,1
1914,Manufacturing; Healthcare,first aid; lean; presentation; record keeping,Indore,0.9789,1,0,1,0,0,0,0,0,1,2
1915,Manufacturing; Automotive; Logistics,cnc; inventory; quality control; supply chain; writing,Cuttack,0.3053,0,1,0,0,0,1,1,0,0,4
1916,Education; IT; Railway; Banking,documentation; financial modeling; git; javascript; linux; react; teaching; time management,Coimbatore,0.4316,1,0,0,1,0,0,0,1,0,1
1917,Automotive; Healthcare,ms excel; operations; teamwork; writing,Gaya,1.0000,0,1,0,1,0,0,0,0,1,2
1918,Education; Electrical,communication; content creation; embedded; pcb design; power systems; soil testing,Kolkata,0.4980,0,0,1,0,0,0,0,0,1,3
1919,Automotive; Energy; Railway,communication; operations; power systems; quality checks; writing,Gwalior,0.6920,1,0,0,1,0,0,0,0,1,1
1920,Logistics; Telecom,communication; fiber splicing; networking; operations; procurement; reporting; time management; troubleshooting,Coimbatore,0.0040,0,1,0,0,0,1,1,0,0,3
1921,Automotive; Software; Electrical; Banking,algorithms; assembly; communication; data structures; problem solving; supply chain; vehicle diagnostics,Ahmedabad,0.0880,0,1,0,0,1,0,0,1,0,2
1922,Telecom; Railway; Manufacturing; Automotive,fiber splicing; presentation; rf planning; time management; writing,Gaya,0.3263,0,0,0,0,1,0,0,0,1,1
1923,Telecom; Banking; Education; Finance,content creation; lesson planning; networking; rf planning; time management; writing,Cuttack,0.4316,0,1,0,0,0,1,0,1,0,3
1924,Finance; Telecom; Education; Railway,audit; fiber splicing; gst; lesson planning; rf planning; signal systems; writing,Ludhiana,0.7684,0,1,0,1,0,0,0,0,1,1
1925,Healthcare; Software; Education,api design; classroom management; docker; problem solving; teaching; teamwork,Ahmedabad,0.7053,1,1,0,1,0,0,0,1,0,3
1926,Healthcare; Energy; E-commerce,biostatistics; cataloging; communication; ms excel,Lucknow,0.9579,0,1,0,1,0,0,0,1,0,2
1927,Education; Banking,assessment; customer service; excel; presentation,Bhubaneswar,0.4316,1,0,0,0,0,1,0,1,0,3
1928,Automotive; Banking,cad; quality checks; vehicle diagnostics; writing,Kochi,0.3080,0,0,0,0,0,1,1,0,0,3
1929,E-commerce; Manufacturing; Electrical,power systems; problem solving; six sigma; time management,Vadodara,0.9579,0,0,1,0,0,0,0,1,0,1
1930,Healthcare; Banking,biostatistics; customer service; first aid; lab techniques; patient care; presentation; time management; writing,Chandigarh,0.2632,0,1,0,0,1,0,0,1,0,1
1931,Logistics; Finance; Electrical,accounting; embedded; gst; tally,Gaya,0.2520,1,0,0,1,0,0,0,0,1,3
1932,Finance; Manufacturing,adobe xd; cnc; communication; problem solving; quality control; supply chain; tally,Siliguri,0.7895,1,1,1,0,0,0,0,0,1,2
1933,Telecom; Education,classroom management; fiber splicing; networking; teamwork,Mangaluru,0.7100,1,0,0,0,1,0,1,0,0,1
1934,Software; IT,design basics; docker; html; javascript; oop,Chennai,0.1789,0,0,1,0,0,0,0,1,0,1
1935,Education; Software; Banking; E-commerce,assessment; content creation; docker; problem solving; teamwork; ui principles,Mangaluru,0.4105,0,1,0,1,0,0,0,1,0,3
1936,Finance; E-commerce,cataloging; communication; order management; problem solving; supply chain; tally; teamwork; writing,Chandigarh,0.6632,0,1,0,1,0,0,0,1,0,3
1937,E-commerce; Railway,customer support; maintenance; order management; signal systems; teamwork; time management; writing,Jaipur,0.5789,0,0,0,1,0,0,0,1,0,1
1938,Electrical; Railway; Energy,communication; safety; signal systems; teamwork; ui principles; writing,Faridabad,0.4140,0,1,0,0,1,0,0,0,1,1
1939,Manufacturing; Logistics; E-commerce,cad; cam; cataloging; time management; warehouse ops,Chennai,0.1540,1,0,0,1,0,0,1,0,0,0
1940,Banking; E-commerce; Software,algorithms; audit; cataloging; customer service; docker; field work; order management; writing,Jodhpur,0.0800,0,0,0,0,1,0,0,0,1,3
1941,Manufacturing; Telecom; Energy,cad; documentation; figma; problem solving; six sigma; teamwork,Gwalior,0.3140,0,0,1,0,0,0,0,1,0,3
1942,Education; Healthcare; Telecom,biostatistics; content creation; documentation; fiber splicing; first aid; presentation; writing,Faridabad,0.3895,0,1,0,0,1,0,0,0,1,1
1943,Energy; Telecom; IT,communication; html; lesson planning; operations; rf planning,Hyderabad,0.4737,0,1,0,1,0,0,0,0,1,3
1944,Logistics; Automotive; Software; E-commerce,cataloging; problem solving; qc; quality checks; routing,Vadodara,0.5158,1,1,0,0,0,1,0,1,0,4
1945,Finance; Banking; Education,accounting; communication; content creation; customer service; teamwork,Coimbatore,0.1460,0,0,0,0,1,0,0,0,1,3
1946,Finance; Manufacturing,accounting; cam; drafting; financial modeling; gst; legal research; teamwork,Chandigarh,0.2720,0,1,0,0,0,1,0,0,1,3
1947,E-commerce; Banking,audit; cataloging; marketplace ops; presentation,Coimbatore,0.8960,1,1,1,0,0,0,0,1,0,2
1948,Electrical; Railway; IT; Software,algorithms; git; operations; power systems; problem solving; safety,Siliguri,0.1560,0,1,0,0,1,0,0,0,1,1
1949,Telecom; Finance; Logistics; Education,content creation; financial modeling; networking; teaching; time management,Bengaluru,0.8780,0,1,0,1,0,0,0,1,0,1
1950,Electrical; Finance,case analysis; drafting; legal research; presentation; teamwork,Bhubaneswar,0.0900,0,1,0,1,0,0,0,0,1,3
1951,Banking; Software; Manufacturing,algorithms; design basics; oop; presentation,Mysuru,0.9820,0,1,0,1,0,0,0,1,0,1
1952,Railway; Energy; Automotive,cad; design basics; maintenance; operations; presentation; writing,Udaipur,0.6842,1,1,1,0,0,0,1,0,0,2
1953,Railway; E-commerce; Energy; Electrical,maintenance; operations; pcb design; signal systems; soldering; time management,Faridabad,0.2920,0,1,0,0,0,1,0,0,1,3
1954,Telecom; Railway; Software; E-commerce,documentation; ms excel; order management; signal systems,Pune,0.5789,1,0,0,0,0,1,1,0,0,3
1955,Telecom; E-commerce; Finance; Healthcare,accounting; biostatistics; customer support; excel; presentation; record keeping; writing,Bhubaneswar,0.2080,1,0,1,0,0,0,0,1,0,1
1956,Healthcare; IT; Telecom,biostatistics; css; java; presentation; troubleshooting,Chennai,0.5158,0,0,1,0,0,0,0,0,1,0
1957,Banking; Education; E-commerce,accounting; audit; classroom management; customer support; lesson planning; order management; problem solving; time management,Bengaluru,0.2632,0,1,1,0,0,0,0,1,0,1
1958,Logistics; Manufacturing; Railway; Automotive,adobe xd; assembly; cnc; inventory; time management,Noida,0.3780,0,1,0,0,1,0,1,0,0,3
1959,Manufacturing; Logistics; Education,cam; classroom management; communication; data analysis; lab techniques; procurement; teamwork; writing,Kolkata,0.7420,0,1,0,0,1,0,0,1,0,1
1960,Telecom; Finance,communication; gst; ms excel; problem solving; reporting; teamwork; writing,Chandigarh,0.6842,1,0,0,0,1,0,0,0,1,2
1961,Telecom; E-commerce,cataloging; customer support; order management; problem solving; soil testing; supply chain; teamwork,Bhopal,0.4720,0,1,1,0,0,0,0,0,1,2
1962,E-commerce; Railway; Electrical; Automotive,embedded; maintenance; power systems; vehicle diagnostics; writing,Patna,0.8947,0,0,0,0,1,0,1,0,0,0
1963,Telecom; Railway; Manufacturing,fiber splicing; maintenance; networking; operations; rf planning; time management,New Delhi,0.1140,0,1,1,0,0,0,1,0,0,3
1964,Finance; Energy; Healthcare,communication; documentation; first aid; lab techniques; operations; patient care; power systems; tally,Surat,0.2680,1,1,0,0,0,1,1,0,0,3
1965,Automotive; Manufacturing; Railway,assessment; lesson planning; quality checks; time management; writing,Faridabad,0.5440,1,1,0,0,1,0,0,1,0,1
1966,Software; Manufacturing; IT; Healthcare,biostatistics; javascript; quality control; six sigma,Warangal,0.1460,0,1,0,0,0,1,0,1,0,4
1967,Healthcare; IT; Finance,biostatistics; git; html; java; javascript; teaching,Ludhiana,0.2480,0,0,0,0,0,1,0,1,0,1
1968,Software; Railway; IT,html; javascript; maintenance; problem solving; safety; signal systems; sql; time management,Thiruvananthapuram,0.5368,0,0,0,0,0,1,0,1,0,1
1969,Automotive; Education,assessment; communication; content creation; lesson planning; quality checks; teamwork; vehicle diagnostics; writing,Nagpur,0.6632,1,1,0,0,0,1,0,0,1,3
1970,Automotive; Software,api design; communication; ms excel; problem solving; reporting; supply chain; teamwork,Siliguri,0.4860,0,0,0,1,0,0,1,0,0,1
1971,Electrical; E-commerce,cataloging; customer support; drafting; embedded; pcb design; problem solving; soldering,Noida,0.5700,0,1,0,0,1,0,0,0,1,0
1972,Finance; Healthcare,audit; excel; first aid; gmp; lab techniques; pharmacology,Gurugram,0.6211,0,1,0,0,1,0,1,0,0,3
1973,Electrical; Healthcare,biostatistics; circuit analysis; communication; patient care; soldering; teamwork; time management,Coimbatore,0.5080,0,1,1,0,0,0,0,0,1,0
1974,Healthcare; Software; Automotive,biostatistics; cad; first aid; record keeping; teamwork; writing,Chandigarh,0.6080,0,0,1,0,0,0,0,1,0,1
1975,Healthcare; Telecom; Electrical; Banking,excel; fiber splicing; financial modeling; market research; rf planning; soldering; troubleshooting,Lucknow,0.5940,0,0,0,0,1,0,1,0,0,2
1976,Energy; Automotive,cad; communication; presentation; time management,Mysuru,1.0000,1,0,0,1,0,0,0,0,1,0
1977,Healthcare; E-commerce; Telecom; Electrical,cataloging; circuit analysis; first aid; marketplace ops; power systems; time management,Hyderabad,0.5579,0,0,1,0,0,0,0,0,1,3
1978,Manufacturing; Telecom; Railway,cam; cnc; maintenance; networking; operations; quality control; statistics; teamwork,Vadodara,0.9579,1,0,1,0,0,0,0,1,0,1
1979,Railway; Logistics,maintenance; operations; statistics; time management,Cuttack,0.9579,1,0,0,1,0,0,1,0,0,3
1980,IT; Logistics; Telecom; Energy,css; fiber splicing; javascript; power systems; problem solving; time management,Surat,0.2740,0,1,0,0,1,0,0,0,1,2
1981,E-commerce; Healthcare,accounting; biostatistics; first aid; market research; patient care; record keeping; time management,Coimbatore,0.4316,1,1,0,0,1,0,1,0,0,1
1982,Banking; Logistics; Energy,accounting; audit; financial modeling; ms excel; power systems,Gwalior,0.9940,1,1,1,0,0,0,1,0,0,1
1983,Energy; Healthcare; Finance,accounting; audit; data analysis; excel; first aid; gst; operations,Pune,0.3440,1,0,0,0,1,0,0,1,0,1
1984,Banking; Logistics; Telecom,lab techniques; networking; presentation; problem solving; troubleshooting; writing,Thiruvananthapuram,0.4900,0,0,0,0,0,1,0,1,0,1
1985,Electrical; Railway,circuit analysis; documentation; pcb design; power systems; presentation; project management; soldering; writing,New Delhi,0.3020,1,1,1,0,0,0,0,0,1,4
1986,Software; Banking,api design; customer service; excel; field work; oop; writing,Kolkata,0.2842,0,0,0,1,0,0,1,0,0,0
1987,Software; IT; Education,assessment; classroom management; communication; content writing; react,Faridabad,0.4316,0,1,0,1,0,0,0,0,1,3
1988,Electrical; Manufacturing; Finance; Software,communication; data structures; docker; ms excel; quality control; time management,Nagpur,0.6200,1,1,1,0,0,0,0,0,1,1
1989,Electrical; Healthcare; Finance; Energy,biostatistics; first aid; gst; lab techniques; presentation; soldering; tally; time management,Gaya,0.4947,0,1,0,1,0,0,0,1,0,1
1990,Banking; Education,communication; content creation; excel; financial modeling; lesson planning; presentation; teaching,Ludhiana,0.1100,0,0,0,0,1,0,0,1,0,1
1991,Manufacturing; Automotive; Logistics,cam; presentation; six sigma; supply chain; teamwork,New Delhi,0.1579,1,1,0,0,1,0,1,0,0,0
1992,Software; Healthcare; Electrical,biostatistics; power systems; problem solving; record keeping; soldering; writing,Chennai,0.7800,0,0,0,0,0,1,0,0,1,4
1993,Energy; Railway; Education,classroom management; content creation; lesson planning; power systems; presentation; safety; teaching,Noida,0.8440,0,1,1,0,0,0,0,0,1,3
1994,Manufacturing; E-commerce; Energy,cad; cam; presentation; six sigma,Kolkata,0.1158,0,1,0,0,0,1,0,0,1,1
1995,Energy; Manufacturing; Telecom,cam; operations; rf planning; teamwork,Vadodara,0.2000,0,0,0,0,1,0,1,0,0,3
1996,Education; Software; Automotive; Healthcare,accounting; data structures; first aid; market research; oop; record keeping; teamwork,Jaipur,0.7100,0,1,1,0,0,0,0,1,0,1
1997,Automotive; Healthcare; Logistics; Railway,biostatistics; cad; quality checks; record keeping; safety; supply chain; teamwork; writing,Coimbatore,0.1158,1,0,0,1,0,0,0,0,1,1
1998,Electrical; Education,circuit analysis; classroom management; drafting; legal research; lesson planning; problem solving,Thiruvananthapuram,0.3000,0,0,0,1,0,0,0,1,0,0
1999,Manufacturing; Banking; Logistics; Telecom,financial modeling; procurement; routing; teaching,New Delhi,0.2740,0,0,1,0,0,0,0,0,1,3
2000,Automotive; Energy,accounting; operations; presentation; quality checks; supply chain; writing,Vadodara,0.8520,0,1,0,0,0,1,0,0,1,2
